00020097
08808093
00000013
00000013
00000013
00000013
00000013
00000013
000080e7
00000013
00000013
00000013
00000013
00000013
00000013
00000013
00000000
00000000
00000000
00000000
00000000
00000000
00000000
00000000
00000000
00000000
00000000
00000000
00000000
00000000
00000000
00000000
00000000
00000000
00000000
00000000
00000000
00000000
00000000
00000000
00000000
00000000
00000000
00000000
00000000
00000000
00000000
00000000
00000000
00000000
00000000
00000000
00000000
00000000
00000000
00000000
00000000
00000000
00000000
00000000
00000000
00000000
00000000
00000000
0001a003
00418193
4ae04593
00012203
00b20863
5c5032ef
00004108
0000c970
00410113
0001a083
00418193
3450cf13
00012203
01e20863
5a1032ef
0000412c
0000c99e
00410113
00010a13
0001a103
00418193
72214913
000a2203
01220863
579032ef
00004154
0000c9cc
004a0a13
00018b13
000b2183
004b0b13
8b01c913
000a2203
01220863
551032ef
0000417c
0000c9fa
004a0a13
00020613
00028693
000b2203
004b0b13
d9a24d13
000a2603
01a60863
565036ef
000041a8
0000ca28
004a0a13
000b2283
004b0b13
c852c113
000a2603
00260863
541036ef
000041cc
0000ca56
004a0a13
000b2303
004b0b13
8ad34713
000a2603
00e60863
51d036ef
000041f0
0000ca84
004a0a13
000b2383
004b0b13
d3b3c593
000a2603
00b60863
4f9036ef
00004214
0000cab2
004a0a13
000b2403
004b0b13
a8344d13
000a2603
01a60863
4d5036ef
00004238
0000cae0
004a0a13
000b2483
004b0b13
2854c913
000a2603
01260863
4b1036ef
0000425c
0000cb0e
004a0a13
000b2503
004b0b13
8bf54893
000a2603
01160863
48d036ef
00004280
0000cb3d
004a0a13
000b2583
004b0b13
e3c5cc93
000a2603
01960863
469036ef
000042a4
0000cb6d
004a0a13
00060213
00068293
000b2603
004b0b13
03764e13
000a2203
01c20863
3fd032ef
000042d0
0000cb9d
004a0a13
000b2683
004b0b13
c136ca93
000a2203
01520863
3d9032ef
000042f4
0000cbcd
004a0a13
000b2703
004b0b13
d1e74f13
000a2203
01e20863
3b5032ef
00004318
0000cbfd
004a0a13
000b2783
004b0b13
5647cd93
000a2203
01b20863
391032ef
0000433c
0000cc2d
004a0a13
000b2803
004b0b13
2be84093
000a2203
00120863
36d032ef
00004360
0000cc5d
004a0a13
000b2883
004b0b13
9868c713
000a2203
00e20863
349032ef
00004384
0000cc8d
004a0a13
000b2903
004b0b13
d0294f13
000a2203
01e20863
325032ef
000043a8
0000ccbd
004a0a13
000b2983
004b0b13
a5d9c113
000a2203
00220863
301032ef
000043cc
0000cced
004a0a13
000a0d93
000b2a03
004b0b13
0a4a4693
000da203
00d20863
2d9032ef
000043f4
0000cd1d
004d8d93
000b2a83
004b0b13
b98acd13
000da203
01a20863
2b5032ef
00004418
0000cd4d
004d8d93
000b0f93
000fab03
004f8f93
6abb4693
000da203
00d20863
28d032ef
00004440
0000cd7d
004d8d93
000fab83
004f8f93
040bca93
000da203
01520863
269032ef
00004464
0000cdad
004d8d93
000fac03
004f8f93
81cc4b93
000da203
01720863
245032ef
00004488
0000cddd
004d8d93
000fac83
004f8f93
477ccf13
000da203
01e20863
221032ef
000044ac
0000ce0d
004d8d93
000fad03
004f8f93
0ecd4e93
000da203
01d20863
1fd032ef
000044d0
0000ce3d
004d8d93
000d8813
000fad83
004f8f93
c52dcc13
00082203
01820863
1d5032ef
000044f8
0000ce6d
00480813
000fae03
004f8f93
2a8e4793
00082203
00f20863
1b1032ef
0000451c
0000ce9d
00480813
000fae83
004f8f93
1e8ec593
00082203
00b20863
18d032ef
00004540
0000cecd
00480813
000faf03
004f8f93
130f4313
00082203
00620863
169032ef
00004564
0000cefd
00480813
000f8c93
000caf83
004c8c93
d9efc193
00082203
00320863
141032ef
0000458c
0000cf2d
00480813
000ca083
004c8c93
9810c013
00082203
00020863
11d032ef
000045b0
0000cf5d
00480813
000ca603
004c8c93
3bb64093
00082203
00120863
0f9032ef
000045d4
0000cf8b
00480813
000cae03
004c8c93
c54e4113
00082203
00220863
0d5032ef
000045f8
0000cfb9
00480813
000ca503
004c8c93
60154193
00082203
00320863
0b1032ef
0000461c
0000cfe7
00480813
00020613
00028693
000cad83
004c8c93
f67dc213
00082603
00460863
0c5036ef
00004648
0000d015
00480813
000caa03
004c8c93
19ea4293
00082603
00560863
0a1036ef
0000466c
0000d043
00480813
000cab83
004c8c93
a50bc313
00082603
00660863
07d036ef
00004690
0000d071
00480813
000ca583
004c8c93
e2d5c393
00082603
00760863
059036ef
000046b4
0000d09f
00480813
000caf03
004c8c93
80bf4413
00082603
00860863
035036ef
000046d8
0000d0cd
00480813
000ca303
004c8c93
c2534493
00082603
00960863
011036ef
000046fc
0000d0fb
00480813
000ca703
004c8c93
b0174513
00082603
00a60863
7ec036ef
00004720
0000d129
00480813
000cad03
004c8c93
356d4593
00082603
00b60863
7c8036ef
00004744
0000d158
00480813
00060213
00068293
000cae83
004c8c93
626ec613
00082203
00c20863
75c032ef
00004770
0000d187
00480813
000ca483
004c8c93
5104c693
00082203
00d20863
738032ef
00004794
0000d1b6
00480813
000cae03
004c8c93
74de4713
00082203
00e20863
714032ef
000047b8
0000d1e5
00480813
000cae83
004c8c93
0eaec793
00082203
00f20863
6f0032ef
000047dc
0000d214
00480813
00080a93
000ca883
004c8c93
dc38c813
000aa203
01020863
6c8032ef
00004804
0000d243
004a8a93
000cad83
004c8c93
102dc893
000aa203
01120863
6a4032ef
00004828
0000d272
004a8a93
000caf03
004c8c93
600f4913
000aa203
01220863
680032ef
0000484c
0000d2a1
004a8a93
000ca003
004c8c93
2df04993
000aa203
01320863
65c032ef
00004870
0000d2d0
004a8a93
000ca603
004c8c93
12364a13
000aa203
01420863
638032ef
00004894
0000d2ff
004a8a93
000a8f93
000ca303
004c8c93
b3c34a93
000fa203
01520863
610032ef
000048bc
0000d32e
004f8f93
000ca083
004c8c93
ed30cb13
000fa203
01620863
5ec032ef
000048e0
0000d35d
004f8f93
000ca183
004c8c93
8801cb93
000fa203
01720863
5c8032ef
00004904
0000d38c
004f8f93
000caa03
004c8c93
a08a4c13
000fa203
01820863
5a4032ef
00004928
0000d3bb
004f8f93
000c8993
0009a103
00498993
41914c93
000fa203
01920863
57c032ef
00004950
0000d3ea
004f8f93
0009a403
00498993
9a244d13
000fa203
01a20863
558032ef
00004974
0000d419
004f8f93
0009a703
00498993
1d574d93
000fa203
01b20863
534032ef
00004998
0000d448
004f8f93
0009a103
00498993
70a14e13
000fa203
01c20863
510032ef
000049bc
0000d477
004f8f93
0009a783
00498993
0507ce93
000fa203
01d20863
4ec032ef
000049e0
0000d4a6
004f8f93
0009a103
00498993
58914f13
000fa203
01e20863
4c8032ef
00004a04
0000d4d5
004f8f93
000f8b93
0009a483
00498993
b984cf93
000ba203
01f20863
4a0032ef
00004a2c
0000d504
004b8b93
0009a503
00498993
65f54a93
000ba203
01520863
47c032ef
00004a50
0000d533
004b8b93
0009aa83
00498993
186ac493
000ba203
00920863
458032ef
00004a74
0000d569
004b8b93
0009a383
00498993
17e3ce13
000ba203
01c20863
434032ef
00004a98
0000d59f
004b8b93
0009a903
00498993
68794f13
000ba203
01e20863
410032ef
00004abc
0000d5d5
004b8b93
0009a803
00498993
68a84a13
000ba203
01420863
3ec032ef
00004ae0
0000d612
004b8b93
0009a783
00498993
c027cb13
000ba203
01620863
3c8032ef
00004b04
0000d64f
004b8b93
0009a903
00498993
d2194093
000ba203
00120863
3a4032ef
00004b28
0000d68c
004b8b93
0009aa83
00498993
7b8ac693
000ba203
00d20863
380032ef
00004b4c
0000d6c9
004b8b93
0009a883
00498993
5ce8c713
000ba203
00e20863
35c032ef
00004b70
0000d706
004b8b93
0009af03
00498993
c78f4093
000ba203
00120863
338032ef
00004b94
0000d743
004b8b93
0009ae03
00498993
adae4793
000ba203
00f20863
314032ef
00004bb8
0000d780
004b8b93
0009ad83
00498993
952dcb13
000ba203
01620863
2f0032ef
00004bdc
0000d7bd
004b8b93
0009aa83
00498993
000ac713
000ba203
00e20863
2cc032ef
00004c00
0000d7fa
004b8b93
0009a903
00498993
00194e93
000ba203
01d20863
2a8032ef
00004c24
0000d847
004b8b93
0009ad03
00498993
002d4c93
000ba203
01920863
284032ef
00004c48
0000d894
004b8b93
0009aa83
00498993
003acc93
000ba203
01920863
260032ef
00004c6c
0000d8e1
004b8b93
0009ae03
00498993
004e4793
000ba203
00f20863
23c032ef
00004c90
0000d92e
004b8b93
0009ab03
00498993
008b4c93
000ba203
01920863
218032ef
00004cb4
0000d97b
004b8b93
0009ae03
00498993
010e4193
000ba203
00320863
1f4032ef
00004cd8
0000d9c8
004b8b93
0009a803
00498993
02084113
000ba203
00220863
1d0032ef
00004cfc
0000da16
004b8b93
0009a783
00498993
0407c713
000ba203
00e20863
1ac032ef
00004d20
0000da64
004b8b93
0009af03
00498993
080f4a13
000ba203
01420863
188032ef
00004d44
0000dab2
004b8b93
0009ae83
00498993
100ec513
000ba203
00a20863
164032ef
00004d68
0000db00
004b8b93
0009ab03
00498993
200b4c13
000ba203
01820863
140032ef
00004d8c
0000db4f
004b8b93
0009a683
00498993
3ff6c513
000ba203
00a20863
11c032ef
00004db0
0000db9e
004b8b93
0009a603
00498993
40064d13
000ba203
01a20863
0f8032ef
00004dd4
0000dbed
004b8b93
0009a903
00498993
70394593
000ba203
00b20863
0d4032ef
00004df8
0000dc3c
004b8b93
0009aa03
00498993
7ffa4913
000ba203
01220863
0b0032ef
00004e1c
0000dc8b
004b8b93
0009ad83
00498993
800dc513
000ba203
00a20863
08c032ef
00004e40
0000dcda
004b8b93
0009af83
00498993
801fca13
000ba203
01420863
068032ef
00004e64
0000dd2a
004b8b93
0009a483
00498993
ffe4ca13
000ba203
01420863
044032ef
00004e88
0000dd7a
004b8b93
0009ad83
00498993
fffdc913
000ba203
01220863
020032ef
00004eac
0000ddc8
004b8b93
0009ac83
00498993
000cc493
000ba203
00920863
7fd022ef
00004ed0
0000de16
004b8b93
0009af03
00498993
001f4a93
000ba203
01520863
7d9022ef
00004ef4
0000de63
004b8b93
0009ae03
00498993
002e4b13
000ba203
01620863
7b5022ef
00004f18
0000deb0
004b8b93
0009a583
00498993
0035c913
000ba203
01220863
791022ef
00004f3c
0000defd
004b8b93
0009a703
00498993
00474e13
000ba203
01c20863
76d022ef
00004f60
0000df4b
004b8b93
0009a883
00498993
0088c493
000ba203
00920863
749022ef
00004f84
0000df99
004b8b93
0009a103
00498993
01014c13
000ba203
01820863
725022ef
00004fa8
0000dfe7
004b8b93
0009a183
00498993
0201cc13
000ba203
01820863
701022ef
00004fcc
0000e036
004b8b93
0009a483
00498993
0404cf13
000ba203
01e20863
6dd022ef
00004ff0
0000e085
004b8b93
0009a083
00498993
0800cc13
000ba203
01820863
6b9022ef
00005014
0000e0d4
004b8b93
0009a103
00498993
10014513
000ba203
00a20863
695022ef
00005038
0000e123
004b8b93
0009ae03
00498993
200e4793
000ba203
00f20863
671022ef
0000505c
0000e173
004b8b93
0009a403
00498993
3ff44913
000ba203
01220863
64d022ef
00005080
0000e1c3
004b8b93
0009ad03
00498993
400d4893
000ba203
01120863
629022ef
000050a4
0000e213
004b8b93
0009a503
00498993
70354f13
000ba203
01e20863
605022ef
000050c8
0000e263
004b8b93
0009a383
00498993
7ff3ce13
000ba203
01c20863
5e1022ef
000050ec
0000e2b3
004b8b93
0009a103
00498993
80014193
000ba203
00320863
5bd022ef
00005110
0000e303
004b8b93
0009a403
00498993
80144813
000ba203
01020863
599022ef
00005134
0000e354
004b8b93
0009a383
00498993
ffe3ce93
000ba203
01d20863
575022ef
00005158
0000e3a5
004b8b93
0009a383
00498993
fff3c513
000ba203
00a20863
551022ef
0000517c
0000e3f4
004b8b93
0009af83
00498993
000fc793
000ba203
00f20863
52d022ef
000051a0
0000e443
004b8b93
0009a503
00498993
00154613
000ba203
00c20863
509022ef
000051c4
0000e491
004b8b93
0009a583
00498993
0025cc13
000ba203
01820863
4e5022ef
000051e8
0000e4df
004b8b93
0009a803
00498993
00384193
000ba203
00320863
4c1022ef
0000520c
0000e52d
004b8b93
0009a083
00498993
0040c713
000ba203
00e20863
49d022ef
00005230
0000e57b
004b8b93
0009a503
00498993
00854d93
000ba203
01b20863
479022ef
00005254
0000e5c9
004b8b93
0009aa03
00498993
010a4413
000ba203
00820863
455022ef
00005278
0000e617
004b8b93
0009a103
00498993
02014813
000ba203
01020863
431022ef
0000529c
0000e666
004b8b93
0009a783
00498993
0407c093
000ba203
00120863
40d022ef
000052c0
0000e6b5
004b8b93
0009af83
00498993
080fc913
000ba203
01220863
3e9022ef
000052e4
0000e704
004b8b93
0009ae83
00498993
100ec793
000ba203
00f20863
3c5022ef
00005308
0000e753
004b8b93
0009a583
00498993
2005c413
000ba203
00820863
3a1022ef
0000532c
0000e7a3
004b8b93
0009a703
00498993
3ff74393
000ba203
00720863
37d022ef
00005350
0000e7f3
004b8b93
0009a603
00498993
40064593
000ba203
00b20863
359022ef
00005374
0000e843
004b8b93
0009a303
00498993
70334793
000ba203
00f20863
335022ef
00005398
0000e893
004b8b93
0009a803
00498993
7ff84713
000ba203
00e20863
311022ef
000053bc
0000e8e3
004b8b93
0009ac83
00498993
800cc813
000ba203
01020863
2ed022ef
000053e0
0000e933
004b8b93
0009a803
00498993
80184593
000ba203
00b20863
2c9022ef
00005404
0000e984
004b8b93
0009ac03
00498993
ffec4813
000ba203
01020863
2a5022ef
00005428
0000e9d5
004b8b93
0009ac83
00498993
fffcc193
000ba203
00320863
281022ef
0000544c
0000ea24
004b8b93
0009a383
00498993
0003c593
000ba203
00b20863
25d022ef
00005470
0000ea73
004b8b93
0009ae03
00498993
001e4693
000ba203
00d20863
239022ef
00005494
0000eac8
004b8b93
0009aa03
00498993
002a4413
000ba203
00820863
215022ef
000054b8
0000eb1d
004b8b93
0009ab03
00498993
003b4313
000ba203
00620863
1f1022ef
000054dc
0000eb72
004b8b93
0009a583
00498993
0045ca13
000ba203
01420863
1cd022ef
00005500
0000ebc7
004b8b93
0009a903
00498993
00894693
000ba203
00d20863
1a9022ef
00005524
0000ec1c
004b8b93
0009a683
00498993
0106cf13
000ba203
01e20863
185022ef
00005548
0000ec71
004b8b93
0009a803
00498993
02084c93
000ba203
01920863
161022ef
0000556c
0000ecc7
004b8b93
0009a083
00498993
0400c713
000ba203
00e20863
13d022ef
00005590
0000ed1d
004b8b93
0009a383
00498993
0803cd13
000ba203
01a20863
119022ef
000055b4
0000ed73
004b8b93
0009a383
00498993
1003c713
000ba203
00e20863
0f5022ef
000055d8
0000edc9
004b8b93
0009a483
00498993
2004c593
000ba203
00b20863
0d1022ef
000055fc
0000ee20
004b8b93
0009a603
00498993
3ff64713
000ba203
00e20863
0ad022ef
00005620
0000ee77
004b8b93
0009a703
00498993
40074793
000ba203
00f20863
089022ef
00005644
0000eece
004b8b93
0009a303
00498993
70334493
000ba203
00920863
065022ef
00005668
0000ef25
004b8b93
0009a383
00498993
7ff3ca93
000ba203
01520863
041022ef
0000568c
0000ef7c
004b8b93
0009ac03
00498993
800c4413
000ba203
00820863
01d022ef
000056b0
0000efd3
004b8b93
0009af03
00498993
801f4913
000ba203
01220863
7f8022ef
000056d4
0000f02b
004b8b93
0009a883
00498993
ffe8c313
000ba203
00620863
7d4022ef
000056f8
0000f083
004b8b93
0009a303
00498993
fff34713
000ba203
00e20863
7b0022ef
0000571c
0000f0d9
004b8b93
0009a783
00498993
0007c393
000ba203
00720863
78c022ef
00005740
0000f12f
004b8b93
0009ac83
00498993
001cc093
000ba203
00120863
768022ef
00005764
0000f184
004b8b93
0009ac03
00498993
002c4313
000ba203
00620863
744022ef
00005788
0000f1d9
004b8b93
0009ac83
00498993
003cc493
000ba203
00920863
720022ef
000057ac
0000f22e
004b8b93
0009a303
00498993
00434193
000ba203
00320863
6fc022ef
000057d0
0000f283
004b8b93
0009a803
00498993
00884c13
000ba203
01820863
6d8022ef
000057f4
0000f2d8
004b8b93
0009ab03
00498993
010b4493
000ba203
00920863
6b4022ef
00005818
0000f32d
004b8b93
0009a603
00498993
02064f93
000ba203
01f20863
690022ef
0000583c
0000f383
004b8b93
0009a803
00498993
04084f93
000ba203
01f20863
66c022ef
00005860
0000f3d9
004b8b93
0009ac03
00498993
080c4a93
000ba203
01520863
648022ef
00005884
0000f42f
004b8b93
0009a303
00498993
10034093
000ba203
00120863
624022ef
000058a8
0000f485
004b8b93
0009aa03
00498993
200a4c13
000ba203
01820863
600022ef
000058cc
0000f4dc
004b8b93
0009a783
00498993
3ff7c313
000ba203
00620863
5dc022ef
000058f0
0000f533
004b8b93
0009a803
00498993
40084493
000ba203
00920863
5b8022ef
00005914
0000f58a
004b8b93
0009a583
00498993
7035ca93
000ba203
01520863
594022ef
00005938
0000f5e1
004b8b93
0009aa83
00498993
7ffac613
000ba203
00c20863
570022ef
0000595c
0000f638
004b8b93
0009ae83
00498993
800ec893
000ba203
01120863
54c022ef
00005980
0000f68f
004b8b93
0009ac03
00498993
801c4113
000ba203
00220863
528022ef
000059a4
0000f6e7
004b8b93
0009a603
00498993
ffe64d13
000ba203
01a20863
504022ef
000059c8
0000f73f
004b8b93
0009af03
00498993
ffff4a93
000ba203
01520863
4e0022ef
000059ec
0000f795
004b8b93
0009ad03
00498993
000d4593
000ba203
00b20863
4bc022ef
00005a10
0000f7eb
004b8b93
0009a183
00498993
0011cf93
000ba203
01f20863
498022ef
00005a34
0000f840
004b8b93
0009a403
00498993
00244313
000ba203
00620863
474022ef
00005a58
0000f895
004b8b93
0009aa03
00498993
003a4693
000ba203
00d20863
450022ef
00005a7c
0000f8ea
004b8b93
0009ae03
00498993
004e4193
000ba203
00320863
42c022ef
00005aa0
0000f93f
004b8b93
0009ac03
00498993
008c4793
000ba203
00f20863
408022ef
00005ac4
0000f994
004b8b93
0009a183
00498993
0101c113
000ba203
00220863
3e4022ef
00005ae8
0000f9e9
004b8b93
0009ab03
00498993
020b4413
000ba203
00820863
3c0022ef
00005b0c
0000fa3f
004b8b93
0009a883
00498993
0408c413
000ba203
00820863
39c022ef
00005b30
0000fa95
004b8b93
0009ac03
00498993
080c4893
000ba203
01120863
378022ef
00005b54
0000faeb
004b8b93
0009aa03
00498993
100a4693
000ba203
00d20863
354022ef
00005b78
0000fb41
004b8b93
0009ac03
00498993
200c4d13
000ba203
01a20863
330022ef
00005b9c
0000fb98
004b8b93
0009aa83
00498993
3ffac193
000ba203
00320863
30c022ef
00005bc0
0000fbef
004b8b93
0009a183
00498993
4001cc13
000ba203
01820863
2e8022ef
00005be4
0000fc46
004b8b93
0009a303
00498993
70334a13
000ba203
01420863
2c4022ef
00005c08
0000fc9d
004b8b93
0009a703
00498993
7ff74813
000ba203
01020863
2a0022ef
00005c2c
0000fcf4
004b8b93
0009a183
00498993
8001ce93
000ba203
01d20863
27c022ef
00005c50
0000fd4b
004b8b93
0009a403
00498993
80144593
000ba203
00b20863
258022ef
00005c74
0000fda3
004b8b93
0009a103
00498993
ffe14513
000ba203
00a20863
234022ef
00005c98
0000fdfb
004b8b93
0009af03
00498993
ffff4313
000ba203
00620863
210022ef
00005cbc
0000fe51
004b8b93
0009a583
00498993
0005ca13
000ba203
01420863
1ec022ef
00005ce0
0000fea7
004b8b93
0009a183
00498993
0011c813
000ba203
01020863
1c8022ef
00005d04
0000fefc
004b8b93
0009a383
00498993
0023cc13
000ba203
01820863
1a4022ef
00005d28
0000ff51
004b8b93
0009a403
00498993
00344d13
000ba203
01a20863
180022ef
00005d4c
0000ffa6
004b8b93
0009a803
00498993
00484c13
000ba203
01820863
15c022ef
00005d70
0000fffb
004b8b93
0009af03
00498993
008f4d13
000ba203
01a20863
138022ef
00005d94
00010050
004b8b93
0009ad83
00498993
010dce13
000ba203
01c20863
114022ef
00005db8
000100a5
004b8b93
0009a103
00498993
02014713
000ba203
00e20863
0f0022ef
00005ddc
000100fb
004b8b93
0009ab03
00498993
040b4413
000ba203
00820863
0cc022ef
00005e00
00010151
004b8b93
0009a703
00498993
08074a93
000ba203
01520863
0a8022ef
00005e24
000101a7
004b8b93
0009a783
00498993
1007c713
000ba203
00e20863
084022ef
00005e48
000101fd
004b8b93
0009aa83
00498993
200ac713
000ba203
00e20863
060022ef
00005e6c
00010254
004b8b93
0009ab03
00498993
3ffb4413
000ba203
00820863
03c022ef
00005e90
000102ab
004b8b93
0009a083
00498993
4000cc13
000ba203
01820863
018022ef
00005eb4
00010302
004b8b93
0009aa03
00498993
703a4693
000ba203
00d20863
7f5012ef
00005ed8
00010359
004b8b93
0009ae03
00498993
7ffe4593
000ba203
00b20863
7d1012ef
00005efc
000103b0
004b8b93
0009a083
00498993
8000c693
000ba203
00d20863
7ad012ef
00005f20
00010407
004b8b93
0009a883
00498993
8018ca13
000ba203
01420863
789012ef
00005f44
0001045f
004b8b93
0009a503
00498993
ffe54493
000ba203
00920863
765012ef
00005f68
000104b7
004b8b93
0009ae03
00498993
fffe4d93
000ba203
01b20863
741012ef
00005f8c
0001050d
004b8b93
0009a903
00498993
00094313
000ba203
00620863
71d012ef
00005fb0
00010563
004b8b93
0009ae03
00498993
001e4d13
000ba203
01a20863
6f9012ef
00005fd4
000105b8
004b8b93
0009ae83
00498993
002ece13
000ba203
01c20863
6d5012ef
00005ff8
0001060d
004b8b93
0009a103
00498993
00314613
000ba203
00c20863
6b1012ef
0000601c
00010662
004b8b93
0009ad03
00498993
004d4713
000ba203
00e20863
68d012ef
00006040
000106b7
004b8b93
0009ae03
00498993
008e4793
000ba203
00f20863
669012ef
00006064
0001070c
004b8b93
0009a483
00498993
0104c693
000ba203
00d20863
645012ef
00006088
00010761
004b8b93
0009ae03
00498993
020e4a13
000ba203
01420863
621012ef
000060ac
000107b7
004b8b93
0009ac03
00498993
040c4f13
000ba203
01e20863
5fd012ef
000060d0
0001080d
004b8b93
0009a683
00498993
0806c193
000ba203
00320863
5d9012ef
000060f4
00010863
004b8b93
0009ac03
00498993
100c4613
000ba203
00c20863
5b5012ef
00006118
000108b9
004b8b93
0009a883
00498993
2008c513
000ba203
00a20863
591012ef
0000613c
00010910
004b8b93
0009a903
00498993
3ff94893
000ba203
01120863
56d012ef
00006160
00010967
004b8b93
0009af83
00498993
400fcc93
000ba203
01920863
549012ef
00006184
000109be
004b8b93
0009a083
00498993
7030c413
000ba203
00820863
525012ef
000061a8
00010a15
004b8b93
0009ac83
00498993
7ffccf13
000ba203
01e20863
501012ef
000061cc
00010a6c
004b8b93
0009a783
00498993
8007cf93
000ba203
01f20863
4dd012ef
000061f0
00010ac3
004b8b93
0009ad83
00498993
801dc613
000ba203
00c20863
4b9012ef
00006214
00010b1b
004b8b93
0009a903
00498993
ffe94b13
000ba203
01620863
495012ef
00006238
00010b73
004b8b93
0009ad03
00498993
fffd4913
000ba203
01220863
471012ef
0000625c
00010bc9
004b8b93
0009a603
00498993
00064c93
000ba203
01920863
44d012ef
00006280
00010c1f
004b8b93
0009ac83
00498993
001cc593
000ba203
00b20863
429012ef
000062a4
00010c74
004b8b93
0009a583
00498993
0025c193
000ba203
00320863
405012ef
000062c8
00010cc9
004b8b93
0009a803
00498993
00384713
000ba203
00e20863
3e1012ef
000062ec
00010d1e
004b8b93
0009ad03
00498993
004d4813
000ba203
01020863
3bd012ef
00006310
00010d73
004b8b93
0009a703
00498993
00874a93
000ba203
01520863
399012ef
00006334
00010dc8
004b8b93
0009ac03
00498993
010c4493
000ba203
00920863
375012ef
00006358
00010e1d
004b8b93
0009aa03
00498993
020a4e93
000ba203
01d20863
351012ef
0000637c
00010e73
004b8b93
0009a183
00498993
0401c413
000ba203
00820863
32d012ef
000063a0
00010ec9
004b8b93
0009a483
00498993
0804c613
000ba203
00c20863
309012ef
000063c4
00010f1f
004b8b93
0009a883
00498993
1008c193
000ba203
00320863
2e5012ef
000063e8
00010f75
004b8b93
0009a783
00498993
2007c393
000ba203
00720863
2c1012ef
0000640c
00010fcc
004b8b93
0009ac83
00498993
3ffcca13
000ba203
01420863
29d012ef
00006430
00011023
004b8b93
0009ad83
00498993
400dc893
000ba203
01120863
279012ef
00006454
0001107a
004b8b93
0009a703
00498993
70374893
000ba203
01120863
255012ef
00006478
000110d1
004b8b93
0009ad03
00498993
7ffd4093
000ba203
00120863
231012ef
0000649c
00011128
004b8b93
0009ad83
00498993
800dc813
000ba203
01020863
20d012ef
000064c0
0001117f
004b8b93
0009aa03
00498993
801a4913
000ba203
01220863
1e9012ef
000064e4
000111d7
004b8b93
0009ac03
00498993
ffec4f13
000ba203
01e20863
1c5012ef
00006508
0001122f
004b8b93
0009a103
00498993
fff14d93
000ba203
01b20863
1a1012ef
0000652c
00011285
004b8b93
0009af83
00498993
000fc813
000ba203
01020863
17d012ef
00006550
000112db
004b8b93
0009a403
00498993
00144093
000ba203
00120863
159012ef
00006574
00011330
004b8b93
0009a183
00498993
0021ca93
000ba203
01520863
135012ef
00006598
00011385
004b8b93
0009a103
00498993
00314a93
000ba203
01520863
111012ef
000065bc
000113da
004b8b93
0009ad83
00498993
004dcf13
000ba203
01e20863
0ed012ef
000065e0
0001142f
004b8b93
0009a083
00498993
0080c593
000ba203
00b20863
0c9012ef
00006604
00011484
004b8b93
0009a183
00498993
0101cb13
000ba203
01620863
0a5012ef
00006628
000114d9
004b8b93
0009a303
00498993
02034093
000ba203
00120863
081012ef
0000664c
0001152f
004b8b93
0009a403
00498993
04044093
000ba203
00120863
05d012ef
00006670
00011585
004b8b93
0009ad83
00498993
080dc893
000ba203
01120863
039012ef
00006694
000115db
004b8b93
0009a883
00498993
1008cc13
000ba203
01820863
015012ef
000066b8
00011631
004b8b93
0009a683
00498993
2006cc93
000ba203
01920863
7f0012ef
000066dc
00011688
004b8b93
0009ae83
00498993
3ffec313
000ba203
00620863
7cc012ef
00006700
000116df
004b8b93
0009ab03
00498993
400b4e13
000ba203
01c20863
7a8012ef
00006724
00011736
004b8b93
0009a783
00498993
7037cf13
000ba203
01e20863
784012ef
00006748
0001178d
004b8b93
0009ae83
00498993
7ffec393
000ba203
00720863
760012ef
0000676c
000117e4
004b8b93
0009a603
00498993
80064313
000ba203
00620863
73c012ef
00006790
0001183b
004b8b93
0009a683
00498993
8016cc93
000ba203
01920863
718012ef
000067b4
00011893
004b8b93
0009ad83
00498993
ffedce13
000ba203
01c20863
6f4012ef
000067d8
000118eb
004b8b93
0009a883
00498993
fff8cc13
000ba203
01820863
6d0012ef
000067fc
00011941
004b8b93
0009a383
00498993
0003c093
000ba203
00120863
6ac012ef
00006820
00011997
004b8b93
0009ae83
00498993
001ecd13
000ba203
01a20863
688012ef
00006844
000119ec
004b8b93
0009a703
00498993
00274b13
000ba203
01620863
664012ef
00006868
00011a41
004b8b93
0009a883
00498993
0038c093
000ba203
00120863
640012ef
0000688c
00011a96
004b8b93
0009a903
00498993
00494793
000ba203
00f20863
61c012ef
000068b0
00011aeb
004b8b93
0009a703
00498993
00874393
000ba203
00720863
5f8012ef
000068d4
00011b40
004b8b93
0009a083
00498993
0100c193
000ba203
00320863
5d4012ef
000068f8
00011b95
004b8b93
0009af83
00498993
020fcf13
000ba203
01e20863
5b0012ef
0000691c
00011beb
004b8b93
0009ae03
00498993
040e4493
000ba203
00920863
58c012ef
00006940
00011c41
004b8b93
0009aa03
00498993
080a4893
000ba203
01120863
568012ef
00006964
00011c97
004b8b93
0009aa83
00498993
100ac793
000ba203
00f20863
544012ef
00006988
00011ced
004b8b93
0009ad03
00498993
200d4513
000ba203
00a20863
520012ef
000069ac
00011d44
004b8b93
0009af83
00498993
3fffc093
000ba203
00120863
4fc012ef
000069d0
00011d9b
004b8b93
0009a103
00498993
40014a93
000ba203
01520863
4d8012ef
000069f4
00011df2
004b8b93
0009a803
00498993
70384313
000ba203
00620863
4b4012ef
00006a18
00011e49
004b8b93
0009a703
00498993
7ff74e93
000ba203
01d20863
490012ef
00006a3c
00011ea0
004b8b93
0009a383
00498993
8003cf13
000ba203
01e20863
46c012ef
00006a60
00011ef7
004b8b93
0009a903
00498993
80194513
000ba203
00a20863
448012ef
00006a84
00011f4f
004b8b93
0009aa83
00498993
ffeac493
000ba203
00920863
424012ef
00006aa8
00011fa7
004b8b93
0009a603
00498993
fff64b13
000ba203
01620863
400012ef
00006acc
00011ffd
004b8b93
0009ae83
00498993
000ec193
000ba203
00320863
3dc012ef
00006af0
00012053
004b8b93
0009a783
00498993
0017ce93
000ba203
01d20863
3b8012ef
00006b14
000120a8
004b8b93
0009a783
00498993
0027cd93
000ba203
01b20863
394012ef
00006b38
000120fd
004b8b93
0009a403
00498993
00344a93
000ba203
01520863
370012ef
00006b5c
00012152
004b8b93
0009a303
00498993
00434793
000ba203
00f20863
34c012ef
00006b80
000121a7
004b8b93
0009a903
00498993
00894893
000ba203
01120863
328012ef
00006ba4
000121fc
004b8b93
0009af03
00498993
010f4d93
000ba203
01b20863
304012ef
00006bc8
00012251
004b8b93
0009a383
00498993
0203c693
000ba203
00d20863
2e0012ef
00006bec
000122a7
004b8b93
0009a803
00498993
04084413
000ba203
00820863
2bc012ef
00006c10
000122fd
004b8b93
0009ae03
00498993
080e4d13
000ba203
01a20863
298012ef
00006c34
00012353
004b8b93
0009a903
00498993
10094613
000ba203
00c20863
274012ef
00006c58
000123a9
004b8b93
0009ac03
00498993
200c4693
000ba203
00d20863
250012ef
00006c7c
00012400
004b8b93
0009a183
00498993
3ff1c913
000ba203
01220863
22c012ef
00006ca0
00012457
004b8b93
0009a803
00498993
40084393
000ba203
00720863
208012ef
00006cc4
000124ae
004b8b93
0009a783
00498993
7037c593
000ba203
00b20863
1e4012ef
00006ce8
00012505
004b8b93
0009af03
00498993
7fff4893
000ba203
01120863
1c0012ef
00006d0c
0001255c
004b8b93
0009ae83
00498993
800ec593
000ba203
00b20863
19c012ef
00006d30
000125b3
004b8b93
0009a103
00498993
80114393
000ba203
00720863
178012ef
00006d54
0001260b
004b8b93
0009aa83
00498993
ffeacc93
000ba203
01920863
154012ef
00006d78
00012663
004b8b93
0009a903
00498993
fff94493
000ba203
00920863
130012ef
00006d9c
000126b9
004b8b93
0009a003
00498993
a9704013
000ba203
00020863
10c012ef
00006dc0
0001270f
004b8b93
0009a083
00498993
3160c093
000ba203
00120863
0e8012ef
00006de4
00012743
004b8b93
0009a103
00498993
de114113
000ba203
00220863
0c4012ef
00006e08
00012777
004b8b93
0009a183
00498993
afe1c193
000ba203
00320863
0a0012ef
00006e2c
000127ab
004b8b93
00020613
00028693
0009a203
00498993
11424213
000ba603
00460863
0b4016ef
00006e58
000127df
004b8b93
0009a283
00498993
d012c293
000ba603
00560863
090016ef
00006e7c
00012813
004b8b93
0009a303
00498993
63934313
000ba603
00660863
06c016ef
00006ea0
00012847
004b8b93
0009a383
00498993
47b3c393
000ba603
00760863
048016ef
00006ec4
0001287b
004b8b93
0009a403
00498993
a4e44413
000ba603
00860863
024016ef
00006ee8
000128af
004b8b93
0009a483
00498993
6a04c493
000ba603
00960863
000016ef
00006f0c
000128e3
004b8b93
0009a503
00498993
0e454513
000ba603
00a60863
7dd006ef
00006f30
00012917
004b8b93
0009a583
00498993
2da5c593
000ba603
00b60863
7b9006ef
00006f54
0001294c
004b8b93
00060393
00068413
0009a603
00498993
61764613
000ba383
00c38863
7650046f
00006f80
00012981
004b8b93
0009a683
00498993
7136c693
000ba383
00d38863
7410046f
00006fa4
000129b6
004b8b93
0009a703
00498993
bbf74713
000ba383
00e38863
71d0046f
00006fc8
000129eb
004b8b93
0009a783
00498993
1497c793
000ba383
00f38863
6f90046f
00006fec
00012a20
004b8b93
0009a803
00498993
19984813
000ba383
01038863
6d50046f
00007010
00012a55
004b8b93
0009a883
00498993
3008c893
000ba383
01138863
6b10046f
00007034
00012a8a
004b8b93
0009a903
00498993
08294913
000ba383
01238863
68d0046f
00007058
00012abf
004b8b93
00098913
00092983
00490913
5849c993
000ba383
01338863
6650046f
00007080
00012af4
004b8b93
00092a03
00490913
1e6a4a13
000ba383
01438863
6410046f
000070a4
00012b29
004b8b93
00092a83
00490913
24aaca93
000ba383
01538863
61d0046f
000070c8
00012b5e
004b8b93
00092b03
00490913
912b4b13
000ba383
01638863
5f90046f
000070ec
00012b93
004b8b93
000b8c13
00092b83
00490913
ec0bcb93
000c2383
01738863
5d10046f
00007114
00012bc8
004c0c13
000c0513
00092c03
00490913
82ec4c13
00052383
01838863
5a90046f
0000713c
00012bfd
00450513
00092c83
00490913
cbfccc93
00052383
01938863
5850046f
00007160
00012c32
00450513
00092d03
00490913
f38d4d13
00052383
01a38863
5610046f
00007184
00012c67
00450513
00092d83
00490913
4f5dcd93
00052383
01b38863
53d0046f
000071a8
00012c9c
00450513
00092e03
00490913
b55e4e13
00052383
01c38863
5190046f
000071cc
00012cd1
00450513
00092e83
00490913
20fece93
00052383
01d38863
4f50046f
000071f0
00012d06
00450513
00092f03
00490913
f02f4f13
00052383
01e38863
4d10046f
00007214
00012d3b
00450513
00092f83
00490913
ef7fcf93
00052383
01f38863
4ad0046f
00007238
00012d70
00450513
00092303
00490913
00034e13
00052383
01c38863
4890046f
0000725c
00012da5
00450513
00092983
00490913
0019cd13
00052383
01a38863
4650046f
00007280
00012ddc
00450513
00092b03
00490913
002b4793
00052383
00f38863
4410046f
000072a4
00012e13
00450513
00092a83
00490913
003ac813
00052383
01038863
41d0046f
000072c8
00012e4a
00450513
00092d83
00490913
004dcc13
00052383
01838863
3f90046f
000072ec
00012e81
00450513
00092303
00490913
00834193
00052383
00338863
3d50046f
00007310
00012eb8
00450513
00092783
00490913
0107cc13
00052383
01838863
3b10046f
00007334
00012eef
00450513
00092e03
00490913
020e4893
00052383
01138863
38d0046f
00007358
00012f27
00450513
00092d03
00490913
040d4193
00052383
00338863
3690046f
0000737c
00012f5f
00450513
00092203
00490913
08024693
00052383
00d38863
3450046f
000073a0
00012f97
00450513
00092c03
00490913
100c4593
00052383
00b38863
3210046f
000073c4
00012fcf
00450513
00092a03
00490913
200a4793
00052383
00f38863
2fd0046f
000073e8
00013008
00450513
00092703
00490913
3ff74a93
00052383
01538863
2d90046f
0000740c
00013041
00450513
00092703
00490913
40074a93
00052383
01538863
2b50046f
00007430
0001307a
00450513
00092683
00490913
7036c593
00052383
00b38863
2910046f
00007454
000130b3
00450513
00092603
00490913
7ff64593
00052383
00b38863
26d0046f
00007478
000130ec
00450513
00092203
00490913
80024093
00052383
00138863
2490046f
0000749c
00013125
00450513
00092683
00490913
8016cd13
00052383
01a38863
2250046f
000074c0
0001315f
00450513
00092c03
00490913
ffec4493
00052383
00938863
2010046f
000074e4
00013199
00450513
00092203
00490913
fff24a93
00052383
01538863
1dd0046f
00007508
000131d1
00450513
00050113
00018293
00000193
00000073
00028193
1d800413
34002373
23832383
23c32483
22032383
25032483
34049073
24832483
305493f3
ffc4f493
ffc3f393
00749e63
00030493
0004a583
00b3a023
00438393
00448493
fe83c8e3
00000013
bad0e4b7
ead48493
00a49a63
1b1003ef
00007650
00013901
00000341
00005317
d8830313
00000013
00000013
00000013
00000013
00000013
00000013
00032303
00000013
00000013
00000013
00000013
00000013
00000013
00000013
0000e397
ee038393
00000013
00000013
00000013
00000013
00000013
00000013
40730333
00012203
00620863
0cd002ef
000075a0
00013a3c
00410113
00000013
0000c517
25450513
00000013
00000013
00000013
00000013
00000013
00000013
0001d097
de4080e7
0001d097
df8080e7
bad0e537
ead50513
ee1ff06f
00000013
00000013
00000013
00000013
00000013
00000013
00000013
00000013
00000013
00000013
00000013
00000013
00000013
00000013
00000013
00000013
00000013
00000013
00000013
00000013
00000013
00000013
00000013
00000013
00000013
00000013
00000013
00000013
00000013
00000013
00000013
00000013
00000013
00000013
00000013
00000013
00000013
00000013
00000013
00000013
00000013
0800006f
0880006f
0900006f
0980006f
0a00006f
0a80006f
0b00006f
0b80006f
0c00006f
0c80006f
0d00006f
0d80006f
0e00006f
0e80006f
0f00006f
0f80006f
1000006f
1080006f
1100006f
1180006f
1200006f
1280006f
1300006f
1380006f
1400006f
13c0006f
1380006f
1340006f
1300006f
12c0006f
1280006f
1240006f
34011173
26b12823
13c005ef
34011173
26b12823
130005ef
34011173
26b12823
124005ef
34011173
26b12823
118005ef
34011173
26b12823
10c005ef
34011173
26b12823
100005ef
34011173
26b12823
0f4005ef
34011173
26b12823
0e8005ef
34011173
26b12823
0dc005ef
34011173
26b12823
0d0005ef
34011173
26b12823
0c4005ef
34011173
26b12823
0b8005ef
34011173
26b12823
0ac005ef
34011173
26b12823
0a0005ef
34011173
26b12823
094005ef
34011173
26b12823
088005ef
34011173
26b12823
07c005ef
34011173
26b12823
070005ef
34011173
26b12823
064005ef
34011173
26b12823
058005ef
34011173
26b12823
04c005ef
34011173
26b12823
040005ef
34011173
26b12823
034005ef
34011173
26b12823
028005ef
00000317
ce430313
00000013
00000013
00000013
00000013
00000013
00000013
00030067
26a12623
34011573
26a12a23
23012503
00050067
26912423
26812223
26712023
24612e23
34202573
800014b7
fff48493
00a4f4b3
ffe48413
00041663
56018463
1100006f
ff848413
00245413
10041263
54018a63
26c12403
fff40493
00500393
0474e863
07300393
02740a63
07f47393
07300493
00939a63
00c45393
0073f393
00038463
0940006f
fff00513
34102473
00440413
34141073
2800006f
34102573
34102473
00440413
34141073
26c0006f
341024f3
00448493
34149073
00100393
00740e63
00200393
02740263
00300393
02740c63
fff00513
2400006f
000024b7
80048493
3004a073
2300006f
000024b7
80048493
3004b073
000014b7
80048493
3004a073
2140006f
000024b7
80048493
3004b073
2040006f
00040493
29810393
0093a023
00008437
06740413
0083a223
00000013
27012583
000380e7
34102473
00440413
34141073
1d00006f
00000013
01000393
00055c63
00151413
ff240413
00045663
00c00393
0040006f
d6810113
4b012303
007304b3
4a912823
49012403
40830333
29810113
1f812403
00830333
24012403
408585b3
00159493
009585b3
0055d593
00659593
0075e5b3
00358593
02055a63
00f00413
00857433
304024f3
0084d4b3
0014f493
00b49493
0095e5b3
344024f3
0084d4b3
0014f493
00c49493
0095e5b3
300023f3
00f39393
0023d393
0021a437
fe540413
fff44413
0083f433
0085e433
310024f3
1c04f493
00849493
00946433
00032483
00848a63
460003ef
00007a54
00013aa0
00000341
00050413
00432483
00848a63
444003ef
00007af0
00013ba2
00000341
0e054863
34102473
0000c397
86438393
0083a023
00010493
0040006f
2084a383
2104a583
007585b3
00b47463
02747663
1d84a383
1e04a583
007585b3
00b47463
00747c63
1e84a383
1f04a583
007585b3
aeb47ae3
ae7468e3
40740433
00832483
00848a63
3d0003ef
00007b68
00013c9d
00000341
34102473
ffc47413
00840413
34141073
34302473
00c32483
00848a63
3a4003ef
00007b94
00013d90
00000341
30102473
01841413
00045263
d6810113
4b012483
49012383
49812303
29810113
00730333
a89360e3
10000393
0540006f
25c12303
26012383
26412403
26812483
26c12503
27012583
27412103
30200073
00100413
01f57393
00741433
304434f3
34443473
00832483
00848a63
328003ef
00007c10
00013f03
00000341
00000393
00000417
03c40413
00740433
00351393
00740433
ff847413
00042403
00040a63
01f41393
0003d863
00145413
f88502e3
9f5ff06f
00040067
00000013
00000000
00000000
00000001
00000000
00000001
00000000
00024000
00000000
00000000
00000000
00000001
00000000
00000001
00000000
00024014
00000000
00000000
00000000
00000001
00000000
00000001
00000000
00024028
00000000
00000001
00000000
00000001
00000000
00000001
00000000
00000001
00000000
00000001
00000000
00000001
00000000
00000001
00000000
00000001
00000000
00000001
00000000
00000001
00000000
00000001
00000000
00000001
00000000
00000000
00000000
00000000
00000000
00000000
00000000
00000000
00000000
00000000
00000000
00000000
00000000
00000000
00000000
00000000
00000000
00000001
00000000
00000003
00000000
00000005
00000000
00000007
00000000
00000009
00000000
0000000b
00000000
0000000d
00000000
0000000f
00000000
00000011
00000000
00000013
00000000
00000015
00000000
00000017
00000000
00000019
00000000
0000001b
00000000
0000001d
00000000
0000001f
00000000
00000021
00000000
00000023
00000000
00000025
00000000
00000027
00000000
00000029
00000000
0000002b
00000000
0000002d
00000000
0000002f
00000000
00000000
00000000
00000000
00000000
00000000
00000000
00000000
00000000
00000000
00000000
00000000
00000000
00000000
00000000
00000000
00000000
300023f3
00b3d493
0034f493
ffd48413
341023f3
00000493
02040c63
29810113
310023f3
01839393
0003da63
29810113
47012583
d6810113
0080006f
f4012583
341023f3
40b383b3
d6810113
1d812483
007483b3
25c12303
26412403
26812483
26c12503
27012583
27412103
00438067
0000b217
33820213
02522423
00122423
00022023
0b00006f
0000b397
32038393
0483a023
0243a023
0253a423
0013a423
0003a023
00038213
00040293
0880006f
0000b617
2f860613
06d62423
02462023
02562423
00162423
00062023
00060213
00068293
0600006f
0000b497
2d048493
0674a423
0244a023
0254a423
0014a423
00300093
0014a023
00048213
00038293
342020f3
0000b497
41448493
0014a023
343020f3
0000b497
40c48493
0014a023
300020f3
0000b497
40448493
0014a023
0040006f
00222823
00322c23
02622823
02722c23
04822023
04922423
04a22823
04b22c23
06c22023
06d22423
06e22823
06f22c23
09022023
09122423
09222823
09322c23
0b422023
0b522423
0b622823
0b722c23
0d822023
0d922423
0da22823
0db22c23
0fc22023
0fd22423
0fe22823
0ff22c23
0000b497
2044a483
00300513
06a48863
ffa2d303
ff82d383
01031313
00736333
00f35393
01f3f393
01435413
01f47413
10822223
00341313
00620333
00032303
10622823
ff62d303
ff42d383
01031313
00736333
41435393
00f35313
01f37313
00331313
00620333
00032303
00730333
00032303
10622c23
3d80006f
0042a303
0000b817
2dc80813
00682023
0002a303
10622423
0000b817
2c880813
00082303
0000c397
99038393
28730463
00000413
0000b817
28480813
00882023
0000c397
9d838393
00731863
00100413
00000493
2e00006f
0000c397
ac238393
00731863
00200413
00000493
2c80006f
0000c397
ba538393
00731863
00300413
00000493
2b00006f
0000c397
c8038393
00731863
00400413
00000493
2980006f
0000c397
ddb38393
00731863
00500413
00000493
2800006f
0000c397
d4738393
00731863
00600413
00000493
2680006f
0000c397
d6d38393
00731863
00700413
00000493
2500006f
0000c397
97038393
00731863
00100413
00100493
2380006f
0000c397
a5838393
00731863
00200413
00100493
2200006f
0000c397
b3938393
00731863
00300413
00100493
2080006f
0000c397
c1538393
00731863
00400413
00100493
1f00006f
0000c397
d6e38393
00731863
00500413
00100493
1d80006f
0000c397
93838393
00731863
00100413
00200493
1c00006f
0000c397
a1e38393
00731863
00200413
00200493
1a80006f
0000c397
afd38393
00731863
00300413
00200493
1900006f
0000c397
bda38393
00731863
00400413
00200493
1780006f
0000c397
d3138393
00731863
00500413
00200493
1600006f
0000c397
90138393
00731863
00100413
00300493
1480006f
0000c397
9e538393
00731863
00200413
00300493
1300006f
0000c397
ac238393
00731863
00300413
00300493
1180006f
0000c397
ba038393
00731863
00400413
00300493
1000006f
0000c397
cf538393
00731863
00500413
00300493
0e80006f
0000c397
d1a38393
00731863
00800413
00000493
0d00006f
0000c397
d5138393
00731863
00800413
00000493
0b80006f
0000c397
e3438393
00731863
00800413
00100493
0a00006f
0000c397
f1838393
00731863
00800413
00200493
0880006f
1140006f
00900413
0000b817
00080813
00882023
ffa2d303
ff82d383
01031313
00736333
01435413
01f47413
00341313
00620333
00032303
0000b817
fe880813
00682023
ff62d303
ff42d383
01031313
00736333
41435393
00f35313
01f37313
00331313
00620333
00032303
00730333
00032303
0000b817
fb480813
00682023
0a40006f
0000b817
f8480813
00882023
0000b817
f7c80813
00982023
ffa2d303
ff82d383
01031313
00736333
01435713
01f77713
00371313
00620333
00032303
10622823
0000b817
f4c80813
00682023
ff62d303
ff42d383
01031313
00736333
41435393
00f35313
01f37313
00331313
00620333
00032303
00730333
00032303
10622c23
0000b817
f1480813
00682023
0140006f
0000b817
ef480813
00082023
0040006f
0002a303
10622423
00035383
0033f413
00300493
00941863
00235403
01041413
0083e3b3
10722023
0042a303
12622023
00000013
00000013
00000013
00000013
00000013
0000b517
40b50513
00000013
00000013
00000013
00000013
00000013
00000013
0001c097
f64080e7
00000013
00000013
00000013
00000013
00000013
00000013
0000b517
45f50513
00000013
00000013
00000013
00000013
00000013
00000013
0001c097
f24080e7
0000b517
e2852503
0001c097
f14080e7
00000013
00000013
0000b517
43150513
00000013
00000013
00000013
00000013
00000013
00000013
0001c097
ee4080e7
0000b517
cc852503
00300593
3eb50c63
00000013
00000013
0000b517
3f350513
00000013
00000013
00000013
00000013
00000013
00000013
0001c097
ea4080e7
0000b517
d8852503
02000593
00357613
00300693
00d60463
01000593
2f4010ef
00000013
00000013
00000013
00000013
00000013
00000013
0000b517
dd850513
00000013
00000013
00000013
00000013
00000013
00000013
0001c097
e44080e7
00000013
00000013
00000013
00000013
00000013
00000013
0000b517
36750513
00000013
00000013
00000013
00000013
00000013
00000013
0001c097
e04080e7
0000b517
cf052503
02000593
264010ef
00000013
00000013
0000b517
d5850513
00000013
00000013
00000013
00000013
00000013
00000013
0001c097
dc4080e7
00000013
00000013
00000013
00000013
00000013
00000013
0000c517
d6450513
00000013
00000013
00000013
00000013
00000013
00000013
0001c097
d84080e7
0000b517
b6852503
00050663
00300593
04b51063
07800593
0000b617
cd860613
00000013
00000013
00000013
00000013
00000013
00000013
00b60023
00160613
0000b517
c2c52503
224010ef
0e00006f
00100593
04b50863
00400593
08b50a63
00000013
00000013
00000013
00000013
00000013
00000013
0000c517
d2450513
00000013
00000013
00000013
00000013
00000013
00000013
0001c097
ce4080e7
0c00006f
06600593
00000013
00000013
00000013
00000013
0000b617
c3860613
00000013
00000013
00000013
00000013
00000013
00000013
00b60023
00160613
0000b517
b8c52503
184010ef
0400006f
07600593
00000013
0000b617
bf860613
00000013
00000013
00000013
00000013
00000013
00000013
00b60023
00160613
0000b517
b4c52503
144010ef
00000013
00000013
00000013
0000b517
bb850513
00000013
00000013
00000013
00000013
00000013
00000013
0001c097
c24080e7
00000013
00000013
00000013
00000013
00000013
00000013
0000c517
bd550513
00000013
00000013
00000013
00000013
00000013
00000013
0001c097
be4080e7
0000b517
9c852503
00100593
00b51c63
0000b517
ac852503
02000593
034010ef
0140006f
0000b517
ab452503
02000593
020010ef
00000013
0000b517
b1850513
00000013
00000013
00000013
00000013
00000013
00000013
0001c097
b84080e7
00000013
00000013
00000013
00000013
00000013
00000013
0000c517
b4c50513
00000013
00000013
00000013
00000013
00000013
00000013
0001c097
b44080e7
0000b517
92852503
00100593
00b51c63
0000b517
a3052503
02000593
795000ef
0140006f
0000b517
a1c52503
02000593
781000ef
00000013
0000b517
a7850513
00000013
00000013
00000013
00000013
00000013
00000013
0001c097
ae4080e7
4fd0006f
00000013
00000013
00000013
00000013
00000013
0000c517
b1050513
00000013
00000013
00000013
00000013
00000013
00000013
0001c097
aa4080e7
00000013
00000013
00000013
00000013
00000013
00000013
0000c517
afc50513
00000013
00000013
00000013
00000013
00000013
00000013
0001c097
a64080e7
0000b817
9a080813
00082503
0001c097
a50080e7
00000013
0000b517
f7150513
00000013
00000013
00000013
00000013
00000013
00000013
0001c097
a24080e7
0000b417
93842403
00900493
00940663
2a040ce3
3780006f
0000c517
a8c50513
00000013
00000013
00000013
00000013
00000013
00000013
0001c097
9e4080e7
00000013
00000013
00000013
00000013
00000013
00000013
0000c517
aad50513
00000013
00000013
00000013
00000013
00000013
00000013
0001c097
9a4080e7
0000b517
8d852503
02000593
605000ef
00000013
00000013
0000b517
8f850513
00000013
00000013
00000013
00000013
00000013
00000013
0001c097
964080e7
00000013
00000013
00000013
00000013
00000013
00000013
0000c517
a5450513
00000013
00000013
00000013
00000013
00000013
00000013
0001c097
924080e7
0000b517
85052503
02000593
585000ef
00000013
00000013
0000b517
87850513
00000013
00000013
00000013
00000013
00000013
00000013
0001c097
8e4080e7
0000b317
81032303
0000b397
8103a383
10734e63
00000013
0000c517
9fb50513
00000013
00000013
00000013
00000013
00000013
00000013
0001c097
8a4080e7
0000a317
7d032303
0000a397
7d03a383
40730333
00235313
0000c517
a4050513
00000013
00000013
00000013
00000013
00000013
00000013
0001c097
864080e7
0000a317
79032303
0000a397
7903a383
40730533
02000593
4b9000ef
00000013
00000013
00000013
00000013
00000013
00000013
00000013
0000a517
79850513
00000013
00000013
00000013
00000013
00000013
00000013
0001c097
804080e7
00000013
00000013
00000013
00000013
00000013
00000013
0000c517
9cb50513
00000013
00000013
00000013
00000013
00000013
00000013
0001b097
7c4080e7
00001097
a28080e7
1d50006f
00000013
00000013
00000013
0000c517
91550513
00000013
00000013
00000013
00000013
00000013
00000013
0001b097
784080e7
00000013
00000013
00000013
00000013
00000013
00000013
0000c517
92050513
00000013
00000013
00000013
00000013
00000013
00000013
0001b097
744080e7
0000a317
67832303
0000a397
6683a383
40730533
02000593
399000ef
00000013
00000013
00000013
00000013
00000013
00000013
00000013
0000a517
67850513
00000013
00000013
00000013
00000013
00000013
00000013
0001b097
6e4080e7
00000013
00000013
00000013
00000013
00000013
00000013
0000c517
99350513
00000013
00000013
00000013
00000013
00000013
00000013
0001b097
6a4080e7
00001097
908080e7
0b50006f
00000013
00000013
00000013
0000c517
a3a50513
00000013
00000013
00000013
00000013
00000013
00000013
0001b097
664080e7
0000a517
57c52503
04050a63
00100593
08b50663
00200593
0cb50263
00300593
0eb50e63
00000013
00000013
00000013
00000013
00000013
0000c517
a1650513
00000013
00000013
00000013
00000013
00000013
00000013
1000006f
00000013
00000013
00000013
00000013
00000013
00000013
00000013
0000c517
9b450513
00000013
00000013
00000013
00000013
00000013
00000013
0c00006f
00000013
00000013
00000013
00000013
00000013
00000013
00000013
0000c517
97c50513
00000013
00000013
00000013
00000013
00000013
00000013
0800006f
00000013
00000013
00000013
00000013
00000013
00000013
00000013
0000c517
94450513
00000013
00000013
00000013
00000013
00000013
00000013
0400006f
00000013
00000013
00000013
00000013
00000013
00000013
00000013
0000c517
90d50513
00000013
00000013
00000013
00000013
00000013
00000013
0001b097
504080e7
00000013
00000013
00000013
00000013
00000013
00000013
0000c517
8df50513
00000013
00000013
00000013
00000013
00000013
00000013
0001b097
4c4080e7
0000a517
3d852503
00100593
06b50863
00200593
0ab50463
00300593
0eb50063
00400593
10b50c63
00500593
14b50863
00600593
18b50463
00700593
1cb50063
00800593
1eb50c63
00000013
00000013
00000013
00000013
0000c517
9b650513
00000013
00000013
00000013
00000013
00000013
00000013
2000006f
00000013
00000013
00000013
00000013
00000013
00000013
00000013
0000c517
83950513
00000013
00000013
00000013
00000013
00000013
00000013
1c00006f
00000013
00000013
00000013
00000013
00000013
00000013
00000013
0000c517
82a50513
00000013
00000013
00000013
00000013
00000013
00000013
1800006f
00000013
00000013
00000013
00000013
00000013
00000013
00000013
0000c517
80a50513
00000013
00000013
00000013
00000013
00000013
00000013
1400006f
00000013
00000013
00000013
00000013
00000013
00000013
00000013
0000b517
7e850513
00000013
00000013
00000013
00000013
00000013
00000013
1000006f
00000013
00000013
00000013
00000013
00000013
00000013
00000013
0000b517
7c750513
00000013
00000013
00000013
00000013
00000013
00000013
0c00006f
00000013
00000013
00000013
00000013
00000013
00000013
00000013
0000b517
7af50513
00000013
00000013
00000013
00000013
00000013
00000013
0800006f
00000013
00000013
00000013
00000013
00000013
00000013
00000013
0000b517
79b50513
00000013
00000013
00000013
00000013
00000013
00000013
0400006f
00000013
00000013
00000013
00000013
00000013
00000013
00000013
0000b517
78750513
00000013
00000013
00000013
00000013
00000013
00000013
0001b097
244080e7
00000013
00000013
00000013
00000013
00000013
00000013
0000b517
78550513
00000013
00000013
00000013
00000013
00000013
00000013
0001b097
204080e7
0000a517
12852503
02000593
664000ef
00000013
00000013
0000a517
15850513
00000013
00000013
00000013
00000013
00000013
00000013
0001b097
1c4080e7
00000013
00000013
00000013
00000013
00000013
00000013
0000b517
71c50513
00000013
00000013
00000013
00000013
00000013
00000013
0001b097
184080e7
0000a517
0a052503
02000593
5e4000ef
00000013
00000013
0000a517
0d850513
00000013
00000013
00000013
00000013
00000013
00000013
0001b097
144080e7
0000a517
05852503
00200593
08b51463
00000013
00000013
0000b517
6b350513
00000013
00000013
00000013
00000013
00000013
00000013
0001b097
104080e7
0000a517
02852503
284000ef
0001b097
0f0080e7
00000013
0000b517
68a50513
00000013
00000013
00000013
00000013
00000013
00000013
0001b097
0c4080e7
0000a517
fe052503
244000ef
0001b097
0b0080e7
00000097
314080e7
0000a517
fbc52503
00100593
02b51e63
00000013
00000013
00000013
0000b517
6a050513
00000013
00000013
00000013
00000013
00000013
00000013
0001b097
064080e7
27c0006f
00200593
02b51e63
00000013
00000013
00000013
0000b517
73650513
00000013
00000013
00000013
00000013
00000013
00000013
0001b097
024080e7
23c0006f
00300593
02b51e63
00000013
00000013
00000013
0000b517
7e950513
00000013
00000013
00000013
00000013
00000013
00000013
0001b097
fe4080e7
1fc0006f
00400593
02b51e63
00000013
00000013
00000013
0000c517
8a450513
00000013
00000013
00000013
00000013
00000013
00000013
0001b097
fa4080e7
1bc0006f
00500593
02b51e63
00000013
00000013
00000013
0000c517
94b50513
00000013
00000013
00000013
00000013
00000013
00000013
0001b097
f64080e7
17c0006f
1780006f
00000013
00000013
00000013
00000013
0000b517
51850513
00000013
00000013
00000013
00000013
00000013
00000013
0001b097
f24080e7
0000a617
e7062603
00000013
00000013
00000013
00000013
0000a517
4bb50513
00000013
00000013
00000013
00000013
00000013
00000013
0001b097
ee4080e7
00065503
01000593
00357413
00300493
00941a63
00265403
01041413
00856533
02000593
32c000ef
00000013
00000013
00000013
00000013
0000a517
e1850513
00000013
00000013
00000013
00000013
00000013
00000013
0001b097
e84080e7
00000097
0e8080e7
0940006f
02054263
01800593
04b55463
0000a597
e0058593
00251613
00c585b3
0005a503
00008067
00100593
01f59593
00b54533
01000593
00b55e63
0000a597
e3458593
00251613
00c585b3
0005a503
00008067
00000013
00000013
00000013
00000013
00000013
00000013
00000013
0000a517
23e50513
00000013
00000013
00000013
00000013
00000013
00000013
00008067
00000013
00000013
00000013
00000013
00000013
00000013
00000013
0000b517
dc350513
00000013
00000013
00000013
00000013
00000013
00000013
0001b097
da4080e7
0001b097
dd4080e7
0000a617
ce060613
00162023
00000013
0000a517
35c50513
00000013
00000013
00000013
00000013
00000013
00000013
0001b097
d64080e7
0000a517
cb052503
02000593
1c4000ef
00000013
00000013
0000a517
cb850513
00000013
00000013
00000013
00000013
00000013
00000013
0001b097
d24080e7
00000013
00000013
00000013
00000013
00000013
00000013
0000a517
2ec50513
00000013
00000013
00000013
00000013
00000013
00000013
0001b097
ce4080e7
0000a517
c3852503
02000593
144000ef
00000013
00000013
0000a517
c3850513
00000013
00000013
00000013
00000013
00000013
00000013
0001b097
ca4080e7
00000013
00000013
00000013
00000013
00000013
00000013
0000a517
27c50513
00000013
00000013
00000013
00000013
00000013
00000013
0001b097
c64080e7
0000a517
bc052503
02000593
0c4000ef
00000013
00000013
0000a517
bb850513
00000013
00000013
00000013
00000013
00000013
00000013
0001b097
c24080e7
00000013
00000013
00000013
00000013
00000013
00000013
0000a517
20c50513
00000013
00000013
00000013
00000013
00000013
00000013
0001b097
be4080e7
0000a517
b4852503
02000593
044000ef
00000013
00000013
0000a517
b3850513
00000013
00000013
00000013
00000013
00000013
00000013
0001b097
ba4080e7
0000a617
ae860613
00062083
00008067
00000013
00000013
0000a617
af860613
00000013
00000013
00000013
00000013
00000013
00000013
03000693
00d60023
07800693
00d600a3
00260613
00058693
ffc68693
00d55733
00f77713
00a00793
00f74663
05770713
0080006f
03070713
00e60023
00160613
fc069ce3
00a00693
00d60023
000600a3
00008067
00a00693
02d54663
ff650513
03100713
00d54c63
ff650513
03200713
00d54663
ff650513
03300713
00e60023
00160613
03050513
00a60023
00a00693
00d600a3
00060123
00008067
00000013
00000013
00000013
00000013
00000013
00000013
00000013
00000013
00000013
00000013
00000013
00000013
00000013
00000013
00000013
00000013
00000013
00000013
00000013
00000013
00000013
00000013
00000013
00000013
00000013
00000013
00000013
00000013
00000013
00000013
00000013
00000013
00000013
00000013
00000013
00000013
00000013
00000013
00000013
00000013
00000013
00000000
00000000
00000000
00000000
00000000
00000000
00000000
00000000
00000000
00000000
00000000
00000000
00000000
00000000
00000000
00000000
00000000
00000000
00000000
00000000
00000000
00000000
00000000
00000000
00000000
00000000
00000000
00000000
00000000
00000000
00000000
00000000
00000000
00000000
00000000
00000000
00000000
00000000
00000000
00000000
00000000
00000000
00000000
00000000
00000000
00000000
00000000
00000000
00000000
00000000
00000000
00000000
00000000
00000000
00000000
00000000
00000000
00000000
00000000
00000000
00000000
00000000
00000000
00000000
00000000
00000000
00000000
00000000
00000000
00000000
00000000
00000000
00000000
00000000
00000000
00000000
00000000
00000000
00000000
00000000
00000000
00000000
00000000
00000000
00000000
00000000
00000000
00000000
00000000
00000000
00000000
00000000
00000000
00000000
00000000
00000000
00000000
00000000
00000000
00000000
00000000
00000000
00000000
00000000
00000000
00000000
00000000
00000000
00000000
00000000
00000000
00000000
00000000
00000000
00000000
00000000
00000000
00000000
00000000
00000000
00000000
00000000
00000000
00000000
00000000
00000000
00000000
00000000
00000000
00000000
00000000
00000000
00000000
00000000
00000000
00000000
00000000
00000000
00000000
00000000
00000000
00000000
00000000
00000000
00000000
00000000
00000000
00000000
00000000
00000000
00000000
00000000
00000000
00000000
00000000
00000000
00000000
00000000
00000000
00000000
00000000
00000000
00000000
00000000
00000000
00000000
00000000
00000000
00000000
00000000
00000000
00000000
00000000
00000000
00000000
00000000
00000000
00000000
00000000
00000000
00000000
00000000
00000000
00000000
00000000
00000000
00000000
00000000
00000000
00000000
00000000
00000000
00000000
00000000
00000000
00000000
00000000
00000000
00000000
00000000
00000000
00000000
00000000
00000000
00000000
00000000
00000000
00000000
00000000
00000000
00000000
00000000
00000000
00000000
00000000
00000000
00000000
00000000
00000000
00000000
00000000
00000000
00000000
00000000
00000000
00000000
00000000
00000000
00000000
00000000
00000000
00000000
00000000
00000000
00000000
00000000
00000000
00000000
00000000
00000000
00000000
00000000
00000000
00000000
00000000
00000000
00000000
00000000
00000000
00000000
00000000
00000000
00000000
00000000
00000000
00000000
00000000
00000000
00000000
00000000
00000000
00000000
00000000
00000000
00000000
00000000
00000000
00000000
00000000
00000000
00000000
00000000
00000000
00000000
00000000
00000000
00000000
00000000
00000000
00000000
00000000
00000000
00000000
00000000
00000000
00000000
00000000
00000000
00000000
00000000
00000000
00000000
00000000
00000000
00000000
00000000
00000000
00000000
00000000
00000000
00000000
00000000
00000000
00000000
00000000
00000000
00000000
00000000
00000000
00000000
00000000
00000000
00000000
00000000
00000000
00000000
00000000
00000000
00000000
00000000
00000000
00000000
00000000
00000000
00000000
00000000
00000000
00000000
00000000
00000000
00000000
00000000
00000000
00000000
00000000
00000000
00000000
00000000
00000000
00000000
00000000
00000000
00000000
00000000
00000000
00000000
00000000
00000000
00000000
00000000
00000000
00000000
00000000
00000000
00000000
00000000
00000000
00000000
00000000
00000000
00000000
00000000
00000000
00000000
00000000
00000000
00000000
00000000
00000000
00000000
00000000
00000000
00000000
00000000
00000000
00000000
00000000
00000000
00000000
00000000
00000000
00000000
00000000
00000000
00000000
00000000
00000000
00000000
00000000
00000000
00000000
00000000
00000000
00000000
00000000
00000000
00000000
00000000
00000000
00000000
00000000
00000000
00000000
00000000
00000000
00000000
00000000
00000000
00000000
00000000
00000000
00000000
00000000
00000000
00000000
00000000
00000000
00000000
00000000
00000000
00000000
00000000
00000000
00000000
00000000
00000000
00000000
00000000
00000000
00000000
00000000
00000000
00000000
00000000
00000000
00000000
00000000
00000000
00000000
00000000
00000000
00000000
00000000
00000000
00000000
00000000
00000000
00000000
00000000
00000000
00000000
00000000
00000000
00000000
00000000
00000000
00000000
00000000
00000000
00000000
00000000
00000000
00000000
00000000
00000000
00000000
00000000
00000000
00000000
00000000
00000000
00000000
00000000
00000000
00000000
00000000
00000000
00000000
00000000
00000000
00000000
00000000
00000000
00000000
00000000
00000000
00000000
00000000
00000000
00000000
00000000
00000000
00000000
00000000
00000000
00000000
00000000
00000000
00000000
00000000
00000000
00000000
00000000
00000000
00000000
00000000
00000000
00000000
00000000
00000000
00000000
00000000
00000000
00000000
00000000
00000000
00000000
00000000
00000000
00000000
00000000
00000000
00000000
00000000
00000000
00000000
00000000
00000000
00000000
00000000
00000000
00000000
00000000
00000000
00000000
00000000
00000000
00000000
00000000
00000000
00000000
00000000
00000000
00000000
00000000
00000000
00000000
00000000
00000000
00000000
00000000
00000000
00000000
00000000
00000000
00000000
00000000
00000000
00000000
00000000
00000000
00000000
00000000
00000000
00000000
00000000
00000000
00000000
00000000
00000000
00000000
00000000
00000000
00000000
00000000
00000000
00000000
00000000
00000000
00000000
00000000
00000000
00000000
00000000
00000000
00000000
00000000
00000000
00000000
00000000
00000000
00000000
00000000
00000000
00000000
00000000
00000000
00000000
00000000
00000000
00000000
00000000
00000000
00000000
00000000
00000000
00000000
00000000
00000000
00000000
00000000
00000000
00000000
00000000
00000000
00000000
00000000
00000000
00000000
00000000
00000000
00000000
00000000
00000000
00000000
00000000
00000000
00000000
00000000
00000000
00000000
00000000
00000000
00000000
00000000
00000000
00000000
00000000
00000000
00000000
00000000
00000000
00000000
00000000
00000000
00000000
00000000
00000000
00000000
00000000
00000000
00000000
00000000
00000000
00000000
00000000
00000000
00000000
00000000
00000000
00000000
00000000
00000000
00000000
00000000
00000000
00000000
00000000
00000000
00000000
00000000
00000000
00000000
00000000
00000000
00000000
00000000
00000000
00000000
00000000
00000000
00000000
00000000
00000000
00000000
00000000
00000000
00000000
00000000
00000000
00000000
00000000
00000000
00000000
00000000
00000000
00000000
00000000
00000000
00000000
00000000
00000000
00000000
00000000
00000000
00000000
00000000
00000000
00000000
00000000
00000000
00000000
00000000
00000000
00000000
00000000
00000000
00000000
00000000
00000000
00000000
00000000
00000000
00000000
00000000
00000000
00000000
00000000
00000000
00000000
00000000
00000000
00000000
00000000
00000000
00000000
00000000
00000000
00000000
00000000
00000000
00000000
00000000
00000000
00000000
00000000
00000000
00000000
00000000
00000000
00000000
00000000
00000000
00000000
00000000
00000000
00000000
00000000
00000000
00000000
00000000
00000000
00000000
00000000
00000000
00000000
00000000
00000000
00000000
00000000
00000000
00000000
00000000
00000000
00000000
00000000
00000000
00000000
00000000
00000000
00000000
00000000
00000000
00000000
00000000
00000000
00000000
00000000
00000000
00000000
00000000
00000000
00000000
00000000
00000000
00000000
00000000
00000000
00000000
00000000
00000000
00000000
00000000
00000000
00000000
00000000
00000000
00000000
00000000
00000000
00000000
00000000
00000000
00000000
00000000
00000000
00000000
00000000
00000000
00000000
00000000
00000000
00000000
00000000
00000000
00000000
00000000
00000000
00000000
00000000
00000000
00000000
00000000
00000000
00000000
00000000
00000000
00000000
00000000
00000000
00000000
00000000
00000000
00000000
00000000
00000000
00000000
00000000
00000000
00000000
00000000
00000000
00000000
00000000
00000000
00000000
00000000
00000000
00000000
00000000
00000000
00000000
00000000
00000000
00000000
00000000
00000000
00000000
00000000
00000000
00000000
00000000
00000000
00000000
00000000
00000000
00000000
00000000
00000000
00000000
00000000
00000000
00000000
00000000
00000000
00000000
00000000
00000000
00000000
00000000
00000000
00000000
00000000
00000000
00000000
00000000
00000000
00000000
00000000
00000000
00000000
00000000
00000000
00000000
00000000
00000000
00000000
00000000
00000000
00000000
00000000
00000000
00000000
00000000
00000000
00000000
00000000
00000000
00000000
00000000
00000000
00000000
00000000
00000000
00000000
00000000
00000000
00000000
00000000
00000000
00000000
00000000
00000000
00000000
00000000
00000000
00000000
00000000
00000000
00000000
00000000
00000000
00000000
00000000
00000000
00000000
00000000
00000000
00000000
00000000
00000000
00000000
00000000
00000000
00000000
00000000
00000000
00000000
00000000
00000000
00000000
00000000
00000000
00000000
00000000
00000000
00000000
00000000
00000000
00000000
00000000
00000000
00000000
00000000
00000000
00000000
00000000
00000000
00000000
00000000
00000000
00000000
00000000
00000000
00000000
00000000
00000000
00000000
00000000
00000000
00000000
00000000
00000000
00000000
00000000
00000000
00000000
00000000
00000000
00000000
00000000
00000000
00000000
00000000
00000000
00000000
00000000
00000000
00000000
00000000
00000000
00000000
00000000
00000000
00000000
00000000
00000000
00000000
00000000
00000000
00000000
00000000
00000000
00000000
00000000
00000000
00000000
00000000
00000000
00000000
00000000
00000000
00000000
00000000
00000000
00000000
00000000
00000000
00000000
00000000
00000000
00000000
00000000
00000000
00000000
00000000
00000000
00000000
00000000
00000000
00000000
00000000
00000000
00000000
00000000
00000000
00000000
00000000
00000000
00000000
00000000
00000000
00000000
00000000
00000000
00000000
00000000
00000000
00000000
00000000
00000000
00000000
00000000
00000000
00000000
00000000
00000000
00000000
00000000
00000000
00000000
00000000
00000000
00000000
00000000
00000000
00000000
00000000
00000000
00000000
00000000
00000000
00000000
00000000
00000000
00000000
00000000
00000000
00000000
00000000
00000000
00000000
00000000
00000000
00000000
00000000
00000000
00000000
00000000
00000000
00000000
00000000
00000000
00000000
00000000
00000000
00000000
00000000
00000000
00000000
00000000
00000000
00000000
00000000
00000000
00000000
00000000
00000000
00000000
00000000
00000000
00000000
00000000
00000000
00000000
00000000
00000000
00000000
00000000
00000000
00000000
00000000
00000000
00000000
00000000
00000000
00000000
00000000
00000000
00000000
00000000
00000000
00000000
00000000
00000000
00000000
00000000
00000000
00000000
00000000
00000000
00000000
00000000
00000000
00000000
00000000
00000000
00000000
00000000
00000000
00000000
00000000
00000000
00000000
00000000
00000000
00000000
00000000
00000000
00000000
00000000
00000000
00000000
00000000
00000000
00000000
00000000
00000000
00000000
00000000
00000000
00000000
00000000
00000000
00000000
00000000
00000000
00000000
00000000
00000000
00000000
00000000
00000000
00000000
00000000
00000000
00000000
00000000
00000000
00000000
00000000
00000000
00000000
00000000
00000000
00000000
00000000
00000000
00000000
00000000
00000000
00000000
00000000
00000000
00000000
00000000
00000000
00000000
00000000
00000000
00000000
00000000
00000000
00000000
00000000
00000000
00000000
00000000
00000000
00000000
00000000
00000000
00000000
00000000
00000000
00000000
00000000
00000000
00000000
00000000
00000000
00000000
00000000
00000000
00000000
00000000
00000000
00000000
00000000
00000000
00000000
00000000
00000000
00000000
00000000
00000000
00000000
00000000
00000000
00000000
00000000
00000000
00000000
00000000
00000000
00000000
00000000
00000000
00000000
00000000
00000000
00000000
00000000
00000000
00000000
00000000
00000000
00000000
00000000
00000000
00000000
00000000
00000000
00000000
00000000
00000000
00000000
00000000
00000000
00000000
00000000
00000000
00000000
00000000
00000000
00000000
00000000
00000000
00000000
00000000
00000000
00000000
00000000
00000000
00000000
00000000
00000000
00000000
00000000
00000000
00000000
00000000
00000000
00000000
00000000
00000000
00000000
00000000
00000000
00000000
00000000
00000000
00000000
00000000
00000000
00000000
00000000
00000000
00000000
00000000
00000000
00000000
00000000
00000000
00000000
00000000
00000000
00000000
00000000
00000000
00000000
00000000
00000000
00000000
00000000
00000000
00000000
00000000
00000000
00000000
00000000
00000000
00000000
00000000
00000000
00000000
00000000
00000000
00000000
00000000
00000000
00000000
00000000
00000000
00000000
00000000
00000000
00000000
00000000
00000000
00000000
00000000
00000000
00000000
00000000
00000000
00000000
00000000
00000000
00000000
00000000
00000000
00000000
00000000
00000000
00000000
00000000
00000000
00000000
00000000
00000000
00000000
00000000
00000000
00000000
00000000
00000000
00000000
00000000
00000000
00000000
00000000
00000000
00000000
00000000
00000000
00000000
00000000
00000000
00000000
00000000
00000000
00000000
00000000
00000000
00000000
00000000
00000000
00000000
00000000
00000000
00000000
00000000
00000000
00000000
00000000
00000000
00000000
00000000
00000000
00000000
00000000
00000000
00000000
00000000
00000000
00000000
00000000
00000000
00000000
00000000
00000000
00000000
00000000
00000000
00000000
00000000
00000000
00000000
00000000
00000000
00000000
00000000
00000000
00000000
00000000
00000000
00000000
00000000
00000000
00000000
00000000
00000000
00000000
00000000
00000000
00000000
00000000
00000000
00000000
00000000
00000000
00000000
00000000
00000000
00000000
00000000
00000000
00000000
00000000
00000000
00000000
00000000
00000000
00000000
00000000
00000000
00000000
00000000
00000000
00000000
00000000
00000000
00000000
00000000
00000000
00000000
00000000
00000000
00000000
00000000
00000000
00000000
00000000
00000000
00000000
00000000
00000000
00000000
00000000
00000000
00000000
00000000
00000000
00000000
00000000
00000000
00000000
00000000
00000000
00000000
00000000
00000000
00000000
00000000
00000000
00000000
00000000
00000000
00000000
00000000
00000000
00000000
00000000
00000000
00000000
00000000
00000000
00000000
00000000
00000000
00000000
00000000
00000000
00000000
00000000
00000000
00000000
00000000
00000000
00000000
00000000
00000000
00000000
00000000
00000000
00000000
00000000
00000000
00000000
00000000
00000000
00000000
00000000
00000000
00000000
00000000
00000000
00000000
00000000
00000000
00000000
00000000
00000000
00000000
00000000
00000000
00000000
00000000
00000000
00000000
00000000
00000000
00000000
00000000
00000000
00000000
00000000
00000000
00000000
00000000
00000000
00000000
00000000
00000000
00000000
00000000
00000000
00000000
00000000
00000000
00000000
00000000
00000000
00000000
00000000
00000000
00000000
00000000
00000000
00000000
00000000
00000000
00000000
00000000
00000000
00000000
00000000
00000000
00000000
00000000
00000000
00000000
00000000
00000000
00000000
00000000
00000000
00000000
00000000
00000000
00000000
00000000
00000000
00000000
00000000
00000000
00000000
00000000
00000000
00000000
00000000
00000000
00000000
00000000
00000000
00000000
00000000
00000000
00000000
00000000
00000000
00000000
00000000
00000000
00000000
00000000
00000000
00000000
00000000
00000000
00000000
00000000
00000000
00000000
00000000
00000000
00000000
00000000
00000000
00000000
00000000
00000000
00000000
00000000
00000000
00000000
00000000
00000000
00000000
00000000
00000000
00000000
00000000
00000000
00000000
00000000
00000000
00000000
00000000
00000000
00000000
00000000
00000000
00000000
00000000
00000000
00000000
00000000
00000000
00000000
00000000
00000000
00000000
00000000
00000000
00000000
00000000
00000000
00000000
00000000
00000000
00000000
00000000
00000000
00000000
00000000
00000000
00000000
00000000
00000000
00000000
00000000
00000000
00000000
00000000
00000000
00000000
00000000
00000000
00000000
00000000
00000000
00000000
00000000
00000000
00000000
00000000
00000000
00000000
00000000
00000000
00000000
00000000
00000000
00000000
00000000
00000000
00000000
00000000
00000000
00000000
00000000
00000000
00000000
00000000
00000000
00000000
00000000
00000000
00000000
00000000
00000000
00000000
00000000
00000000
00000000
00000000
00000000
00000000
00000000
00000000
00000000
00000000
00000000
00000000
00000000
00000000
00000000
00000000
00000000
00000000
00000000
00000000
00000000
00000000
00000000
00000000
00000000
00000000
00000000
00000000
00000000
00000000
00000000
00000000
00000000
00000000
00000000
00000000
00000000
00000000
00000000
00000000
00000000
00000000
00000000
00000000
00000000
00000000
00000000
00000000
00000000
00000000
00000000
00000000
00000000
00000000
00000000
00000000
00000000
00000000
00000000
00000000
00000000
00000000
00000000
00000000
00000000
00000000
00000000
00000000
00000000
00000000
00000000
00000000
00000000
00000000
00000000
00000000
00000000
00000000
00000000
00000000
00000000
00000000
00000000
00000000
00000000
00000000
00000000
00000000
00000000
00000000
00000000
00000000
00000000
00000000
00000000
00000000
00000000
00000000
00000000
00000000
00000000
00000000
00000000
00000000
00000000
00000000
00000000
00000000
00000000
00000000
00000000
00000000
00000000
00000000
00000000
00000000
00000000
00000000
00000000
00000000
00000000
00000000
00000000
00000000
00000000
00000000
00000000
00000000
00000000
00000000
00000000
00000000
00000000
00000000
00000000
00000000
00000000
00000000
00000000
00000000
00000000
00000000
00000000
00000000
00000000
00000000
00000000
00000000
00000000
00000000
00000000
00000000
00000000
00000000
00000000
00000000
00000000
00000000
00000000
00000000
00000000
00000000
00000000
00000000
00000000
00000000
00000000
00000000
00000000
00000000
00000000
00000000
00000000
00000000
00000000
00000000
00000000
00000000
00000000
00000000
00000000
00000000
00000000
00000000
00000000
00000000
00000000
00000000
00000000
00000000
00000000
00000000
00000000
00000000
00000000
00000000
00000000
00000000
00000000
00000000
00000000
00000000
00000000
00000000
00000000
00000000
00000000
00000000
00000000
00000000
00000000
00000000
00000000
00000000
00000000
00000000
00000000
00000000
00000000
00000000
00000000
00000000
00000000
00000000
00000000
00000000
00000000
00000000
00000000
00000000
00000000
00000000
00000000
00000000
00000000
00000000
00000000
00000000
00000000
00000000
00000000
00000000
00000000
00000000
00000000
00000000
00000000
00000000
00000000
00000000
00000000
00000000
00000000
00000000
00000000
00000000
00000000
00000000
00000000
00000000
00000000
00000000
00000000
00000000
00000000
00000000
00000000
00000000
00000000
00000000
00000000
00000000
00000000
00000000
00000000
00000000
00000000
00000000
00000000
00000000
00000000
00000000
00000000
00000000
00000000
00000000
00000000
00000000
00000000
00000000
00000000
00000000
00000000
00000000
00000000
00000000
00000000
00000000
00000000
00000000
00000000
00000000
00000000
00000000
00000000
00000000
00000000
00000000
00000000
00000000
00000000
00000000
00000000
00000000
00000000
00000000
00000000
00000000
00000000
00000000
00000000
00000000
00000000
00000000
00000000
00000000
00000000
00000000
00000000
00000000
00000000
00000000
00000000
00000000
00000000
00000000
00000000
00000000
00000000
00000000
00000000
00000000
00000000
00000000
00000000
00000000
00000000
00000000
00000000
00000000
00000000
00000000
00000000
00000000
00000000
00000000
00000000
00000000
00000000
00000000
00000000
00000000
00000000
00000000
00000000
00000000
00000000
00000000
00000000
00000000
00000000
00000000
00000000
00000000
00000000
00000000
00000000
00000000
00000000
00000000
00000000
00000000
00000000
00000000
00000000
00000000
00000000
00000000
00000000
00000000
00000000
00000000
00000000
00000000
00000000
00000000
00000000
00000000
00000000
00000000
00000000
00000000
00000000
00000000
00000000
00000000
00000000
00000000
00000000
00000000
00000000
00000000
00000000
00000000
00000000
00000000
00000000
00000000
00000000
00000000
00000000
00000000
00000000
00000000
00000000
00000000
00000000
00000000
00000000
00000000
00000000
00000000
00000000
00000000
00000000
00000000
00000000
00000000
00000000
00000000
00000000
00000000
00000000
00000000
00000000
00000000
00000000
00000000
00000000
00000000
00000000
00000000
00000000
00000000
00000000
00000000
00000000
00000000
00000000
00000000
00000000
00000000
00000000
00000000
00000000
00000000
00000000
00000000
00000000
00000000
00000000
00000000
00000000
00000000
00000000
00000000
00000000
00000000
00000000
00000000
00000000
00000000
00000000
00000000
00000000
00000000
00000000
00000000
00000000
00000000
00000000
00000000
00000000
00000000
00000000
00000000
00000000
00000000
00000000
00000000
00000000
00000000
00000000
00000000
00000000
00000000
00000000
00000000
00000000
00000000
00000000
00000000
00000000
00000000
00000000
00000000
00000000
00000000
00000000
00000000
00000000
00000000
00000000
00000000
00000000
00000000
00000000
00000000
00000000
00000000
00000000
00000000
00000000
00000000
00000000
00000000
00000000
00000000
00000000
00000000
00000000
00000000
00000000
00000000
00000000
00000000
00000000
00000000
00000000
00000000
00000000
00000000
00000000
00000000
00000000
00000000
00000000
00000000
00000000
00000000
00000000
00000000
00000000
00000000
00000000
00000000
00000000
00000000
00000000
00000000
00000000
00000000
00000000
00000000
00000000
00000000
00000000
00000000
00000000
00000000
00000000
00000000
00000000
00000000
00000000
00000000
00000000
00000000
00000000
00000000
00000000
00000000
00000000
00000000
00000000
00000000
00000000
00000000
00000000
00000000
00000000
00000000
00000000
00000000
00000000
00000000
00000000
00000000
00000000
00000000
00000000
00000000
00000000
00000000
00000000
00000000
00000000
00000000
00000000
00000000
00000000
00000000
00000000
00000000
00000000
00000000
00000000
00000000
00000000
00000000
00000000
00000000
00000000
00000000
00000000
00000000
00000000
00000000
00000000
00000000
00000000
00000000
00000000
00000000
00000000
00000000
00000000
00000000
00000000
00000000
00000000
00000000
00000000
00000000
00000000
00000000
00000000
00000000
fffebeef
dead0001
fffdbeef
dead0002
fffcbeef
dead0003
fffbbeef
dead0004
fffabeef
dead0005
fff9beef
dead0006
fff8beef
dead0007
fff7beef
dead0008
fff6beef
dead0009
fff5beef
dead000a
fff4beef
dead000b
fff3beef
dead000c
fff2beef
dead000d
fff1beef
dead000e
fff0beef
dead000f
ffefbeef
dead0010
ffeebeef
dead0011
ffedbeef
dead0012
ffecbeef
dead0013
ffebbeef
dead0014
ffeabeef
dead0015
ffe9beef
dead0016
ffe8beef
dead0017
ffe7beef
dead0018
ffe6beef
dead0019
ffe5beef
dead001a
ffe4beef
dead001b
ffe3beef
dead001c
ffe2beef
dead001d
ffe1beef
dead001e
ffe0beef
dead001f
ffdfbeef
dead0020
ffdebeef
dead0021
00000000
00000000
0000006f
0000006f
0000006f
0000006f
0000006f
0000006f
0000006f
0000006f
0000006f
0000006f
0000006f
0000006f
0000006f
0000006f
0000006f
0000006f
0000006f
0000006f
0000006f
0000006f
0000006f
0000006f
0000006f
0000006f
0000006f
0000006f
0000006f
0000006f
0000006f
0000006f
0000006f
0000006f
0000006f
0000006f
0000006f
0000006f
0000006f
0000006f
0000006f
0000006f
0000006f
0000006f
0000006f
0000006f
0000006f
0000006f
0000006f
0000006f
0000006f
0000006f
0000006f
0000006f
0000006f
0000006f
0000006f
0000006f
0000006f
0000006f
0000006f
0000006f
0000006f
0000006f
0000006f
0000006f
0000006f
0000006f
0000006f
0000006f
0000006f
0000006f
0000006f
0000006f
0000006f
0000006f
0000006f
0000006f
0000006f
0000006f
0000006f
0000006f
0000006f
0000006f
0000006f
0000006f
0000006f
0000006f
0000006f
0000006f
0000006f
0000006f
0000006f
0000006f
0000006f
0000006f
0000006f
0000006f
0000006f
0000006f
0000006f
0000006f
0000006f
0000006f
0000006f
0000006f
0000006f
0000006f
0000006f
0000006f
0000006f
0000006f
0000006f
0000006f
0000006f
0000006f
0000006f
0000006f
0000006f
0000006f
00004100
00000000
00003428
00000000
0000c3b0
00000000
00008b20
00000000
00014ed0
00000000
0000f060
00000000
00004100
00000000
00003428
00000000
000154c0
00000000
00000000
00000000
00000000
00000000
000078d8
00000000
00000000
00000000
00000000
00000000
00000000
00000000
00000000
00000000
deadbeef
deadbeef
deadbeef
deadbeef
deadbeef
deadbeef
deadbeef
deadbeef
deadbeef
deadbeef
deadbeef
deadbeef
deadbeef
deadbeef
deadbeef
deadbeef
00000000
00000000
d19a5feb
c067eff3
7fb8cfc1
5a0eb16c
bc0e423a
030e3a2f
675c575e
7d4def3c
c2ece8fb
73f2a267
7075748e
2f3562a6
cbe96dc4
62c923c2
7f8b73b2
e579afbf
b25d8225
72793c62
93d0b513
34a7f4a4
39b9521f
2a2f3732
93e1b567
97eb902f
01dd9369
3cdbec21
d3f3a812
ff17ecbc
cf6f86f3
db4c3328
2c405a1a
e61e303d
a36290b0
bd44e507
0207a983
bdc041dc
f8c5ca81
1a9f1fae
eb28c489
c26a9bf5
d4c6fb1b
e81a64e6
335c8efb
b5721fe0
1871dd8d
4528ec7e
6094cb2d
bbeb0780
48986100
9163f42f
f5df1104
9c1e59a3
1deebb3d
a0bfc292
7a9e4aad
b35c7e35
fdef3be4
b3bd73f4
60b5c98b
00fbc76d
a0ee7b65
9522d1df
913c6ef8
4cc4ebb8
00000000
00000001
00000002
80000000
80000001
7fffffff
7ffffffe
ffffffff
fffffffe
5bbc8872
aaaaaaaa
55555555
00000000
00000000
00000000
00000000
00000000
00000000
00000000
00000000
00000000
00000000
00000000
00000000
00000000
00000000
00000000
00000000
00000000
00000000
00000000
00000000
00000001
00000001
00000001
00000001
00000001
00000001
00000001
00000001
00000001
00000001
00000001
00000001
00000001
00000001
00000001
00000001
00000001
00000001
00000001
00000001
00000002
00000002
00000002
00000002
00000002
00000002
00000002
00000002
00000002
00000002
00000002
00000002
00000002
00000002
00000002
00000002
00000002
00000002
00000002
00000002
80000000
80000000
80000000
80000000
80000000
80000000
80000000
80000000
80000000
80000000
80000000
80000000
80000000
80000000
80000000
80000000
80000000
80000000
80000000
80000000
80000001
80000001
80000001
80000001
80000001
80000001
80000001
80000001
80000001
80000001
80000001
80000001
80000001
80000001
80000001
80000001
80000001
80000001
80000001
80000001
7fffffff
7fffffff
7fffffff
7fffffff
7fffffff
7fffffff
7fffffff
7fffffff
7fffffff
7fffffff
7fffffff
7fffffff
7fffffff
7fffffff
7fffffff
7fffffff
7fffffff
7fffffff
7fffffff
7fffffff
7ffffffe
7ffffffe
7ffffffe
7ffffffe
7ffffffe
7ffffffe
7ffffffe
7ffffffe
7ffffffe
7ffffffe
7ffffffe
7ffffffe
7ffffffe
7ffffffe
7ffffffe
7ffffffe
7ffffffe
7ffffffe
7ffffffe
7ffffffe
ffffffff
ffffffff
ffffffff
ffffffff
ffffffff
ffffffff
ffffffff
ffffffff
ffffffff
ffffffff
ffffffff
ffffffff
ffffffff
ffffffff
ffffffff
ffffffff
ffffffff
ffffffff
ffffffff
ffffffff
fffffffe
fffffffe
fffffffe
fffffffe
fffffffe
fffffffe
fffffffe
fffffffe
fffffffe
fffffffe
fffffffe
fffffffe
fffffffe
fffffffe
fffffffe
fffffffe
fffffffe
fffffffe
fffffffe
fffffffe
5bbc8872
5bbc8872
5bbc8872
5bbc8872
5bbc8872
5bbc8872
5bbc8872
5bbc8872
5bbc8872
5bbc8872
5bbc8872
5bbc8872
5bbc8872
5bbc8872
5bbc8872
5bbc8872
5bbc8872
5bbc8872
5bbc8872
5bbc8872
aaaaaaaa
aaaaaaaa
aaaaaaaa
aaaaaaaa
aaaaaaaa
aaaaaaaa
aaaaaaaa
aaaaaaaa
aaaaaaaa
aaaaaaaa
aaaaaaaa
aaaaaaaa
aaaaaaaa
aaaaaaaa
aaaaaaaa
aaaaaaaa
aaaaaaaa
aaaaaaaa
aaaaaaaa
aaaaaaaa
55555555
55555555
55555555
55555555
55555555
55555555
55555555
55555555
55555555
55555555
55555555
55555555
55555555
55555555
55555555
55555555
55555555
55555555
55555555
55555555
f43ab595
40fb74e1
87057d69
0fc23db7
f61aeeaf
fee2db2d
942e7de9
4040be76
58ce8f90
52a77d29
0556cd6d
42c067ec
ba25f653
7314b1c8
bd80b2f3
453b9cb7
dc4248ff
dba85008
378ccea6
14d68ecc
d07de1b0
5f2a1110
f853e8ca
1b1c9daa
cd1bde1e
af602b15
07adb221
350b3dba
f956bc1f
d50ce1de
c153a2e5
717233df
0aa776a7
f643cc07
171e173b
d6e820b3
7b4267c5
83badcbd
22ca5443
0356a174
d3da036a
3b56bcee
040c27f4
8f6266e5
b3ab0224
affb3b52
6761df82
e75bfb5f
5763761d
f677a032
9b02dab8
ff519f19
73657422
31203a74
6763203b
5f49203a
69726f78
3b67635f
3a706320
5f706320
3b317372
6e696220
3062203a
74220022
3a747365
203b3220
203a6763
6f785f49
635f6972
63203b67
63203a70
73725f70
62203b31
203a6e69
00223162
73657422
33203a74
6763203b
5f49203a
69726f78
3b67635f
3a706320
5f706320
3b317372
6e696220
3262203a
74220022
3a747365
203b3420
203a6763
6f785f49
635f6972
63203b67
63203a70
73725f70
62203b31
203a6e69
00223362
73657422
35203a74
6763203b
5f49203a
69726f78
3b67635f
3a706320
5f706320
3b317372
6e696220
3462203a
74220022
3a747365
203b3620
203a6763
6f785f49
635f6972
63203b67
63203a70
73725f70
62203b31
203a6e69
00223562
73657422
37203a74
6763203b
5f49203a
69726f78
3b67635f
3a706320
5f706320
3b317372
6e696220
3662203a
74220022
3a747365
203b3820
203a6763
6f785f49
635f6972
63203b67
63203a70
73725f70
62203b31
203a6e69
00223762
73657422
39203a74
6763203b
5f49203a
69726f78
3b67635f
3a706320
5f706320
3b317372
6e696220
3862203a
74220022
3a747365
3b303120
3a676320
785f4920
5f69726f
203b6763
203a7063
725f7063
203b3173
3a6e6962
22396220
65742200
203a7473
203b3131
203a6763
6f785f49
635f6972
63203b67
63203a70
73725f70
62203b31
203a6e69
22303162
65742200
203a7473
203b3231
203a6763
6f785f49
635f6972
63203b67
63203a70
73725f70
62203b31
203a6e69
22313162
65742200
203a7473
203b3331
203a6763
6f785f49
635f6972
63203b67
63203a70
73725f70
62203b31
203a6e69
22323162
65742200
203a7473
203b3431
203a6763
6f785f49
635f6972
63203b67
63203a70
73725f70
62203b31
203a6e69
22333162
65742200
203a7473
203b3531
203a6763
6f785f49
635f6972
63203b67
63203a70
73725f70
62203b31
203a6e69
22343162
65742200
203a7473
203b3631
203a6763
6f785f49
635f6972
63203b67
63203a70
73725f70
62203b31
203a6e69
22353162
65742200
203a7473
203b3731
203a6763
6f785f49
635f6972
63203b67
63203a70
73725f70
62203b31
203a6e69
22363162
65742200
203a7473
203b3831
203a6763
6f785f49
635f6972
63203b67
63203a70
73725f70
62203b31
203a6e69
22373162
65742200
203a7473
203b3931
203a6763
6f785f49
635f6972
63203b67
63203a70
73725f70
62203b31
203a6e69
22383162
65742200
203a7473
203b3032
203a6763
6f785f49
635f6972
63203b67
63203a70
73725f70
62203b31
203a6e69
22393162
65742200
203a7473
203b3132
203a6763
6f785f49
635f6972
63203b67
63203a70
73725f70
62203b31
203a6e69
22303262
65742200
203a7473
203b3232
203a6763
6f785f49
635f6972
63203b67
63203a70
73725f70
62203b31
203a6e69
22313262
65742200
203a7473
203b3332
203a6763
6f785f49
635f6972
63203b67
63203a70
73725f70
62203b31
203a6e69
22323262
65742200
203a7473
203b3432
203a6763
6f785f49
635f6972
63203b67
63203a70
73725f70
62203b31
203a6e69
22333262
65742200
203a7473
203b3532
203a6763
6f785f49
635f6972
63203b67
63203a70
73725f70
62203b31
203a6e69
22343262
65742200
203a7473
203b3632
203a6763
6f785f49
635f6972
63203b67
63203a70
73725f70
62203b31
203a6e69
22353262
65742200
203a7473
203b3732
203a6763
6f785f49
635f6972
63203b67
63203a70
73725f70
62203b31
203a6e69
22363262
65742200
203a7473
203b3832
203a6763
6f785f49
635f6972
63203b67
63203a70
73725f70
62203b31
203a6e69
22373262
65742200
203a7473
203b3932
203a6763
6f785f49
635f6972
63203b67
63203a70
73725f70
62203b31
203a6e69
22383262
65742200
203a7473
203b3033
203a6763
6f785f49
635f6972
63203b67
63203a70
73725f70
62203b31
203a6e69
22393262
65742200
203a7473
203b3133
203a6763
6f785f49
635f6972
63203b67
63203a70
73725f70
62203b31
203a6e69
22303362
65742200
203a7473
203b3233
203a6763
6f785f49
635f6972
63203b67
63203a70
73725f70
62203b31
203a6e69
22313362
65742200
203a7473
203b3333
203a6763
6f785f49
635f6972
63203b67
63203a70
64725f70
6962203b
62203a6e
22002230
74736574
3433203a
6763203b
5f49203a
69726f78
3b67635f
3a706320
5f706320
203b6472
3a6e6962
22316220
65742200
203a7473
203b3533
203a6763
6f785f49
635f6972
63203b67
63203a70
64725f70
6962203b
62203a6e
22002232
74736574
3633203a
6763203b
5f49203a
69726f78
3b67635f
3a706320
5f706320
203b6472
3a6e6962
22336220
65742200
203a7473
203b3733
203a6763
6f785f49
635f6972
63203b67
63203a70
64725f70
6962203b
62203a6e
22002234
74736574
3833203a
6763203b
5f49203a
69726f78
3b67635f
3a706320
5f706320
203b6472
3a6e6962
22356220
65742200
203a7473
203b3933
203a6763
6f785f49
635f6972
63203b67
63203a70
64725f70
6962203b
62203a6e
22002236
74736574
3034203a
6763203b
5f49203a
69726f78
3b67635f
3a706320
5f706320
203b6472
3a6e6962
22376220
65742200
203a7473
203b3134
203a6763
6f785f49
635f6972
63203b67
63203a70
64725f70
6962203b
62203a6e
22002238
74736574
3234203a
6763203b
5f49203a
69726f78
3b67635f
3a706320
5f706320
203b6472
3a6e6962
22396220
65742200
203a7473
203b3334
203a6763
6f785f49
635f6972
63203b67
63203a70
64725f70
6962203b
62203a6e
00223031
73657422
34203a74
63203b34
49203a67
726f785f
67635f69
7063203b
7063203a
3b64725f
6e696220
3162203a
22002231
74736574
3534203a
6763203b
5f49203a
69726f78
3b67635f
3a706320
5f706320
203b6472
3a6e6962
32316220
74220022
3a747365
3b363420
3a676320
785f4920
5f69726f
203b6763
203a7063
725f7063
62203b64
203a6e69
22333162
65742200
203a7473
203b3734
203a6763
6f785f49
635f6972
63203b67
63203a70
64725f70
6962203b
62203a6e
00223431
73657422
34203a74
63203b38
49203a67
726f785f
67635f69
7063203b
7063203a
3b64725f
6e696220
3162203a
22002235
74736574
3934203a
6763203b
5f49203a
69726f78
3b67635f
3a706320
5f706320
203b6472
3a6e6962
36316220
74220022
3a747365
3b303520
3a676320
785f4920
5f69726f
203b6763
203a7063
725f7063
62203b64
203a6e69
22373162
65742200
203a7473
203b3135
203a6763
6f785f49
635f6972
63203b67
63203a70
64725f70
6962203b
62203a6e
00223831
73657422
35203a74
63203b32
49203a67
726f785f
67635f69
7063203b
7063203a
3b64725f
6e696220
3162203a
22002239
74736574
3335203a
6763203b
5f49203a
69726f78
3b67635f
3a706320
5f706320
203b6472
3a6e6962
30326220
74220022
3a747365
3b343520
3a676320
785f4920
5f69726f
203b6763
203a7063
725f7063
62203b64
203a6e69
22313262
65742200
203a7473
203b3535
203a6763
6f785f49
635f6972
63203b67
63203a70
64725f70
6962203b
62203a6e
00223232
73657422
35203a74
63203b36
49203a67
726f785f
67635f69
7063203b
7063203a
3b64725f
6e696220
3262203a
22002233
74736574
3735203a
6763203b
5f49203a
69726f78
3b67635f
3a706320
5f706320
203b6472
3a6e6962
34326220
74220022
3a747365
3b383520
3a676320
785f4920
5f69726f
203b6763
203a7063
725f7063
62203b64
203a6e69
22353262
65742200
203a7473
203b3935
203a6763
6f785f49
635f6972
63203b67
63203a70
64725f70
6962203b
62203a6e
00223632
73657422
36203a74
63203b30
49203a67
726f785f
67635f69
7063203b
7063203a
3b64725f
6e696220
3262203a
22002237
74736574
3136203a
6763203b
5f49203a
69726f78
3b67635f
3a706320
5f706320
203b6472
3a6e6962
38326220
74220022
3a747365
3b323620
3a676320
785f4920
5f69726f
203b6763
203a7063
725f7063
62203b64
203a6e69
22393262
65742200
203a7473
203b3336
203a6763
6f785f49
635f6972
63203b67
63203a70
64725f70
6962203b
62203a6e
00223033
73657422
36203a74
63203b34
49203a67
726f785f
67635f69
7063203b
7063203a
3b64725f
6e696220
3362203a
22002231
74736574
3536203a
6763203b
5f49203a
69726f78
3b67635f
3a706320
5f706320
5f317372
65676465
62203b73
203a6e69
22307830
65742200
203a7473
203b3636
203a6763
6f785f49
635f6972
63203b67
63203a70
73725f70
64655f31
3b736567
6e696220
7830203a
22002231
74736574
3736203a
6763203b
5f49203a
69726f78
3b67635f
3a706320
5f706320
5f317372
65676465
62203b73
203a6e69
22327830
65742200
203a7473
203b3836
203a6763
6f785f49
635f6972
63203b67
63203a70
73725f70
64655f31
3b736567
6e696220
7830203a
30303038
30303030
74220022
3a747365
3b393620
3a676320
785f4920
5f69726f
203b6763
203a7063
725f7063
655f3173
73656764
6962203b
30203a6e
30303878
30303030
22002231
74736574
3037203a
6763203b
5f49203a
69726f78
3b67635f
3a706320
5f706320
5f317372
65676465
62203b73
203a6e69
66377830
66666666
00226666
73657422
37203a74
63203b31
49203a67
726f785f
67635f69
7063203b
7063203a
3173725f
6764655f
203b7365
3a6e6962
37783020
66666666
22656666
65742200
203a7473
203b3237
203a6763
6f785f49
635f6972
63203b67
63203a70
73725f70
64655f31
3b736567
6e696220
7830203a
66666666
66666666
74220022
3a747365
3b333720
3a676320
785f4920
5f69726f
203b6763
203a7063
725f7063
655f3173
73656764
6962203b
30203a6e
66666678
66666666
22002265
74736574
3437203a
6763203b
5f49203a
69726f78
3b67635f
3a706320
5f706320
5f317372
65676465
62203b73
203a6e69
62357830
38386362
00223237
73657422
37203a74
63203b35
49203a67
726f785f
67635f69
7063203b
7063203a
3173725f
6764655f
203b7365
3a6e6962
61783020
61616161
22616161
65742200
203a7473
203b3637
203a6763
6f785f49
635f6972
63203b67
63203a70
73725f70
64655f31
3b736567
6e696220
7830203a
35353535
35353535
74220022
3a747365
3b373720
3a676320
785f4920
5f69726f
203b6763
203a7063
725f7263
695f3173
655f6d6d
73656764
6962203b
72203a6e
61763173
78303d6c
69202c30
61766d6d
78303d6c
22002230
74736574
3837203a
6763203b
5f49203a
69726f78
3b67635f
3a706320
5f726320
5f317372
5f6d6d69
65676465
62203b73
203a6e69
76317372
303d6c61
202c3078
766d6d69
303d6c61
00223178
73657422
37203a74
63203b39
49203a67
726f785f
67635f69
7063203b
7263203a
3173725f
6d6d695f
6764655f
203b7365
3a6e6962
31737220
3d6c6176
2c307830
6d6d6920
3d6c6176
22327830
65742200
203a7473
203b3038
203a6763
6f785f49
635f6972
63203b67
63203a70
73725f72
6d695f31
64655f6d
3b736567
6e696220
7372203a
6c617631
3078303d
6d69202c
6c61766d
3378303d
74220022
3a747365
3b313820
3a676320
785f4920
5f69726f
203b6763
203a7063
725f7263
695f3173
655f6d6d
73656764
6962203b
72203a6e
61763173
78303d6c
69202c30
61766d6d
78303d6c
22002234
74736574
3238203a
6763203b
5f49203a
69726f78
3b67635f
3a706320
5f726320
5f317372
5f6d6d69
65676465
62203b73
203a6e69
76317372
303d6c61
202c3078
766d6d69
303d6c61
00223878
73657422
38203a74
63203b33
49203a67
726f785f
67635f69
7063203b
7263203a
3173725f
6d6d695f
6764655f
203b7365
3a6e6962
31737220
3d6c6176
2c307830
6d6d6920
3d6c6176
30317830
74220022
3a747365
3b343820
3a676320
785f4920
5f69726f
203b6763
203a7063
725f7263
695f3173
655f6d6d
73656764
6962203b
72203a6e
61763173
78303d6c
69202c30
61766d6d
78303d6c
00223032
73657422
38203a74
63203b35
49203a67
726f785f
67635f69
7063203b
7263203a
3173725f
6d6d695f
6764655f
203b7365
3a6e6962
31737220
3d6c6176
2c307830
6d6d6920
3d6c6176
30347830
74220022
3a747365
3b363820
3a676320
785f4920
5f69726f
203b6763
203a7063
725f7263
695f3173
655f6d6d
73656764
6962203b
72203a6e
61763173
78303d6c
69202c30
61766d6d
78303d6c
00223038
73657422
38203a74
63203b37
49203a67
726f785f
67635f69
7063203b
7263203a
3173725f
6d6d695f
6764655f
203b7365
3a6e6962
31737220
3d6c6176
2c307830
6d6d6920
3d6c6176
30317830
22002230
74736574
3838203a
6763203b
5f49203a
69726f78
3b67635f
3a706320
5f726320
5f317372
5f6d6d69
65676465
62203b73
203a6e69
76317372
303d6c61
202c3078
766d6d69
303d6c61
30303278
74220022
3a747365
3b393820
3a676320
785f4920
5f69726f
203b6763
203a7063
725f7263
695f3173
655f6d6d
73656764
6962203b
72203a6e
61763173
78303d6c
69202c30
61766d6d
78303d6c
22666633
65742200
203a7473
203b3039
203a6763
6f785f49
635f6972
63203b67
63203a70
73725f72
6d695f31
64655f6d
3b736567
6e696220
7372203a
6c617631
3078303d
6d69202c
6c61766d
3478303d
00223030
73657422
39203a74
63203b31
49203a67
726f785f
67635f69
7063203b
7263203a
3173725f
6d6d695f
6764655f
203b7365
3a6e6962
31737220
3d6c6176
2c307830
6d6d6920
3d6c6176
30377830
22002233
74736574
3239203a
6763203b
5f49203a
69726f78
3b67635f
3a706320
5f726320
5f317372
5f6d6d69
65676465
62203b73
203a6e69
76317372
303d6c61
202c3078
766d6d69
303d6c61
66663778
74220022
3a747365
3b333920
3a676320
785f4920
5f69726f
203b6763
203a7063
725f7263
695f3173
655f6d6d
73656764
6962203b
72203a6e
61763173
78303d6c
69202c30
61766d6d
302d3d6c
30303878
74220022
3a747365
3b343920
3a676320
785f4920
5f69726f
203b6763
203a7063
725f7263
695f3173
655f6d6d
73656764
6962203b
72203a6e
61763173
78303d6c
69202c30
61766d6d
302d3d6c
66663778
74220022
3a747365
3b353920
3a676320
785f4920
5f69726f
203b6763
203a7063
725f7263
695f3173
655f6d6d
73656764
6962203b
72203a6e
61763173
78303d6c
69202c30
61766d6d
302d3d6c
00223278
73657422
39203a74
63203b36
49203a67
726f785f
67635f69
7063203b
7263203a
3173725f
6d6d695f
6764655f
203b7365
3a6e6962
31737220
3d6c6176
2c307830
6d6d6920
3d6c6176
3178302d
74220022
3a747365
3b373920
3a676320
785f4920
5f69726f
203b6763
203a7063
725f7263
695f3173
655f6d6d
73656764
6962203b
72203a6e
61763173
78303d6c
69202c31
61766d6d
78303d6c
22002230
74736574
3839203a
6763203b
5f49203a
69726f78
3b67635f
3a706320
5f726320
5f317372
5f6d6d69
65676465
62203b73
203a6e69
76317372
303d6c61
202c3178
766d6d69
303d6c61
00223178
73657422
39203a74
63203b39
49203a67
726f785f
67635f69
7063203b
7263203a
3173725f
6d6d695f
6764655f
203b7365
3a6e6962
31737220
3d6c6176
2c317830
6d6d6920
3d6c6176
22327830
65742200
203a7473
3b303031
3a676320
785f4920
5f69726f
203b6763
203a7063
725f7263
695f3173
655f6d6d
73656764
6962203b
72203a6e
61763173
78303d6c
69202c31
61766d6d
78303d6c
22002233
74736574
3031203a
63203b31
49203a67
726f785f
67635f69
7063203b
7263203a
3173725f
6d6d695f
6764655f
203b7365
3a6e6962
31737220
3d6c6176
2c317830
6d6d6920
3d6c6176
22347830
65742200
203a7473
3b323031
3a676320
785f4920
5f69726f
203b6763
203a7063
725f7263
695f3173
655f6d6d
73656764
6962203b
72203a6e
61763173
78303d6c
69202c31
61766d6d
78303d6c
22002238
74736574
3031203a
63203b33
49203a67
726f785f
67635f69
7063203b
7263203a
3173725f
6d6d695f
6764655f
203b7365
3a6e6962
31737220
3d6c6176
2c317830
6d6d6920
3d6c6176
30317830
74220022
3a747365
34303120
6763203b
5f49203a
69726f78
3b67635f
3a706320
5f726320
5f317372
5f6d6d69
65676465
62203b73
203a6e69
76317372
303d6c61
202c3178
766d6d69
303d6c61
22303278
65742200
203a7473
3b353031
3a676320
785f4920
5f69726f
203b6763
203a7063
725f7263
695f3173
655f6d6d
73656764
6962203b
72203a6e
61763173
78303d6c
69202c31
61766d6d
78303d6c
00223034
73657422
31203a74
203b3630
203a6763
6f785f49
635f6972
63203b67
63203a70
73725f72
6d695f31
64655f6d
3b736567
6e696220
7372203a
6c617631
3178303d
6d69202c
6c61766d
3878303d
22002230
74736574
3031203a
63203b37
49203a67
726f785f
67635f69
7063203b
7263203a
3173725f
6d6d695f
6764655f
203b7365
3a6e6962
31737220
3d6c6176
2c317830
6d6d6920
3d6c6176
30317830
22002230
74736574
3031203a
63203b38
49203a67
726f785f
67635f69
7063203b
7263203a
3173725f
6d6d695f
6764655f
203b7365
3a6e6962
31737220
3d6c6176
2c317830
6d6d6920
3d6c6176
30327830
22002230
74736574
3031203a
63203b39
49203a67
726f785f
67635f69
7063203b
7263203a
3173725f
6d6d695f
6764655f
203b7365
3a6e6962
31737220
3d6c6176
2c317830
6d6d6920
3d6c6176
66337830
22002266
74736574
3131203a
63203b30
49203a67
726f785f
67635f69
7063203b
7263203a
3173725f
6d6d695f
6764655f
203b7365
3a6e6962
31737220
3d6c6176
2c317830
6d6d6920
3d6c6176
30347830
22002230
74736574
3131203a
63203b31
49203a67
726f785f
67635f69
7063203b
7263203a
3173725f
6d6d695f
6764655f
203b7365
3a6e6962
31737220
3d6c6176
2c317830
6d6d6920
3d6c6176
30377830
22002233
74736574
3131203a
63203b32
49203a67
726f785f
67635f69
7063203b
7263203a
3173725f
6d6d695f
6764655f
203b7365
3a6e6962
31737220
3d6c6176
2c317830
6d6d6920
3d6c6176
66377830
22002266
74736574
3131203a
63203b33
49203a67
726f785f
67635f69
7063203b
7263203a
3173725f
6d6d695f
6764655f
203b7365
3a6e6962
31737220
3d6c6176
2c317830
6d6d6920
3d6c6176
3878302d
00223030
73657422
31203a74
203b3431
203a6763
6f785f49
635f6972
63203b67
63203a70
73725f72
6d695f31
64655f6d
3b736567
6e696220
7372203a
6c617631
3178303d
6d69202c
6c61766d
78302d3d
22666637
65742200
203a7473
3b353131
3a676320
785f4920
5f69726f
203b6763
203a7063
725f7263
695f3173
655f6d6d
73656764
6962203b
72203a6e
61763173
78303d6c
69202c31
61766d6d
302d3d6c
00223278
73657422
31203a74
203b3631
203a6763
6f785f49
635f6972
63203b67
63203a70
73725f72
6d695f31
64655f6d
3b736567
6e696220
7372203a
6c617631
3178303d
6d69202c
6c61766d
78302d3d
22002231
74736574
3131203a
63203b37
49203a67
726f785f
67635f69
7063203b
7263203a
3173725f
6d6d695f
6764655f
203b7365
3a6e6962
31737220
3d6c6176
2c327830
6d6d6920
3d6c6176
22307830
65742200
203a7473
3b383131
3a676320
785f4920
5f69726f
203b6763
203a7063
725f7263
695f3173
655f6d6d
73656764
6962203b
72203a6e
61763173
78303d6c
69202c32
61766d6d
78303d6c
22002231
74736574
3131203a
63203b39
49203a67
726f785f
67635f69
7063203b
7263203a
3173725f
6d6d695f
6764655f
203b7365
3a6e6962
31737220
3d6c6176
2c327830
6d6d6920
3d6c6176
22327830
65742200
203a7473
3b303231
3a676320
785f4920
5f69726f
203b6763
203a7063
725f7263
695f3173
655f6d6d
73656764
6962203b
72203a6e
61763173
78303d6c
69202c32
61766d6d
78303d6c
22002233
74736574
3231203a
63203b31
49203a67
726f785f
67635f69
7063203b
7263203a
3173725f
6d6d695f
6764655f
203b7365
3a6e6962
31737220
3d6c6176
2c327830
6d6d6920
3d6c6176
22347830
65742200
203a7473
3b323231
3a676320
785f4920
5f69726f
203b6763
203a7063
725f7263
695f3173
655f6d6d
73656764
6962203b
72203a6e
61763173
78303d6c
69202c32
61766d6d
78303d6c
22002238
74736574
3231203a
63203b33
49203a67
726f785f
67635f69
7063203b
7263203a
3173725f
6d6d695f
6764655f
203b7365
3a6e6962
31737220
3d6c6176
2c327830
6d6d6920
3d6c6176
30317830
74220022
3a747365
34323120
6763203b
5f49203a
69726f78
3b67635f
3a706320
5f726320
5f317372
5f6d6d69
65676465
62203b73
203a6e69
76317372
303d6c61
202c3278
766d6d69
303d6c61
22303278
65742200
203a7473
3b353231
3a676320
785f4920
5f69726f
203b6763
203a7063
725f7263
695f3173
655f6d6d
73656764
6962203b
72203a6e
61763173
78303d6c
69202c32
61766d6d
78303d6c
00223034
73657422
31203a74
203b3632
203a6763
6f785f49
635f6972
63203b67
63203a70
73725f72
6d695f31
64655f6d
3b736567
6e696220
7372203a
6c617631
3278303d
6d69202c
6c61766d
3878303d
22002230
74736574
3231203a
63203b37
49203a67
726f785f
67635f69
7063203b
7263203a
3173725f
6d6d695f
6764655f
203b7365
3a6e6962
31737220
3d6c6176
2c327830
6d6d6920
3d6c6176
30317830
22002230
74736574
3231203a
63203b38
49203a67
726f785f
67635f69
7063203b
7263203a
3173725f
6d6d695f
6764655f
203b7365
3a6e6962
31737220
3d6c6176
2c327830
6d6d6920
3d6c6176
30327830
22002230
74736574
3231203a
63203b39
49203a67
726f785f
67635f69
7063203b
7263203a
3173725f
6d6d695f
6764655f
203b7365
3a6e6962
31737220
3d6c6176
2c327830
6d6d6920
3d6c6176
66337830
22002266
74736574
3331203a
63203b30
49203a67
726f785f
67635f69
7063203b
7263203a
3173725f
6d6d695f
6764655f
203b7365
3a6e6962
31737220
3d6c6176
2c327830
6d6d6920
3d6c6176
30347830
22002230
74736574
3331203a
63203b31
49203a67
726f785f
67635f69
7063203b
7263203a
3173725f
6d6d695f
6764655f
203b7365
3a6e6962
31737220
3d6c6176
2c327830
6d6d6920
3d6c6176
30377830
22002233
74736574
3331203a
63203b32
49203a67
726f785f
67635f69
7063203b
7263203a
3173725f
6d6d695f
6764655f
203b7365
3a6e6962
31737220
3d6c6176
2c327830
6d6d6920
3d6c6176
66377830
22002266
74736574
3331203a
63203b33
49203a67
726f785f
67635f69
7063203b
7263203a
3173725f
6d6d695f
6764655f
203b7365
3a6e6962
31737220
3d6c6176
2c327830
6d6d6920
3d6c6176
3878302d
00223030
73657422
31203a74
203b3433
203a6763
6f785f49
635f6972
63203b67
63203a70
73725f72
6d695f31
64655f6d
3b736567
6e696220
7372203a
6c617631
3278303d
6d69202c
6c61766d
78302d3d
22666637
65742200
203a7473
3b353331
3a676320
785f4920
5f69726f
203b6763
203a7063
725f7263
695f3173
655f6d6d
73656764
6962203b
72203a6e
61763173
78303d6c
69202c32
61766d6d
302d3d6c
00223278
73657422
31203a74
203b3633
203a6763
6f785f49
635f6972
63203b67
63203a70
73725f72
6d695f31
64655f6d
3b736567
6e696220
7372203a
6c617631
3278303d
6d69202c
6c61766d
78302d3d
22002231
74736574
3331203a
63203b37
49203a67
726f785f
67635f69
7063203b
7263203a
3173725f
6d6d695f
6764655f
203b7365
3a6e6962
31737220
3d6c6176
30387830
30303030
202c3030
766d6d69
303d6c61
00223078
73657422
31203a74
203b3833
203a6763
6f785f49
635f6972
63203b67
63203a70
73725f72
6d695f31
64655f6d
3b736567
6e696220
7372203a
6c617631
3878303d
30303030
2c303030
6d6d6920
3d6c6176
22317830
65742200
203a7473
3b393331
3a676320
785f4920
5f69726f
203b6763
203a7063
725f7263
695f3173
655f6d6d
73656764
6962203b
72203a6e
61763173
78303d6c
30303038
30303030
6d69202c
6c61766d
3278303d
74220022
3a747365
30343120
6763203b
5f49203a
69726f78
3b67635f
3a706320
5f726320
5f317372
5f6d6d69
65676465
62203b73
203a6e69
76317372
303d6c61
30303878
30303030
69202c30
61766d6d
78303d6c
22002233
74736574
3431203a
63203b31
49203a67
726f785f
67635f69
7063203b
7263203a
3173725f
6d6d695f
6764655f
203b7365
3a6e6962
31737220
3d6c6176
30387830
30303030
202c3030
766d6d69
303d6c61
00223478
73657422
31203a74
203b3234
203a6763
6f785f49
635f6972
63203b67
63203a70
73725f72
6d695f31
64655f6d
3b736567
6e696220
7372203a
6c617631
3878303d
30303030
2c303030
6d6d6920
3d6c6176
22387830
65742200
203a7473
3b333431
3a676320
785f4920
5f69726f
203b6763
203a7063
725f7263
695f3173
655f6d6d
73656764
6962203b
72203a6e
61763173
78303d6c
30303038
30303030
6d69202c
6c61766d
3178303d
22002230
74736574
3431203a
63203b34
49203a67
726f785f
67635f69
7063203b
7263203a
3173725f
6d6d695f
6764655f
203b7365
3a6e6962
31737220
3d6c6176
30387830
30303030
202c3030
766d6d69
303d6c61
22303278
65742200
203a7473
3b353431
3a676320
785f4920
5f69726f
203b6763
203a7063
725f7263
695f3173
655f6d6d
73656764
6962203b
72203a6e
61763173
78303d6c
30303038
30303030
6d69202c
6c61766d
3478303d
22002230
74736574
3431203a
63203b36
49203a67
726f785f
67635f69
7063203b
7263203a
3173725f
6d6d695f
6764655f
203b7365
3a6e6962
31737220
3d6c6176
30387830
30303030
202c3030
766d6d69
303d6c61
22303878
65742200
203a7473
3b373431
3a676320
785f4920
5f69726f
203b6763
203a7063
725f7263
695f3173
655f6d6d
73656764
6962203b
72203a6e
61763173
78303d6c
30303038
30303030
6d69202c
6c61766d
3178303d
00223030
73657422
31203a74
203b3834
203a6763
6f785f49
635f6972
63203b67
63203a70
73725f72
6d695f31
64655f6d
3b736567
6e696220
7372203a
6c617631
3878303d
30303030
2c303030
6d6d6920
3d6c6176
30327830
22002230
74736574
3431203a
63203b39
49203a67
726f785f
67635f69
7063203b
7263203a
3173725f
6d6d695f
6764655f
203b7365
3a6e6962
31737220
3d6c6176
30387830
30303030
202c3030
766d6d69
303d6c61
66663378
74220022
3a747365
30353120
6763203b
5f49203a
69726f78
3b67635f
3a706320
5f726320
5f317372
5f6d6d69
65676465
62203b73
203a6e69
76317372
303d6c61
30303878
30303030
69202c30
61766d6d
78303d6c
22303034
65742200
203a7473
3b313531
3a676320
785f4920
5f69726f
203b6763
203a7063
725f7263
695f3173
655f6d6d
73656764
6962203b
72203a6e
61763173
78303d6c
30303038
30303030
6d69202c
6c61766d
3778303d
00223330
73657422
31203a74
203b3235
203a6763
6f785f49
635f6972
63203b67
63203a70
73725f72
6d695f31
64655f6d
3b736567
6e696220
7372203a
6c617631
3878303d
30303030
2c303030
6d6d6920
3d6c6176
66377830
22002266
74736574
3531203a
63203b33
49203a67
726f785f
67635f69
7063203b
7263203a
3173725f
6d6d695f
6764655f
203b7365
3a6e6962
31737220
3d6c6176
30387830
30303030
202c3030
766d6d69
2d3d6c61
30387830
22002230
74736574
3531203a
63203b34
49203a67
726f785f
67635f69
7063203b
7263203a
3173725f
6d6d695f
6764655f
203b7365
3a6e6962
31737220
3d6c6176
30387830
30303030
202c3030
766d6d69
2d3d6c61
66377830
22002266
74736574
3531203a
63203b35
49203a67
726f785f
67635f69
7063203b
7263203a
3173725f
6d6d695f
6764655f
203b7365
3a6e6962
31737220
3d6c6176
30387830
30303030
202c3030
766d6d69
2d3d6c61
22327830
65742200
203a7473
3b363531
3a676320
785f4920
5f69726f
203b6763
203a7063
725f7263
695f3173
655f6d6d
73656764
6962203b
72203a6e
61763173
78303d6c
30303038
30303030
6d69202c
6c61766d
78302d3d
22002231
74736574
3531203a
63203b37
49203a67
726f785f
67635f69
7063203b
7263203a
3173725f
6d6d695f
6764655f
203b7365
3a6e6962
31737220
3d6c6176
30387830
30303030
202c3130
766d6d69
303d6c61
00223078
73657422
31203a74
203b3835
203a6763
6f785f49
635f6972
63203b67
63203a70
73725f72
6d695f31
64655f6d
3b736567
6e696220
7372203a
6c617631
3878303d
30303030
2c313030
6d6d6920
3d6c6176
22317830
65742200
203a7473
3b393531
3a676320
785f4920
5f69726f
203b6763
203a7063
725f7263
695f3173
655f6d6d
73656764
6962203b
72203a6e
61763173
78303d6c
30303038
31303030
6d69202c
6c61766d
3278303d
74220022
3a747365
30363120
6763203b
5f49203a
69726f78
3b67635f
3a706320
5f726320
5f317372
5f6d6d69
65676465
62203b73
203a6e69
76317372
303d6c61
30303878
30303030
69202c31
61766d6d
78303d6c
22002233
74736574
3631203a
63203b31
49203a67
726f785f
67635f69
7063203b
7263203a
3173725f
6d6d695f
6764655f
203b7365
3a6e6962
31737220
3d6c6176
30387830
30303030
202c3130
766d6d69
303d6c61
00223478
73657422
31203a74
203b3236
203a6763
6f785f49
635f6972
63203b67
63203a70
73725f72
6d695f31
64655f6d
3b736567
6e696220
7372203a
6c617631
3878303d
30303030
2c313030
6d6d6920
3d6c6176
22387830
65742200
203a7473
3b333631
3a676320
785f4920
5f69726f
203b6763
203a7063
725f7263
695f3173
655f6d6d
73656764
6962203b
72203a6e
61763173
78303d6c
30303038
31303030
6d69202c
6c61766d
3178303d
22002230
74736574
3631203a
63203b34
49203a67
726f785f
67635f69
7063203b
7263203a
3173725f
6d6d695f
6764655f
203b7365
3a6e6962
31737220
3d6c6176
30387830
30303030
202c3130
766d6d69
303d6c61
22303278
65742200
203a7473
3b353631
3a676320
785f4920
5f69726f
203b6763
203a7063
725f7263
695f3173
655f6d6d
73656764
6962203b
72203a6e
61763173
78303d6c
30303038
31303030
6d69202c
6c61766d
3478303d
22002230
74736574
3631203a
63203b36
49203a67
726f785f
67635f69
7063203b
7263203a
3173725f
6d6d695f
6764655f
203b7365
3a6e6962
31737220
3d6c6176
30387830
30303030
202c3130
766d6d69
303d6c61
22303878
65742200
203a7473
3b373631
3a676320
785f4920
5f69726f
203b6763
203a7063
725f7263
695f3173
655f6d6d
73656764
6962203b
72203a6e
61763173
78303d6c
30303038
31303030
6d69202c
6c61766d
3178303d
00223030
73657422
31203a74
203b3836
203a6763
6f785f49
635f6972
63203b67
63203a70
73725f72
6d695f31
64655f6d
3b736567
6e696220
7372203a
6c617631
3878303d
30303030
2c313030
6d6d6920
3d6c6176
30327830
22002230
74736574
3631203a
63203b39
49203a67
726f785f
67635f69
7063203b
7263203a
3173725f
6d6d695f
6764655f
203b7365
3a6e6962
31737220
3d6c6176
30387830
30303030
202c3130
766d6d69
303d6c61
66663378
74220022
3a747365
30373120
6763203b
5f49203a
69726f78
3b67635f
3a706320
5f726320
5f317372
5f6d6d69
65676465
62203b73
203a6e69
76317372
303d6c61
30303878
30303030
69202c31
61766d6d
78303d6c
22303034
65742200
203a7473
3b313731
3a676320
785f4920
5f69726f
203b6763
203a7063
725f7263
695f3173
655f6d6d
73656764
6962203b
72203a6e
61763173
78303d6c
30303038
31303030
6d69202c
6c61766d
3778303d
00223330
73657422
31203a74
203b3237
203a6763
6f785f49
635f6972
63203b67
63203a70
73725f72
6d695f31
64655f6d
3b736567
6e696220
7372203a
6c617631
3878303d
30303030
2c313030
6d6d6920
3d6c6176
66377830
22002266
74736574
3731203a
63203b33
49203a67
726f785f
67635f69
7063203b
7263203a
3173725f
6d6d695f
6764655f
203b7365
3a6e6962
31737220
3d6c6176
30387830
30303030
202c3130
766d6d69
2d3d6c61
30387830
22002230
74736574
3731203a
63203b34
49203a67
726f785f
67635f69
7063203b
7263203a
3173725f
6d6d695f
6764655f
203b7365
3a6e6962
31737220
3d6c6176
30387830
30303030
202c3130
766d6d69
2d3d6c61
66377830
22002266
74736574
3731203a
63203b35
49203a67
726f785f
67635f69
7063203b
7263203a
3173725f
6d6d695f
6764655f
203b7365
3a6e6962
31737220
3d6c6176
30387830
30303030
202c3130
766d6d69
2d3d6c61
22327830
65742200
203a7473
3b363731
3a676320
785f4920
5f69726f
203b6763
203a7063
725f7263
695f3173
655f6d6d
73656764
6962203b
72203a6e
61763173
78303d6c
30303038
31303030
6d69202c
6c61766d
78302d3d
22002231
74736574
3731203a
63203b37
49203a67
726f785f
67635f69
7063203b
7263203a
3173725f
6d6d695f
6764655f
203b7365
3a6e6962
31737220
3d6c6176
66377830
66666666
202c6666
766d6d69
303d6c61
00223078
73657422
31203a74
203b3837
203a6763
6f785f49
635f6972
63203b67
63203a70
73725f72
6d695f31
64655f6d
3b736567
6e696220
7372203a
6c617631
3778303d
66666666
2c666666
6d6d6920
3d6c6176
22317830
65742200
203a7473
3b393731
3a676320
785f4920
5f69726f
203b6763
203a7063
725f7263
695f3173
655f6d6d
73656764
6962203b
72203a6e
61763173
78303d6c
66666637
66666666
6d69202c
6c61766d
3278303d
74220022
3a747365
30383120
6763203b
5f49203a
69726f78
3b67635f
3a706320
5f726320
5f317372
5f6d6d69
65676465
62203b73
203a6e69
76317372
303d6c61
66663778
66666666
69202c66
61766d6d
78303d6c
22002233
74736574
3831203a
63203b31
49203a67
726f785f
67635f69
7063203b
7263203a
3173725f
6d6d695f
6764655f
203b7365
3a6e6962
31737220
3d6c6176
66377830
66666666
202c6666
766d6d69
303d6c61
00223478
73657422
31203a74
203b3238
203a6763
6f785f49
635f6972
63203b67
63203a70
73725f72
6d695f31
64655f6d
3b736567
6e696220
7372203a
6c617631
3778303d
66666666
2c666666
6d6d6920
3d6c6176
22387830
65742200
203a7473
3b333831
3a676320
785f4920
5f69726f
203b6763
203a7063
725f7263
695f3173
655f6d6d
73656764
6962203b
72203a6e
61763173
78303d6c
66666637
66666666
6d69202c
6c61766d
3178303d
22002230
74736574
3831203a
63203b34
49203a67
726f785f
67635f69
7063203b
7263203a
3173725f
6d6d695f
6764655f
203b7365
3a6e6962
31737220
3d6c6176
66377830
66666666
202c6666
766d6d69
303d6c61
22303278
65742200
203a7473
3b353831
3a676320
785f4920
5f69726f
203b6763
203a7063
725f7263
695f3173
655f6d6d
73656764
6962203b
72203a6e
61763173
78303d6c
66666637
66666666
6d69202c
6c61766d
3478303d
22002230
74736574
3831203a
63203b36
49203a67
726f785f
67635f69
7063203b
7263203a
3173725f
6d6d695f
6764655f
203b7365
3a6e6962
31737220
3d6c6176
66377830
66666666
202c6666
766d6d69
303d6c61
22303878
65742200
203a7473
3b373831
3a676320
785f4920
5f69726f
203b6763
203a7063
725f7263
695f3173
655f6d6d
73656764
6962203b
72203a6e
61763173
78303d6c
66666637
66666666
6d69202c
6c61766d
3178303d
00223030
73657422
31203a74
203b3838
203a6763
6f785f49
635f6972
63203b67
63203a70
73725f72
6d695f31
64655f6d
3b736567
6e696220
7372203a
6c617631
3778303d
66666666
2c666666
6d6d6920
3d6c6176
30327830
22002230
74736574
3831203a
63203b39
49203a67
726f785f
67635f69
7063203b
7263203a
3173725f
6d6d695f
6764655f
203b7365
3a6e6962
31737220
3d6c6176
66377830
66666666
202c6666
766d6d69
303d6c61
66663378
74220022
3a747365
30393120
6763203b
5f49203a
69726f78
3b67635f
3a706320
5f726320
5f317372
5f6d6d69
65676465
62203b73
203a6e69
76317372
303d6c61
66663778
66666666
69202c66
61766d6d
78303d6c
22303034
65742200
203a7473
3b313931
3a676320
785f4920
5f69726f
203b6763
203a7063
725f7263
695f3173
655f6d6d
73656764
6962203b
72203a6e
61763173
78303d6c
66666637
66666666
6d69202c
6c61766d
3778303d
00223330
73657422
31203a74
203b3239
203a6763
6f785f49
635f6972
63203b67
63203a70
73725f72
6d695f31
64655f6d
3b736567
6e696220
7372203a
6c617631
3778303d
66666666
2c666666
6d6d6920
3d6c6176
66377830
22002266
74736574
3931203a
63203b33
49203a67
726f785f
67635f69
7063203b
7263203a
3173725f
6d6d695f
6764655f
203b7365
3a6e6962
31737220
3d6c6176
66377830
66666666
202c6666
766d6d69
2d3d6c61
30387830
22002230
74736574
3931203a
63203b34
49203a67
726f785f
67635f69
7063203b
7263203a
3173725f
6d6d695f
6764655f
203b7365
3a6e6962
31737220
3d6c6176
66377830
66666666
202c6666
766d6d69
2d3d6c61
66377830
22002266
74736574
3931203a
63203b35
49203a67
726f785f
67635f69
7063203b
7263203a
3173725f
6d6d695f
6764655f
203b7365
3a6e6962
31737220
3d6c6176
66377830
66666666
202c6666
766d6d69
2d3d6c61
22327830
65742200
203a7473
3b363931
3a676320
785f4920
5f69726f
203b6763
203a7063
725f7263
695f3173
655f6d6d
73656764
6962203b
72203a6e
61763173
78303d6c
66666637
66666666
6d69202c
6c61766d
78302d3d
22002231
74736574
3931203a
63203b37
49203a67
726f785f
67635f69
7063203b
7263203a
3173725f
6d6d695f
6764655f
203b7365
3a6e6962
31737220
3d6c6176
66377830
66666666
202c6566
766d6d69
303d6c61
00223078
73657422
31203a74
203b3839
203a6763
6f785f49
635f6972
63203b67
63203a70
73725f72
6d695f31
64655f6d
3b736567
6e696220
7372203a
6c617631
3778303d
66666666
2c656666
6d6d6920
3d6c6176
22317830
65742200
203a7473
3b393931
3a676320
785f4920
5f69726f
203b6763
203a7063
725f7263
695f3173
655f6d6d
73656764
6962203b
72203a6e
61763173
78303d6c
66666637
65666666
6d69202c
6c61766d
3278303d
74220022
3a747365
30303220
6763203b
5f49203a
69726f78
3b67635f
3a706320
5f726320
5f317372
5f6d6d69
65676465
62203b73
203a6e69
76317372
303d6c61
66663778
66666666
69202c65
61766d6d
78303d6c
22002233
74736574
3032203a
63203b31
49203a67
726f785f
67635f69
7063203b
7263203a
3173725f
6d6d695f
6764655f
203b7365
3a6e6962
31737220
3d6c6176
66377830
66666666
202c6566
766d6d69
303d6c61
00223478
73657422
32203a74
203b3230
203a6763
6f785f49
635f6972
63203b67
63203a70
73725f72
6d695f31
64655f6d
3b736567
6e696220
7372203a
6c617631
3778303d
66666666
2c656666
6d6d6920
3d6c6176
22387830
65742200
203a7473
3b333032
3a676320
785f4920
5f69726f
203b6763
203a7063
725f7263
695f3173
655f6d6d
73656764
6962203b
72203a6e
61763173
78303d6c
66666637
65666666
6d69202c
6c61766d
3178303d
22002230
74736574
3032203a
63203b34
49203a67
726f785f
67635f69
7063203b
7263203a
3173725f
6d6d695f
6764655f
203b7365
3a6e6962
31737220
3d6c6176
66377830
66666666
202c6566
766d6d69
303d6c61
22303278
65742200
203a7473
3b353032
3a676320
785f4920
5f69726f
203b6763
203a7063
725f7263
695f3173
655f6d6d
73656764
6962203b
72203a6e
61763173
78303d6c
66666637
65666666
6d69202c
6c61766d
3478303d
22002230
74736574
3032203a
63203b36
49203a67
726f785f
67635f69
7063203b
7263203a
3173725f
6d6d695f
6764655f
203b7365
3a6e6962
31737220
3d6c6176
66377830
66666666
202c6566
766d6d69
303d6c61
22303878
65742200
203a7473
3b373032
3a676320
785f4920
5f69726f
203b6763
203a7063
725f7263
695f3173
655f6d6d
73656764
6962203b
72203a6e
61763173
78303d6c
66666637
65666666
6d69202c
6c61766d
3178303d
00223030
73657422
32203a74
203b3830
203a6763
6f785f49
635f6972
63203b67
63203a70
73725f72
6d695f31
64655f6d
3b736567
6e696220
7372203a
6c617631
3778303d
66666666
2c656666
6d6d6920
3d6c6176
30327830
22002230
74736574
3032203a
63203b39
49203a67
726f785f
67635f69
7063203b
7263203a
3173725f
6d6d695f
6764655f
203b7365
3a6e6962
31737220
3d6c6176
66377830
66666666
202c6566
766d6d69
303d6c61
66663378
74220022
3a747365
30313220
6763203b
5f49203a
69726f78
3b67635f
3a706320
5f726320
5f317372
5f6d6d69
65676465
62203b73
203a6e69
76317372
303d6c61
66663778
66666666
69202c65
61766d6d
78303d6c
22303034
65742200
203a7473
3b313132
3a676320
785f4920
5f69726f
203b6763
203a7063
725f7263
695f3173
655f6d6d
73656764
6962203b
72203a6e
61763173
78303d6c
66666637
65666666
6d69202c
6c61766d
3778303d
00223330
73657422
32203a74
203b3231
203a6763
6f785f49
635f6972
63203b67
63203a70
73725f72
6d695f31
64655f6d
3b736567
6e696220
7372203a
6c617631
3778303d
66666666
2c656666
6d6d6920
3d6c6176
66377830
22002266
74736574
3132203a
63203b33
49203a67
726f785f
67635f69
7063203b
7263203a
3173725f
6d6d695f
6764655f
203b7365
3a6e6962
31737220
3d6c6176
66377830
66666666
202c6566
766d6d69
2d3d6c61
30387830
22002230
74736574
3132203a
63203b34
49203a67
726f785f
67635f69
7063203b
7263203a
3173725f
6d6d695f
6764655f
203b7365
3a6e6962
31737220
3d6c6176
66377830
66666666
202c6566
766d6d69
2d3d6c61
66377830
22002266
74736574
3132203a
63203b35
49203a67
726f785f
67635f69
7063203b
7263203a
3173725f
6d6d695f
6764655f
203b7365
3a6e6962
31737220
3d6c6176
66377830
66666666
202c6566
766d6d69
2d3d6c61
22327830
65742200
203a7473
3b363132
3a676320
785f4920
5f69726f
203b6763
203a7063
725f7263
695f3173
655f6d6d
73656764
6962203b
72203a6e
61763173
78303d6c
66666637
65666666
6d69202c
6c61766d
78302d3d
22002231
74736574
3132203a
63203b37
49203a67
726f785f
67635f69
7063203b
7263203a
3173725f
6d6d695f
6764655f
203b7365
3a6e6962
31737220
3d6c6176
66667830
66666666
202c6666
766d6d69
303d6c61
00223078
73657422
32203a74
203b3831
203a6763
6f785f49
635f6972
63203b67
63203a70
73725f72
6d695f31
64655f6d
3b736567
6e696220
7372203a
6c617631
6678303d
66666666
2c666666
6d6d6920
3d6c6176
22317830
65742200
203a7473
3b393132
3a676320
785f4920
5f69726f
203b6763
203a7063
725f7263
695f3173
655f6d6d
73656764
6962203b
72203a6e
61763173
78303d6c
66666666
66666666
6d69202c
6c61766d
3278303d
74220022
3a747365
30323220
6763203b
5f49203a
69726f78
3b67635f
3a706320
5f726320
5f317372
5f6d6d69
65676465
62203b73
203a6e69
76317372
303d6c61
66666678
66666666
69202c66
61766d6d
78303d6c
22002233
74736574
3232203a
63203b31
49203a67
726f785f
67635f69
7063203b
7263203a
3173725f
6d6d695f
6764655f
203b7365
3a6e6962
31737220
3d6c6176
66667830
66666666
202c6666
766d6d69
303d6c61
00223478
73657422
32203a74
203b3232
203a6763
6f785f49
635f6972
63203b67
63203a70
73725f72
6d695f31
64655f6d
3b736567
6e696220
7372203a
6c617631
6678303d
66666666
2c666666
6d6d6920
3d6c6176
22387830
65742200
203a7473
3b333232
3a676320
785f4920
5f69726f
203b6763
203a7063
725f7263
695f3173
655f6d6d
73656764
6962203b
72203a6e
61763173
78303d6c
66666666
66666666
6d69202c
6c61766d
3178303d
22002230
74736574
3232203a
63203b34
49203a67
726f785f
67635f69
7063203b
7263203a
3173725f
6d6d695f
6764655f
203b7365
3a6e6962
31737220
3d6c6176
66667830
66666666
202c6666
766d6d69
303d6c61
22303278
65742200
203a7473
3b353232
3a676320
785f4920
5f69726f
203b6763
203a7063
725f7263
695f3173
655f6d6d
73656764
6962203b
72203a6e
61763173
78303d6c
66666666
66666666
6d69202c
6c61766d
3478303d
22002230
74736574
3232203a
63203b36
49203a67
726f785f
67635f69
7063203b
7263203a
3173725f
6d6d695f
6764655f
203b7365
3a6e6962
31737220
3d6c6176
66667830
66666666
202c6666
766d6d69
303d6c61
22303878
65742200
203a7473
3b373232
3a676320
785f4920
5f69726f
203b6763
203a7063
725f7263
695f3173
655f6d6d
73656764
6962203b
72203a6e
61763173
78303d6c
66666666
66666666
6d69202c
6c61766d
3178303d
00223030
73657422
32203a74
203b3832
203a6763
6f785f49
635f6972
63203b67
63203a70
73725f72
6d695f31
64655f6d
3b736567
6e696220
7372203a
6c617631
6678303d
66666666
2c666666
6d6d6920
3d6c6176
30327830
22002230
74736574
3232203a
63203b39
49203a67
726f785f
67635f69
7063203b
7263203a
3173725f
6d6d695f
6764655f
203b7365
3a6e6962
31737220
3d6c6176
66667830
66666666
202c6666
766d6d69
303d6c61
66663378
74220022
3a747365
30333220
6763203b
5f49203a
69726f78
3b67635f
3a706320
5f726320
5f317372
5f6d6d69
65676465
62203b73
203a6e69
76317372
303d6c61
66666678
66666666
69202c66
61766d6d
78303d6c
22303034
65742200
203a7473
3b313332
3a676320
785f4920
5f69726f
203b6763
203a7063
725f7263
695f3173
655f6d6d
73656764
6962203b
72203a6e
61763173
78303d6c
66666666
66666666
6d69202c
6c61766d
3778303d
00223330
73657422
32203a74
203b3233
203a6763
6f785f49
635f6972
63203b67
63203a70
73725f72
6d695f31
64655f6d
3b736567
6e696220
7372203a
6c617631
6678303d
66666666
2c666666
6d6d6920
3d6c6176
66377830
22002266
74736574
3332203a
63203b33
49203a67
726f785f
67635f69
7063203b
7263203a
3173725f
6d6d695f
6764655f
203b7365
3a6e6962
31737220
3d6c6176
66667830
66666666
202c6666
766d6d69
2d3d6c61
30387830
22002230
74736574
3332203a
63203b34
49203a67
726f785f
67635f69
7063203b
7263203a
3173725f
6d6d695f
6764655f
203b7365
3a6e6962
31737220
3d6c6176
66667830
66666666
202c6666
766d6d69
2d3d6c61
66377830
22002266
74736574
3332203a
63203b35
49203a67
726f785f
67635f69
7063203b
7263203a
3173725f
6d6d695f
6764655f
203b7365
3a6e6962
31737220
3d6c6176
66667830
66666666
202c6666
766d6d69
2d3d6c61
22327830
65742200
203a7473
3b363332
3a676320
785f4920
5f69726f
203b6763
203a7063
725f7263
695f3173
655f6d6d
73656764
6962203b
72203a6e
61763173
78303d6c
66666666
66666666
6d69202c
6c61766d
78302d3d
22002231
74736574
3332203a
63203b37
49203a67
726f785f
67635f69
7063203b
7263203a
3173725f
6d6d695f
6764655f
203b7365
3a6e6962
31737220
3d6c6176
66667830
66666666
202c6566
766d6d69
303d6c61
00223078
73657422
32203a74
203b3833
203a6763
6f785f49
635f6972
63203b67
63203a70
73725f72
6d695f31
64655f6d
3b736567
6e696220
7372203a
6c617631
6678303d
66666666
2c656666
6d6d6920
3d6c6176
22317830
65742200
203a7473
3b393332
3a676320
785f4920
5f69726f
203b6763
203a7063
725f7263
695f3173
655f6d6d
73656764
6962203b
72203a6e
61763173
78303d6c
66666666
65666666
6d69202c
6c61766d
3278303d
74220022
3a747365
30343220
6763203b
5f49203a
69726f78
3b67635f
3a706320
5f726320
5f317372
5f6d6d69
65676465
62203b73
203a6e69
76317372
303d6c61
66666678
66666666
69202c65
61766d6d
78303d6c
22002233
74736574
3432203a
63203b31
49203a67
726f785f
67635f69
7063203b
7263203a
3173725f
6d6d695f
6764655f
203b7365
3a6e6962
31737220
3d6c6176
66667830
66666666
202c6566
766d6d69
303d6c61
00223478
73657422
32203a74
203b3234
203a6763
6f785f49
635f6972
63203b67
63203a70
73725f72
6d695f31
64655f6d
3b736567
6e696220
7372203a
6c617631
6678303d
66666666
2c656666
6d6d6920
3d6c6176
22387830
65742200
203a7473
3b333432
3a676320
785f4920
5f69726f
203b6763
203a7063
725f7263
695f3173
655f6d6d
73656764
6962203b
72203a6e
61763173
78303d6c
66666666
65666666
6d69202c
6c61766d
3178303d
22002230
74736574
3432203a
63203b34
49203a67
726f785f
67635f69
7063203b
7263203a
3173725f
6d6d695f
6764655f
203b7365
3a6e6962
31737220
3d6c6176
66667830
66666666
202c6566
766d6d69
303d6c61
22303278
65742200
203a7473
3b353432
3a676320
785f4920
5f69726f
203b6763
203a7063
725f7263
695f3173
655f6d6d
73656764
6962203b
72203a6e
61763173
78303d6c
66666666
65666666
6d69202c
6c61766d
3478303d
22002230
74736574
3432203a
63203b36
49203a67
726f785f
67635f69
7063203b
7263203a
3173725f
6d6d695f
6764655f
203b7365
3a6e6962
31737220
3d6c6176
66667830
66666666
202c6566
766d6d69
303d6c61
22303878
65742200
203a7473
3b373432
3a676320
785f4920
5f69726f
203b6763
203a7063
725f7263
695f3173
655f6d6d
73656764
6962203b
72203a6e
61763173
78303d6c
66666666
65666666
6d69202c
6c61766d
3178303d
00223030
73657422
32203a74
203b3834
203a6763
6f785f49
635f6972
63203b67
63203a70
73725f72
6d695f31
64655f6d
3b736567
6e696220
7372203a
6c617631
6678303d
66666666
2c656666
6d6d6920
3d6c6176
30327830
22002230
74736574
3432203a
63203b39
49203a67
726f785f
67635f69
7063203b
7263203a
3173725f
6d6d695f
6764655f
203b7365
3a6e6962
31737220
3d6c6176
66667830
66666666
202c6566
766d6d69
303d6c61
66663378
74220022
3a747365
30353220
6763203b
5f49203a
69726f78
3b67635f
3a706320
5f726320
5f317372
5f6d6d69
65676465
62203b73
203a6e69
76317372
303d6c61
66666678
66666666
69202c65
61766d6d
78303d6c
22303034
65742200
203a7473
3b313532
3a676320
785f4920
5f69726f
203b6763
203a7063
725f7263
695f3173
655f6d6d
73656764
6962203b
72203a6e
61763173
78303d6c
66666666
65666666
6d69202c
6c61766d
3778303d
00223330
73657422
32203a74
203b3235
203a6763
6f785f49
635f6972
63203b67
63203a70
73725f72
6d695f31
64655f6d
3b736567
6e696220
7372203a
6c617631
6678303d
66666666
2c656666
6d6d6920
3d6c6176
66377830
22002266
74736574
3532203a
63203b33
49203a67
726f785f
67635f69
7063203b
7263203a
3173725f
6d6d695f
6764655f
203b7365
3a6e6962
31737220
3d6c6176
66667830
66666666
202c6566
766d6d69
2d3d6c61
30387830
22002230
74736574
3532203a
63203b34
49203a67
726f785f
67635f69
7063203b
7263203a
3173725f
6d6d695f
6764655f
203b7365
3a6e6962
31737220
3d6c6176
66667830
66666666
202c6566
766d6d69
2d3d6c61
66377830
22002266
74736574
3532203a
63203b35
49203a67
726f785f
67635f69
7063203b
7263203a
3173725f
6d6d695f
6764655f
203b7365
3a6e6962
31737220
3d6c6176
66667830
66666666
202c6566
766d6d69
2d3d6c61
22327830
65742200
203a7473
3b363532
3a676320
785f4920
5f69726f
203b6763
203a7063
725f7263
695f3173
655f6d6d
73656764
6962203b
72203a6e
61763173
78303d6c
66666666
65666666
6d69202c
6c61766d
78302d3d
22002231
74736574
3532203a
63203b37
49203a67
726f785f
67635f69
7063203b
7263203a
3173725f
6d6d695f
6764655f
203b7365
3a6e6962
31737220
3d6c6176
62357830
38386362
202c3237
766d6d69
303d6c61
00223078
73657422
32203a74
203b3835
203a6763
6f785f49
635f6972
63203b67
63203a70
73725f72
6d695f31
64655f6d
3b736567
6e696220
7372203a
6c617631
3578303d
38636262
2c323738
6d6d6920
3d6c6176
22317830
65742200
203a7473
3b393532
3a676320
785f4920
5f69726f
203b6763
203a7063
725f7263
695f3173
655f6d6d
73656764
6962203b
72203a6e
61763173
78303d6c
63626235
32373838
6d69202c
6c61766d
3278303d
74220022
3a747365
30363220
6763203b
5f49203a
69726f78
3b67635f
3a706320
5f726320
5f317372
5f6d6d69
65676465
62203b73
203a6e69
76317372
303d6c61
62623578
37383863
69202c32
61766d6d
78303d6c
22002233
74736574
3632203a
63203b31
49203a67
726f785f
67635f69
7063203b
7263203a
3173725f
6d6d695f
6764655f
203b7365
3a6e6962
31737220
3d6c6176
62357830
38386362
202c3237
766d6d69
303d6c61
00223478
73657422
32203a74
203b3236
203a6763
6f785f49
635f6972
63203b67
63203a70
73725f72
6d695f31
64655f6d
3b736567
6e696220
7372203a
6c617631
3578303d
38636262
2c323738
6d6d6920
3d6c6176
22387830
65742200
203a7473
3b333632
3a676320
785f4920
5f69726f
203b6763
203a7063
725f7263
695f3173
655f6d6d
73656764
6962203b
72203a6e
61763173
78303d6c
63626235
32373838
6d69202c
6c61766d
3178303d
22002230
74736574
3632203a
63203b34
49203a67
726f785f
67635f69
7063203b
7263203a
3173725f
6d6d695f
6764655f
203b7365
3a6e6962
31737220
3d6c6176
62357830
38386362
202c3237
766d6d69
303d6c61
22303278
65742200
203a7473
3b353632
3a676320
785f4920
5f69726f
203b6763
203a7063
725f7263
695f3173
655f6d6d
73656764
6962203b
72203a6e
61763173
78303d6c
63626235
32373838
6d69202c
6c61766d
3478303d
22002230
74736574
3632203a
63203b36
49203a67
726f785f
67635f69
7063203b
7263203a
3173725f
6d6d695f
6764655f
203b7365
3a6e6962
31737220
3d6c6176
62357830
38386362
202c3237
766d6d69
303d6c61
22303878
65742200
203a7473
3b373632
3a676320
785f4920
5f69726f
203b6763
203a7063
725f7263
695f3173
655f6d6d
73656764
6962203b
72203a6e
61763173
78303d6c
63626235
32373838
6d69202c
6c61766d
3178303d
00223030
73657422
32203a74
203b3836
203a6763
6f785f49
635f6972
63203b67
63203a70
73725f72
6d695f31
64655f6d
3b736567
6e696220
7372203a
6c617631
3578303d
38636262
2c323738
6d6d6920
3d6c6176
30327830
22002230
74736574
3632203a
63203b39
49203a67
726f785f
67635f69
7063203b
7263203a
3173725f
6d6d695f
6764655f
203b7365
3a6e6962
31737220
3d6c6176
62357830
38386362
202c3237
766d6d69
303d6c61
66663378
74220022
3a747365
30373220
6763203b
5f49203a
69726f78
3b67635f
3a706320
5f726320
5f317372
5f6d6d69
65676465
62203b73
203a6e69
76317372
303d6c61
62623578
37383863
69202c32
61766d6d
78303d6c
22303034
65742200
203a7473
3b313732
3a676320
785f4920
5f69726f
203b6763
203a7063
725f7263
695f3173
655f6d6d
73656764
6962203b
72203a6e
61763173
78303d6c
63626235
32373838
6d69202c
6c61766d
3778303d
00223330
73657422
32203a74
203b3237
203a6763
6f785f49
635f6972
63203b67
63203a70
73725f72
6d695f31
64655f6d
3b736567
6e696220
7372203a
6c617631
3578303d
38636262
2c323738
6d6d6920
3d6c6176
66377830
22002266
74736574
3732203a
63203b33
49203a67
726f785f
67635f69
7063203b
7263203a
3173725f
6d6d695f
6764655f
203b7365
3a6e6962
31737220
3d6c6176
62357830
38386362
202c3237
766d6d69
2d3d6c61
30387830
22002230
74736574
3732203a
63203b34
49203a67
726f785f
67635f69
7063203b
7263203a
3173725f
6d6d695f
6764655f
203b7365
3a6e6962
31737220
3d6c6176
62357830
38386362
202c3237
766d6d69
2d3d6c61
66377830
22002266
74736574
3732203a
63203b35
49203a67
726f785f
67635f69
7063203b
7263203a
3173725f
6d6d695f
6764655f
203b7365
3a6e6962
31737220
3d6c6176
62357830
38386362
202c3237
766d6d69
2d3d6c61
22327830
65742200
203a7473
3b363732
3a676320
785f4920
5f69726f
203b6763
203a7063
725f7263
695f3173
655f6d6d
73656764
6962203b
72203a6e
61763173
78303d6c
63626235
32373838
6d69202c
6c61766d
78302d3d
22002231
74736574
3732203a
63203b37
49203a67
726f785f
67635f69
7063203b
7263203a
3173725f
6d6d695f
6764655f
203b7365
3a6e6962
31737220
3d6c6176
61617830
61616161
202c6161
766d6d69
303d6c61
00223078
73657422
32203a74
203b3837
203a6763
6f785f49
635f6972
63203b67
63203a70
73725f72
6d695f31
64655f6d
3b736567
6e696220
7372203a
6c617631
6178303d
61616161
2c616161
6d6d6920
3d6c6176
22317830
65742200
203a7473
3b393732
3a676320
785f4920
5f69726f
203b6763
203a7063
725f7263
695f3173
655f6d6d
73656764
6962203b
72203a6e
61763173
78303d6c
61616161
61616161
6d69202c
6c61766d
3278303d
74220022
3a747365
30383220
6763203b
5f49203a
69726f78
3b67635f
3a706320
5f726320
5f317372
5f6d6d69
65676465
62203b73
203a6e69
76317372
303d6c61
61616178
61616161
69202c61
61766d6d
78303d6c
22002233
74736574
3832203a
63203b31
49203a67
726f785f
67635f69
7063203b
7263203a
3173725f
6d6d695f
6764655f
203b7365
3a6e6962
31737220
3d6c6176
61617830
61616161
202c6161
766d6d69
303d6c61
00223478
73657422
32203a74
203b3238
203a6763
6f785f49
635f6972
63203b67
63203a70
73725f72
6d695f31
64655f6d
3b736567
6e696220
7372203a
6c617631
6178303d
61616161
2c616161
6d6d6920
3d6c6176
22387830
65742200
203a7473
3b333832
3a676320
785f4920
5f69726f
203b6763
203a7063
725f7263
695f3173
655f6d6d
73656764
6962203b
72203a6e
61763173
78303d6c
61616161
61616161
6d69202c
6c61766d
3178303d
22002230
74736574
3832203a
63203b34
49203a67
726f785f
67635f69
7063203b
7263203a
3173725f
6d6d695f
6764655f
203b7365
3a6e6962
31737220
3d6c6176
61617830
61616161
202c6161
766d6d69
303d6c61
22303278
65742200
203a7473
3b353832
3a676320
785f4920
5f69726f
203b6763
203a7063
725f7263
695f3173
655f6d6d
73656764
6962203b
72203a6e
61763173
78303d6c
61616161
61616161
6d69202c
6c61766d
3478303d
22002230
74736574
3832203a
63203b36
49203a67
726f785f
67635f69
7063203b
7263203a
3173725f
6d6d695f
6764655f
203b7365
3a6e6962
31737220
3d6c6176
61617830
61616161
202c6161
766d6d69
303d6c61
22303878
65742200
203a7473
3b373832
3a676320
785f4920
5f69726f
203b6763
203a7063
725f7263
695f3173
655f6d6d
73656764
6962203b
72203a6e
61763173
78303d6c
61616161
61616161
6d69202c
6c61766d
3178303d
00223030
73657422
32203a74
203b3838
203a6763
6f785f49
635f6972
63203b67
63203a70
73725f72
6d695f31
64655f6d
3b736567
6e696220
7372203a
6c617631
6178303d
61616161
2c616161
6d6d6920
3d6c6176
30327830
22002230
74736574
3832203a
63203b39
49203a67
726f785f
67635f69
7063203b
7263203a
3173725f
6d6d695f
6764655f
203b7365
3a6e6962
31737220
3d6c6176
61617830
61616161
202c6161
766d6d69
303d6c61
66663378
74220022
3a747365
30393220
6763203b
5f49203a
69726f78
3b67635f
3a706320
5f726320
5f317372
5f6d6d69
65676465
62203b73
203a6e69
76317372
303d6c61
61616178
61616161
69202c61
61766d6d
78303d6c
22303034
65742200
203a7473
3b313932
3a676320
785f4920
5f69726f
203b6763
203a7063
725f7263
695f3173
655f6d6d
73656764
6962203b
72203a6e
61763173
78303d6c
61616161
61616161
6d69202c
6c61766d
3778303d
00223330
73657422
32203a74
203b3239
203a6763
6f785f49
635f6972
63203b67
63203a70
73725f72
6d695f31
64655f6d
3b736567
6e696220
7372203a
6c617631
6178303d
61616161
2c616161
6d6d6920
3d6c6176
66377830
22002266
74736574
3932203a
63203b33
49203a67
726f785f
67635f69
7063203b
7263203a
3173725f
6d6d695f
6764655f
203b7365
3a6e6962
31737220
3d6c6176
61617830
61616161
202c6161
766d6d69
2d3d6c61
30387830
22002230
74736574
3932203a
63203b34
49203a67
726f785f
67635f69
7063203b
7263203a
3173725f
6d6d695f
6764655f
203b7365
3a6e6962
31737220
3d6c6176
61617830
61616161
202c6161
766d6d69
2d3d6c61
66377830
22002266
74736574
3932203a
63203b35
49203a67
726f785f
67635f69
7063203b
7263203a
3173725f
6d6d695f
6764655f
203b7365
3a6e6962
31737220
3d6c6176
61617830
61616161
202c6161
766d6d69
2d3d6c61
22327830
65742200
203a7473
3b363932
3a676320
785f4920
5f69726f
203b6763
203a7063
725f7263
695f3173
655f6d6d
73656764
6962203b
72203a6e
61763173
78303d6c
61616161
61616161
6d69202c
6c61766d
78302d3d
22002231
74736574
3932203a
63203b37
49203a67
726f785f
67635f69
7063203b
7263203a
3173725f
6d6d695f
6764655f
203b7365
3a6e6962
31737220
3d6c6176
35357830
35353535
202c3535
766d6d69
303d6c61
00223078
73657422
32203a74
203b3839
203a6763
6f785f49
635f6972
63203b67
63203a70
73725f72
6d695f31
64655f6d
3b736567
6e696220
7372203a
6c617631
3578303d
35353535
2c353535
6d6d6920
3d6c6176
22317830
65742200
203a7473
3b393932
3a676320
785f4920
5f69726f
203b6763
203a7063
725f7263
695f3173
655f6d6d
73656764
6962203b
72203a6e
61763173
78303d6c
35353535
35353535
6d69202c
6c61766d
3278303d
74220022
3a747365
30303320
6763203b
5f49203a
69726f78
3b67635f
3a706320
5f726320
5f317372
5f6d6d69
65676465
62203b73
203a6e69
76317372
303d6c61
35353578
35353535
69202c35
61766d6d
78303d6c
22002233
74736574
3033203a
63203b31
49203a67
726f785f
67635f69
7063203b
7263203a
3173725f
6d6d695f
6764655f
203b7365
3a6e6962
31737220
3d6c6176
35357830
35353535
202c3535
766d6d69
303d6c61
00223478
73657422
33203a74
203b3230
203a6763
6f785f49
635f6972
63203b67
63203a70
73725f72
6d695f31
64655f6d
3b736567
6e696220
7372203a
6c617631
3578303d
35353535
2c353535
6d6d6920
3d6c6176
22387830
65742200
203a7473
3b333033
3a676320
785f4920
5f69726f
203b6763
203a7063
725f7263
695f3173
655f6d6d
73656764
6962203b
72203a6e
61763173
78303d6c
35353535
35353535
6d69202c
6c61766d
3178303d
22002230
74736574
3033203a
63203b34
49203a67
726f785f
67635f69
7063203b
7263203a
3173725f
6d6d695f
6764655f
203b7365
3a6e6962
31737220
3d6c6176
35357830
35353535
202c3535
766d6d69
303d6c61
22303278
65742200
203a7473
3b353033
3a676320
785f4920
5f69726f
203b6763
203a7063
725f7263
695f3173
655f6d6d
73656764
6962203b
72203a6e
61763173
78303d6c
35353535
35353535
6d69202c
6c61766d
3478303d
22002230
74736574
3033203a
63203b36
49203a67
726f785f
67635f69
7063203b
7263203a
3173725f
6d6d695f
6764655f
203b7365
3a6e6962
31737220
3d6c6176
35357830
35353535
202c3535
766d6d69
303d6c61
22303878
65742200
203a7473
3b373033
3a676320
785f4920
5f69726f
203b6763
203a7063
725f7263
695f3173
655f6d6d
73656764
6962203b
72203a6e
61763173
78303d6c
35353535
35353535
6d69202c
6c61766d
3178303d
00223030
73657422
33203a74
203b3830
203a6763
6f785f49
635f6972
63203b67
63203a70
73725f72
6d695f31
64655f6d
3b736567
6e696220
7372203a
6c617631
3578303d
35353535
2c353535
6d6d6920
3d6c6176
30327830
22002230
74736574
3033203a
63203b39
49203a67
726f785f
67635f69
7063203b
7263203a
3173725f
6d6d695f
6764655f
203b7365
3a6e6962
31737220
3d6c6176
35357830
35353535
202c3535
766d6d69
303d6c61
66663378
74220022
3a747365
30313320
6763203b
5f49203a
69726f78
3b67635f
3a706320
5f726320
5f317372
5f6d6d69
65676465
62203b73
203a6e69
76317372
303d6c61
35353578
35353535
69202c35
61766d6d
78303d6c
22303034
65742200
203a7473
3b313133
3a676320
785f4920
5f69726f
203b6763
203a7063
725f7263
695f3173
655f6d6d
73656764
6962203b
72203a6e
61763173
78303d6c
35353535
35353535
6d69202c
6c61766d
3778303d
00223330
73657422
33203a74
203b3231
203a6763
6f785f49
635f6972
63203b67
63203a70
73725f72
6d695f31
64655f6d
3b736567
6e696220
7372203a
6c617631
3578303d
35353535
2c353535
6d6d6920
3d6c6176
66377830
22002266
74736574
3133203a
63203b33
49203a67
726f785f
67635f69
7063203b
7263203a
3173725f
6d6d695f
6764655f
203b7365
3a6e6962
31737220
3d6c6176
35357830
35353535
202c3535
766d6d69
2d3d6c61
30387830
22002230
74736574
3133203a
63203b34
49203a67
726f785f
67635f69
7063203b
7263203a
3173725f
6d6d695f
6764655f
203b7365
3a6e6962
31737220
3d6c6176
35357830
35353535
202c3535
766d6d69
2d3d6c61
66377830
22002266
74736574
3133203a
63203b35
49203a67
726f785f
67635f69
7063203b
7263203a
3173725f
6d6d695f
6764655f
203b7365
3a6e6962
31737220
3d6c6176
35357830
35353535
202c3535
766d6d69
2d3d6c61
22327830
65742200
203a7473
3b363133
3a676320
785f4920
5f69726f
203b6763
203a7063
725f7263
695f3173
655f6d6d
73656764
6962203b
72203a6e
61763173
78303d6c
35353535
35353535
6d69202c
6c61766d
78302d3d
22002231
74736574
3133203a
63203b37
49203a67
726f785f
67635f69
7063203b
6d63203a
64725f70
3173725f
6962203b
62203a6e
22002230
74736574
3133203a
63203b38
49203a67
726f785f
67635f69
7063203b
6d63203a
64725f70
3173725f
6962203b
62203a6e
22002231
74736574
3133203a
63203b39
49203a67
726f785f
67635f69
7063203b
6d63203a
64725f70
3173725f
6962203b
62203a6e
22002232
74736574
3233203a
63203b30
49203a67
726f785f
67635f69
7063203b
6d63203a
64725f70
3173725f
6962203b
62203a6e
22002233
74736574
3233203a
63203b31
49203a67
726f785f
67635f69
7063203b
6d63203a
64725f70
3173725f
6962203b
62203a6e
22002234
74736574
3233203a
63203b32
49203a67
726f785f
67635f69
7063203b
6d63203a
64725f70
3173725f
6962203b
62203a6e
22002235
74736574
3233203a
63203b33
49203a67
726f785f
67635f69
7063203b
6d63203a
64725f70
3173725f
6962203b
62203a6e
22002236
74736574
3233203a
63203b34
49203a67
726f785f
67635f69
7063203b
6d63203a
64725f70
3173725f
6962203b
62203a6e
22002237
74736574
3233203a
63203b35
49203a67
726f785f
67635f69
7063203b
6d63203a
64725f70
3173725f
6962203b
62203a6e
22002238
74736574
3233203a
63203b36
49203a67
726f785f
67635f69
7063203b
6d63203a
64725f70
3173725f
6962203b
62203a6e
22002239
74736574
3233203a
63203b37
49203a67
726f785f
67635f69
7063203b
6d63203a
64725f70
3173725f
6962203b
62203a6e
00223031
73657422
33203a74
203b3832
203a6763
6f785f49
635f6972
63203b67
63203a70
725f706d
73725f64
62203b31
203a6e69
22313162
65742200
203a7473
3b393233
3a676320
785f4920
5f69726f
203b6763
203a7063
5f706d63
725f6472
203b3173
3a6e6962
32316220
74220022
3a747365
30333320
6763203b
5f49203a
69726f78
3b67635f
3a706320
706d6320
5f64725f
3b317372
6e696220
3162203a
22002233
74736574
3333203a
63203b31
49203a67
726f785f
67635f69
7063203b
6d63203a
64725f70
3173725f
6962203b
62203a6e
00223431
73657422
33203a74
203b3233
203a6763
6f785f49
635f6972
63203b67
63203a70
725f706d
73725f64
62203b31
203a6e69
22353162
65742200
203a7473
3b333333
3a676320
785f4920
5f69726f
203b6763
203a7063
5f706d63
725f6472
203b3173
3a6e6962
36316220
74220022
3a747365
34333320
6763203b
5f49203a
69726f78
3b67635f
3a706320
706d6320
5f64725f
3b317372
6e696220
3162203a
22002237
74736574
3333203a
63203b35
49203a67
726f785f
67635f69
7063203b
6d63203a
64725f70
3173725f
6962203b
62203a6e
00223831
73657422
33203a74
203b3633
203a6763
6f785f49
635f6972
63203b67
63203a70
725f706d
73725f64
62203b31
203a6e69
22393162
65742200
203a7473
3b373333
3a676320
785f4920
5f69726f
203b6763
203a7063
5f706d63
725f6472
203b3173
3a6e6962
30326220
74220022
3a747365
38333320
6763203b
5f49203a
69726f78
3b67635f
3a706320
706d6320
5f64725f
3b317372
6e696220
3262203a
22002231
74736574
3333203a
63203b39
49203a67
726f785f
67635f69
7063203b
6d63203a
64725f70
3173725f
6962203b
62203a6e
00223232
73657422
33203a74
203b3034
203a6763
6f785f49
635f6972
63203b67
63203a70
725f706d
73725f64
62203b31
203a6e69
22333262
65742200
203a7473
3b313433
3a676320
785f4920
5f69726f
203b6763
203a7063
5f706d63
725f6472
203b3173
3a6e6962
34326220
74220022
3a747365
32343320
6763203b
5f49203a
69726f78
3b67635f
3a706320
706d6320
5f64725f
3b317372
6e696220
3262203a
22002235
74736574
3433203a
63203b33
49203a67
726f785f
67635f69
7063203b
6d63203a
64725f70
3173725f
6962203b
62203a6e
00223632
73657422
33203a74
203b3434
203a6763
6f785f49
635f6972
63203b67
63203a70
725f706d
73725f64
62203b31
203a6e69
22373262
65742200
203a7473
3b353433
3a676320
785f4920
5f69726f
203b6763
203a7063
5f706d63
725f6472
203b3173
3a6e6962
38326220
74220022
3a747365
36343320
6763203b
5f49203a
69726f78
3b67635f
3a706320
706d6320
5f64725f
3b317372
6e696220
3262203a
22002239
74736574
3433203a
63203b37
49203a67
726f785f
67635f69
7063203b
6d63203a
64725f70
3173725f
6962203b
62203a6e
00223033
73657422
33203a74
203b3834
203a6763
6f785f49
635f6972
63203b67
63203a70
725f706d
73725f64
62203b31
203a6e69
22313362
65742200
203a7473
3b393433
3a676320
785f4920
5f69726f
203b6763
203a7063
695f7063
655f6d6d
73656764
6962203b
30203a6e
00223078
73657422
33203a74
203b3035
203a6763
6f785f49
635f6972
63203b67
63203a70
6d695f70
64655f6d
3b736567
6e696220
7830203a
22002231
74736574
3533203a
63203b31
49203a67
726f785f
67635f69
7063203b
7063203a
6d6d695f
6764655f
203b7365
3a6e6962
32783020
74220022
3a747365
32353320
6763203b
5f49203a
69726f78
3b67635f
3a706320
5f706320
5f6d6d69
65676465
62203b73
203a6e69
22337830
65742200
203a7473
3b333533
3a676320
785f4920
5f69726f
203b6763
203a7063
695f7063
655f6d6d
73656764
6962203b
30203a6e
00223478
73657422
33203a74
203b3435
203a6763
6f785f49
635f6972
63203b67
63203a70
6d695f70
64655f6d
3b736567
6e696220
7830203a
22002238
74736574
3533203a
63203b35
49203a67
726f785f
67635f69
7063203b
7063203a
6d6d695f
6764655f
203b7365
3a6e6962
31783020
22002230
74736574
3533203a
63203b36
49203a67
726f785f
67635f69
7063203b
7063203a
6d6d695f
6764655f
203b7365
3a6e6962
32783020
22002230
74736574
3533203a
63203b37
49203a67
726f785f
67635f69
7063203b
7063203a
6d6d695f
6764655f
203b7365
3a6e6962
34783020
22002230
74736574
3533203a
63203b38
49203a67
726f785f
67635f69
7063203b
7063203a
6d6d695f
6764655f
203b7365
3a6e6962
38783020
22002230
74736574
3533203a
63203b39
49203a67
726f785f
67635f69
7063203b
7063203a
6d6d695f
6764655f
203b7365
3a6e6962
31783020
00223030
73657422
33203a74
203b3036
203a6763
6f785f49
635f6972
63203b67
63203a70
6d695f70
64655f6d
3b736567
6e696220
7830203a
22303032
65742200
203a7473
3b313633
3a676320
785f4920
5f69726f
203b6763
203a7063
695f7063
655f6d6d
73656764
6962203b
30203a6e
66663378
74220022
3a747365
32363320
6763203b
5f49203a
69726f78
3b67635f
3a706320
5f706320
5f6d6d69
65676465
62203b73
203a6e69
30347830
22002230
74736574
3633203a
63203b33
49203a67
726f785f
67635f69
7063203b
7063203a
6d6d695f
6764655f
203b7365
3a6e6962
37783020
00223330
73657422
33203a74
203b3436
203a6763
6f785f49
635f6972
63203b67
63203a70
6d695f70
64655f6d
3b736567
6e696220
7830203a
22666637
65742200
203a7473
3b353633
3a676320
785f4920
5f69726f
203b6763
203a7063
695f7063
655f6d6d
73656764
6962203b
2d203a6e
30387830
22002230
74736574
3633203a
63203b36
49203a67
726f785f
67635f69
7063203b
7063203a
6d6d695f
6764655f
203b7365
3a6e6962
78302d20
22666637
65742200
203a7473
3b373633
3a676320
785f4920
5f69726f
203b6763
203a7063
695f7063
655f6d6d
73656764
6962203b
2d203a6e
22327830
65742200
203a7473
3b383633
3a676320
785f4920
5f69726f
203b6763
203a7063
695f7063
655f6d6d
73656764
6962203b
2d203a6e
22317830
00000000
00000000
baaaaaad
baaaaaad
baaaaaad
baaaaaad
baaaaaad
baaaaaad
baaaaaad
baaaaaad
baaaaaad
baaaaaad
baaaaaad
baaaaaad
baaaaaad
baaaaaad
baaaaaad
baaaaaad
baaaaaad
baaaaaad
baaaaaad
baaaaaad
baaaaaad
baaaaaad
baaaaaad
baaaaaad
baaaaaad
baaaaaad
baaaaaad
baaaaaad
baaaaaad
baaaaaad
baaaaaad
baaaaaad
baaaaaad
baaaaaad
baaaaaad
baaaaaad
baaaaaad
baaaaaad
baaaaaad
baaaaaad
baaaaaad
baaaaaad
baaaaaad
baaaaaad
baaaaaad
baaaaaad
baaaaaad
baaaaaad
baaaaaad
baaaaaad
baaaaaad
baaaaaad
baaaaaad
baaaaaad
baaaaaad
baaaaaad
baaaaaad
baaaaaad
baaaaaad
baaaaaad
baaaaaad
baaaaaad
baaaaaad
baaaaaad
feedf00d
baaaaaad
baaaaaad
baaaaaad
baaaaaad
baaaaaad
baaaaaad
baaaaaad
baaaaaad
baaaaaad
00000000
00000000
00000000
00000000
00000000
00000000
00000000
00000000
00000000
00000000
00000000
00000000
00000000
00000000
00000000
00000000
00000000
00000000
00000000
00000000
00000000
00000000
00000000
00000000
00000000
00000000
00000000
00000000
00000000
00000000
00000000
00000000
00000000
00000000
00013460
00013480
0001349a
000134af
000134bb
000134d4
000134e7
00013505
0001351d
0001353b
00013559
00013578
00013596
000135ae
000135bf
000135ce
000135e4
000135f1
00013600
00013610
00013620
0001363e
00013655
0001366a
00013686
0001369e
000136bd
000136e4
00013700
00013718
00013734
00013758
00013771
00013789
000137a8
000137cf
000137eb
00013810
0001382c
00013845
74736e49
74637572
206e6f69
72646461
20737365
6173696d
6e67696c
000a6465
74736e49
74637572
206e6f69
65636361
66207373
746c7561
6c49000a
6167656c
6e69206c
75727473
6f697463
42000a6e
6b616572
6e696f70
4c000a74
2064616f
72646461
20737365
6173696d
6e67696c
000a6465
64616f4c
63636120
20737365
6c756166
53000a74
65726f74
4f4d412f
64646120
73736572
73696d20
67696c61
0a64656e
6f745300
412f6572
61204f4d
73656363
61662073
0a746c75
766e4500
6e6f7269
746e656d
6c616320
7266206c
55206d6f
646f6d2d
45000a65
7269766e
656d6e6f
6320746e
206c6c61
6d6f7266
6d2d5320
0a65646f
766e4500
6e6f7269
746e656d
6c616320
7266206c
56206d6f
6f6d2d53
000a6564
69766e45
6d6e6f72
20746e65
6c6c6163
6f726620
2d4d206d
65646f6d
6e49000a
75727473
6f697463
6170206e
66206567
746c7561
6f4c000a
70206461
20656761
6c756166
52000a74
72657365
20646576
29343128
7453000a
2f65726f
204f4d41
65676170
75616620
000a746c
62756f44
7420656c
0a706172
73655200
65767265
31282064
000a2937
74666f53
65726177
65686320
000a6b63
64726148
65726177
72726520
000a726f
74736e49
74637572
206e6f69
73657567
61702d74
66206567
746c7561
6f4c000a
67206461
74736575
6761702d
61662065
0a746c75
72695600
6c617574
736e6920
63757274
6e6f6974
7453000a
2f65726f
204f4d41
73657567
61702d74
66206567
746c7561
6552000a
76726573
69206465
7265746e
74707572
29302820
7553000a
76726570
726f7369
666f7320
72617774
6e692065
72726574
0a747075
72695600
6c617574
70757320
69767265
20726f73
74666f73
65726177
746e6920
75727265
000a7470
6863614d
20656e69
74666f73
65726177
746e6920
75727265
000a7470
65736552
64657672
746e6920
75727265
28207470
000a2934
65707553
73697672
7420726f
72656d69
746e6920
75727265
000a7470
74726956
206c6175
65707573
73697672
7420726f
72656d69
746e6920
75727265
000a7470
6863614d
20656e69
656d6974
6e692072
72726574
0a747075
73655200
65767265
6e692064
72726574
20747075
0a293828
70755300
69767265
20726f73
65747865
6c616e72
746e6920
75727265
000a7470
74726956
206c6175
65707573
73697672
6520726f
72657478
206c616e
65746e69
70757272
4d000a74
69686361
6520656e
72657478
206c616e
65746e69
70757272
53000a74
72657075
6f736976
75672072
20747365
65747865
6c616e72
746e6920
75727265
000a7470
6e756f43
20726574
7265766f
776f6c66
746e6920
75727265
000a7470
65736552
64657672
746e6920
75727265
28207470
0a293431
73655200
65767265
6e692064
72726574
20747075
29353128
6e55000a
776f6e6b
75632f6e
6d6f7473
75616320
000a6573
4356520a
55532d50
52414d4d
54203a59
20545345
53534150
2d204445
73655420
69462074
2220656c
6f782d49
302d6972
22532e30
0a000a0a
50435652
4d55532d
5952414d
4554203a
46205453
454c4941
202d2044
74736554
6c694620
49222065
726f782d
30302d69
0a22532e
50435652
4544203a
20475542
4f464e49
54414d52
204e4f49
4c4c4f46
0a53574f
68542200
72742065
68207061
6c646e61
61207265
74726f62
74206465
74206568
20747365
6f666562
6e206572
616d726f
6f63206c
656c706d
6e6f6974
52002221
3a504356
73655420
6e492074
203a6f66
52000a00
3a504356
736e4920
63757274
6e6f6974
5200203a
3a504356
70704120
69786f72
6574616d
64646120
73736572
61662820
72756c69
616d2065
65622079
696c7320
6c746867
66612079
20726574
73696874
00203a29
50435652
6441203a
73657264
666f2073
736e6920
63757274
6e6f6974
61687420
72742074
65707061
58282064
29435045
5200203a
3a504356
736e4920
63757274
6e6f6974
61687420
72742074
65707061
00203a64
50435652
454d203a
203a4350
00202020
50435652
434d203a
45535541
0020203a
50435652
544d203a
3a4c4156
00202020
50435652
534d203a
55544154
00203a53
73694d22
6374616d
6e692068
61727420
69732070
74616e67
20657275
6e696f70
20726574
7366666f
20217465
20656854
74736574
6b696c20
20796c65
6573626f
64657672
206e6120
6f636e69
63657272
756e2074
7265626d
20666f20
70617274
00222e73
73694d22
6374616d
6e692068
61727420
69732070
74616e67
21657275
61725420
61772070
65622073
20676e69
646e6168
2064656c
4d206e69
646f4d2d
00222e65
73694d22
6374616d
6e692068
61727420
69732070
74616e67
21657275
61725420
61772070
65622073
20676e69
646e6168
2064656c
53206e69
646f4d2d
00222e65
73694d22
6374616d
6e692068
61727420
69732070
74616e67
21657275
61725420
61772070
65622073
20676e69
646e6168
2064656c
48206e69
6f4d2d53
222e6564
694d2200
74616d73
69206863
7274206e
73207061
616e6769
65727574
72542021
77207061
62207361
676e6965
6e616820
64656c64
206e6920
4d2d5356
2e65646f
4d220022
616d7369
20686374
6d206e69
73756163
61762065
2165756c
61725420
61772070
65622073
20676e69
646e6168
2064656c
4d206e69
646f4d2d
00222e65
73694d22
6374616d
6e692068
61637320
20657375
756c6176
54202165
20706172
20736177
6e696562
61682067
656c646e
6e692064
4d2d5320
2e65646f
4d220022
616d7369
20686374
73206e69
73756163
61762065
2165756c
61725420
61772070
65622073
20676e69
646e6168
2064656c
48206e69
6f4d2d53
222e6564
694d2200
74616d73
69206863
7376206e
73756163
61762065
2165756c
61725420
61772070
65622073
20676e69
646e6168
2064656c
56206e69
6f4d2d53
222e6564
694d2200
74616d73
69206863
656d206e
76206370
65756c61
72542021
77207061
62207361
676e6965
6e616820
64656c64
206e6920
6f4d2d4d
222e6564
694d2200
74616d73
69206863
6573206e
76206370
65756c61
72542021
77207061
62207361
676e6965
6e616820
64656c64
206e6920
6f4d2d53
222e6564
694d2200
74616d73
69206863
6573206e
76206370
65756c61
72542021
77207061
62207361
676e6965
6e616820
64656c64
206e6920
4d2d5348
2e65646f
4d220022
616d7369
20686374
76206e69
63706573
6c617620
20216575
70617254
73617720
69656220
6820676e
6c646e61
69206465
5356206e
646f4d2d
00222e65
73694d22
6374616d
6e692068
76746d20
76206c61
65756c61
72542021
77207061
62207361
676e6965
6e616820
64656c64
206e6920
6f4d2d4d
222e6564
694d2200
74616d73
69206863
7473206e
206c6176
756c6176
54202165
20706172
20736177
6e696562
61682067
656c646e
6e692064
4d2d5320
2e65646f
4d220022
616d7369
20686374
73206e69
6c617674
6c617620
20216575
70617254
73617720
69656220
6820676e
6c646e61
69206465
5348206e
646f4d2d
00222e65
73694d22
6374616d
6e692068
74737620
206c6176
756c6176
54202165
20706172
20736177
6e696562
61682067
656c646e
6e692064
2d535620
65646f4d
2200222e
6d73694d
68637461
206e6920
6176746d
7620326c
65756c61
72542021
77207061
62207361
676e6965
6e616820
64656c64
206e6920
6f4d2d4d
222e6564
694d2200
74616d73
69206863
746d206e
74736e69
6c617620
20216575
70617254
73617720
69656220
6820676e
6c646e61
69206465
2d4d206e
65646f4d
2200222e
6d73694d
68637461
206e6920
2070696d
756c6176
54202165
20706172
20736177
6e696562
61682067
656c646e
6e692064
4d2d4d20
2e65646f
4d220022
616d7369
20686374
73206e69
76207069
65756c61
72542021
77207061
62207361
676e6965
6e616820
64656c64
206e6920
6f4d2d53
222e6564
694d2200
74616d73
69206863
6968206e
61762070
2165756c
61725420
61772070
65622073
20676e69
646e6168
2064656c
48206e69
6f4d2d53
222e6564
694d2200
74616d73
69206863
7376206e
76207069
65756c61
72542021
77207061
62207361
676e6965
6e616820
64656c64
206e6920
4d2d5356
2e65646f
4d220022
616d7369
20686374
6d206e69
69686361
6520656e
72657478
206c616e
65746e69
70757272
44492074
72542021
77207061
62207361
676e6965
6e616820
64656c64
206e6920
6f4d2d4d
222e6564
694d2200
74616d73
69206863
7573206e
76726570
726f7369
74786520
616e7265
6e69206c
72726574
20747075
20214449
70617254
73617720
69656220
6820676e
6c646e61
69206465
2d4d206e
65646f4d
2200222e
6d73694d
68637461
206e6920
74726976
206c6175
65707573
73697672
6520726f
72657478
206c616e
65746e69
70757272
44492074
72542021
77207061
62207361
676e6965
6e616820
64656c64
206e6920
6f4d2d4d
222e6564
694d2200
74616d73
69206863
616d206e
6e696863
78652065
6e726574
69206c61
7265746e
74707572
21444920
61725420
61772070
65622073
20676e69
646e6168
2064656c
53206e69
646f4d2d
00222e65
73694d22
6374616d
6e692068
70757320
69767265
20726f73
65747865
6c616e72
746e6920
75727265
49207470
54202144
20706172
20736177
6e696562
61682067
656c646e
6e692064
4d2d5320
2e65646f
4d220022
616d7369
20686374
76206e69
75747269
73206c61
72657075
6f736976
78652072
6e726574
69206c61
7265746e
74707572
21444920
61725420
61772070
65622073
20676e69
646e6168
2064656c
53206e69
646f4d2d
00222e65
73694d22
6374616d
6e692068
63616d20
656e6968
74786520
616e7265
6e69206c
72726574
20747075
20214449
70617254
73617720
69656220
6820676e
6c646e61
69206465
5348206e
646f4d2d
00222e65
73694d22
6374616d
6e692068
70757320
69767265
20726f73
65747865
6c616e72
746e6920
75727265
49207470
54202144
20706172
20736177
6e696562
61682067
656c646e
6e692064
2d534820
65646f4d
2200222e
6d73694d
68637461
206e6920
74726976
206c6175
65707573
73697672
6520726f
72657478
206c616e
65746e69
70757272
44492074
72542021
77207061
62207361
676e6965
6e616820
64656c64
206e6920
4d2d5348
2e65646f
4d220022
616d7369
20686374
6d206e69
69686361
6520656e
72657478
206c616e
65746e69
70757272
44492074
72542021
77207061
62207361
676e6965
6e616820
64656c64
206e6920
4d2d5356
2e65646f
4d220022
616d7369
20686374
73206e69
72657075
6f736976
78652072
6e726574
69206c61
7265746e
74707572
21444920
61725420
61772070
65622073
20676e69
646e6168
2064656c
56206e69
6f4d2d53
222e6564
694d2200
74616d73
69206863
6976206e
61757472
7573206c
76726570
726f7369
74786520
616e7265
6e69206c
72726574
20747075
20214449
70617254
73617720
69656220
6820676e
6c646e61
69206465
5356206e
646f4d2d
00222e65
50435652
6552203a
74736967
203a7265
43565200
42203a50
56206461
65756c61
2020203a
00202020
50435652
7845203a
74636570
56206465
65756c61
5200203a
3a504356
444e4520
20464f20
55424544
4e492047
4d524f46
4f495441
000a0a4e
616c6666
000a7367
74736554
65736163
67697320
7574616e
63206572
72616e61
696d2079
74616d73
00216863
50435652
3d3d203a
203d3d3d
50415254
49414620
4552554c
41494420
534f4e47
53434954
3d3d3d20
000a3d3d
50435652
6146203a
72756c69
00203a65
50435652
5254203a
43205041
544e554f
53494d20
4354414d
202d2048
20545544
656e6567
65746172
20612064
66666964
6e657265
756e2074
7265626d
20666f20
70617274
68742073
74206e61
72206568
72656665
65636e65
646f6d20
0a2e6c65
43565200
45203a50
63657078
20646574
70617274
67697320
7574616e
6f206572
65736666
00203a74
50435652
6341203a
6c617574
61727420
69732070
74616e67
20657275
7366666f
203a7465
52002020
3a504356
41494420
534f4e47
203a5349
20545544
656e6567
65746172
4f4d2064
74204552
73706172
61687420
7865206e
74636570
0a2e6465
43565200
44203a50
4e474149
5349534f
5544203a
65672054
6172656e
20646574
45574546
72742052
20737061
6e616874
70786520
65746365
6d282064
69737369
7420676e
73706172
000a2e29
50435652
6944203a
72656666
65636e65
206e6920
70617274
67697320
7574616e
62206572
73657479
5200203a
3a504356
4e494820
45203a54
61727478
61727420
6d207370
69207961
6369646e
3a657461
75707320
756f6972
6e692073
72726574
73747075
6e69202c
72726f63
20746365
65637865
6f697470
56520a6e
203a5043
20202020
65642020
6167656c
6e6f6974
7277202c
20676e6f
76697270
67656c69
6f6d2065
61206564
6e692074
75727473
6f697463
7865206e
74756365
2c6e6f69
20726f20
520a6e61
3a504356
20202020
69202020
7274736e
69746375
63206e6f
69737561
6120676e
75616620
7420746c
20746168
756f6873
6e20646c
6620746f
746c7561
206e6f20
73696874
54554420
52000a2e
3a504356
4e494820
4d203a54
69737369
7420676e
73706172
79616d20
646e6920
74616369
65203a65
70656378
6e6f6974
746f6e20
69617220
20646573
6e656877
70786520
65746365
520a2c64
3a504356
20202020
69202020
726f636e
74636572
52534320
61747320
70206574
65766572
6e69746e
72742067
28207061
2e672e65
45497820
73696420
656c6261
202c2964
70617274
4356520a
20203a50
20202020
6c656420
74616765
206e6f69
73756163
20676e69
646e6168
2072656c
77206e69
676e6f72
646f6d20
6f202c65
4d502072
61702f50
66206567
746c7561
73696d20
2e646573
5652000a
203a5043
70617254
6e616820
72656c64
646f6d20
00203a65
6f6d2d4d
000a6564
6f6d2d53
000a6564
6d2d5348
0a65646f
2d535600
65646f6d
6e55000a
776f6e6b
52000a6e
3a504356
73694d20
6374616d
676e6968
65696620
203a646c
63655600
2b726f74
65646f4d
6174532b
20737574
64726f77
72742820
73207061
616e6769
65727574
726f7720
29302064
4358000a
45535541
72742820
73207061
616e6769
65727574
726f7720
29312064
4558000a
28204350
70617274
67697320
7574616e
77206572
2064726f
000a2932
41565458
7428204c
20706172
6e676973
72757461
6f772065
33206472
58000a29
28205049
70617274
67697320
7574616e
77206572
2064726f
69202c32
7265746e
74707572
4d000a29
4c415654
74282032
20706172
6e676973
72757461
6f772065
34206472
7968202c
76726570
726f7369
4d000a29
534e4954
74282054
20706172
6e676973
72757461
6f772065
35206472
7968202c
76726570
726f7369
45000a29
72657478
206c616e
65746e49
70757272
44492074
72742820
73207061
616e6769
65727574
726f7720
29332064
6e55000a
776f6e6b
6966206e
0a646c65
43565200
45203a50
63657078
20646574
756c6176
00203a65
50435652
6341203a
6c617574
6c617620
203a6575
52002020
3a504356
70784520
65746365
61632064
3a657375
56520020
203a5043
75746341
63206c61
65737561
2020203a
43565200
43203a50
65727275
4d20746e
3a435045
00202020
50435652
6e55203a
6f636572
7a696e67
74206465
20706172
6c696166
20657275
746e6f63
2e747865
69725020
6e69746e
76612067
616c6961
20656c62
20525343
74617473
000a3a65
50435652
4948203a
203a544e
74636556
4d2b726f
2065646f
64726f77
73696d20
6374616d
616d2068
6e692079
61636964
203a6574
70617274
6e616820
64656c64
206e6920
6e6f7277
56520a67
203a5043
20202020
72702020
6c697669
20656765
65646f6d
68632820
206b6365
6564656d
2f67656c
6564696d
2967656c
6e69202c
72726f63
20746365
6174736d
20737574
6c656966
520a7364
3a504356
20202020
28202020
2f50504d
2f505053
2956504d
726f202c
6f727720
7620676e
6f746365
20646572
65746e69
70757272
6e652074
2e797274
5652000a
203a5043
544e4948
4358203a
45535541
73696d20
6374616d
656d2068
20736e61
69642061
72656666
20746e65
65637865
6f697470
726f206e
746e6920
75727265
74207470
20657079
0a736177
50435652
2020203a
20202020
6573626f
64657672
6843202e
3a6b6365
736e6920
63757274
6e6f6974
636e6520
6e69646f
6f632067
63657272
73656e74
43202c73
61205253
73656363
69626973
7974696c
4356520a
20203a50
20202020
20746120
72727563
20746e65
76697270
67656c69
50202c65
702f504d
20656761
6c626174
6f632065
6769666e
74617275
2c6e6f69
74786520
69736e65
73206e6f
6f707075
0a2e7472
43565200
48203a50
3a544e49
50455820
696d2043
74616d73
6d206863
736e6165
65687420
61727420
636f2070
72727563
61206465
20612074
66666964
6e657265
6e692074
75727473
6f697463
520a2e6e
3a504356
20202020
54202020
20736968
6c756f63
6e692064
61636964
203a6574
66666964
6e657265
6f632074
6c206564
756f7961
6c282074
656b6e69
73692072
29657573
6e69202c
75727473
6f697463
56520a6e
203a5043
20202020
6c612020
6d6e6769
20746e65
66666964
6e657265
202c6563
6120726f
65727020
69646563
6920676e
7274736e
69746375
63206e6f
69737561
6120676e
6e75206e
65707865
64657463
61727420
000a2e70
50435652
4948203a
203a544e
41565458
696d204c
74616d73
202e6863
20726f46
656c6c69
206c6167
74736e69
74637572
736e6f69
7478202c
206c6176
756f6873
6320646c
61746e6f
74206e69
520a6568
3a504356
20202020
69202020
7274736e
69746375
65206e6f
646f636e
20676e69
20726f28
202e2930
20726f46
72646461
20737365
6c756166
202c7374
73207469
6c756f68
6f632064
6961746e
6874206e
56520a65
203a5043
20202020
61662020
69746c75
6120676e
65726464
202e7373
63656843
5544206b
20732754
61767478
6572206c
74726f70
20676e69
61686562
726f6976
52000a2e
3a504356
4e494820
58203a54
6d205049
616d7369
20686374
6e61656d
6e692073
72726574
20747075
646e6570
20676e69
73746962
66696420
2e726566
65684320
203a6b63
65746e69
70757272
56520a74
203a5043
20202020
6f632020
6f72746e
72656c6c
6e6f6320
75676966
69746172
202c6e6f
4f4d5652
204c4544
65746e69
70757272
65732074
6c632f74
20726165
7263616d
202c736f
656d6974
56520a72
203a5043
20202020
6f632020
6769666e
74617275
206e6f69
69746d28
6d2f656d
656d6974
29706d63
6e61202c
65642064
6167656c
6e6f6974
74657320
676e6974
000a2e73
6f5ca309
000004ae
c067ecb6
7fb8c8e3
a5f149dc
43f1bfa0
fcf1c6aa
98a3aff3
82b21207
3d131278
73f2a0e2
8f8a8c31
d0ca9c9a
cbe96df3
9d36dfd1
80748eac
e579aadb
b25d809b
8d86c5e4
6c2f4811
cb580ef9
39b952bb
d5d0ccaa
93e1b3cc
97eb906f
fe226b75
3cdbe856
d3f3a8fe
00e810ee
cf6f845b
db4c32c0
2c405b2a
19e1cda3
00000000
bd44e6bc
fdf855d7
bdc047dd
073a35e6
1a9f1e30
14d73ed9
3d9565d8
2b390310
17e598c3
cca375fa
b5721cb6
1871dbab
4528e96e
6094cc60
bbeb076a
b7679cc3
9163f52d
f5df1704
000002df
1deeba1e
5f4039ae
8561b47e
4ca386b5
0210c1ec
b3bd77ed
9f4a3029
00fbc6b8
a0ee7c6f
9522d18f
913c6b71
b33b1020
0000065f
00000187
0000017c
80000687
8000068b
800003fd
800002df
fffff847
fffffa30
a443740a
55555070
aaaaac07
00000000
00000001
00000002
00000003
00000004
00000008
00000010
00000020
00000040
00000080
00000100
00000200
000003ff
00000400
00000703
000007ff
fffff800
fffff801
fffffffe
ffffffff
00000001
00000000
00000003
00000002
00000005
00000009
00000011
00000021
00000041
00000081
00000101
00000201
000003fe
00000401
00000702
000007fe
fffff801
fffff800
ffffffff
fffffffe
00000002
00000003
00000000
00000001
00000006
0000000a
00000012
00000022
00000042
00000082
00000102
00000202
000003fd
00000402
00000701
000007fd
fffff802
fffff803
fffffffc
fffffffd
80000000
80000001
80000002
80000003
80000004
80000008
80000010
80000020
80000040
80000080
80000100
80000200
800003ff
80000400
80000703
800007ff
7ffff800
7ffff801
7ffffffe
7fffffff
80000001
80000000
80000003
80000002
80000005
80000009
80000011
80000021
80000041
80000081
80000101
80000201
800003fe
80000401
80000702
800007fe
7ffff801
7ffff800
7fffffff
7ffffffe
7fffffff
7ffffffe
7ffffffd
7ffffffc
7ffffffb
7ffffff7
7fffffef
7fffffdf
7fffffbf
7fffff7f
7ffffeff
7ffffdff
7ffffc00
7ffffbff
7ffff8fc
7ffff800
800007ff
800007fe
80000001
80000000
7ffffffe
7fffffff
7ffffffc
7ffffffd
7ffffffa
7ffffff6
7fffffee
7fffffde
7fffffbe
7fffff7e
7ffffefe
7ffffdfe
7ffffc01
7ffffbfe
7ffff8fd
7ffff801
800007fe
800007ff
80000000
80000001
ffffffff
fffffffe
fffffffd
fffffffc
fffffffb
fffffff7
ffffffef
ffffffdf
ffffffbf
ffffff7f
fffffeff
fffffdff
fffffc00
fffffbff
fffff8fc
fffff800
000007ff
000007fe
00000001
00000000
fffffffe
ffffffff
fffffffc
fffffffd
fffffffa
fffffff6
ffffffee
ffffffde
ffffffbe
ffffff7e
fffffefe
fffffdfe
fffffc01
fffffbfe
fffff8fd
fffff801
000007fe
000007ff
00000000
00000001
5bbc8872
5bbc8873
5bbc8870
5bbc8871
5bbc8876
5bbc887a
5bbc8862
5bbc8852
5bbc8832
5bbc88f2
5bbc8972
5bbc8a72
5bbc8b8d
5bbc8c72
5bbc8f71
5bbc8f8d
a4437072
a4437073
a443778c
a443778d
aaaaaaaa
aaaaaaab
aaaaaaa8
aaaaaaa9
aaaaaaae
aaaaaaa2
aaaaaaba
aaaaaa8a
aaaaaaea
aaaaaa2a
aaaaabaa
aaaaa8aa
aaaaa955
aaaaaeaa
aaaaada9
aaaaad55
555552aa
555552ab
55555554
55555555
55555555
55555554
55555557
55555556
55555551
5555555d
55555545
55555575
55555515
555555d5
55555455
55555755
555556aa
55555155
55555256
555552aa
aaaaad55
aaaaad54
aaaaaaab
aaaaaaaa
00000000
40fb77f7
78fa8088
f03dc749
f61aefbb
011d262c
942e7bd0
4040ba0d
a73175de
52a77b89
0556cd89
42c06536
ba25f044
7314b6db
427f494c
453b9dfe
dc424966
dba85308
378cce24
14d68b48
d07de056
5f2a135a
07ac11d8
e4e3636a
32e42630
509fd7aa
f8524d19
350b394f
06a9474a
d50ce3d1
3eac5de7
8e8dcd28
0aa776a7
f643cc06
171e1739
d6e820b0
7b4267c1
83badcb5
22ca5453
0356a154
d3da032a
3b56bc6e
040c26f4
8f6264e5
b3ab01db
affb3f52
6761d881
e75bfca0
a89c8e1d
09885833
64fd2546
00ae60e6
00000000
deadbeef
deadbeef
deadbeef
deadbeef
deadbeef
deadbeef
deadbeef
deadbeef
deadbeef
d3a91f6c
deadbeef
deadbeef
deadbeef
deadbeef
deadbeef
deadbeef
deadbeef
deadbeef
deadbeef
deadbeef
deadbeef
deadbeef
deadbeef
deadbeef
deadbeef
deadbeef
deadbeef
deadbeef
deadbeef
deadbeef
deadbeef
deadbeef
deadbeef
deadbeef
deadbeef
deadbeef
deadbeef
deadbeef
deadbeef
deadbeef
deadbeef
deadbeef
deadbeef
deadbeef
deadbeef
deadbeef
deadbeef
deadbeef
deadbeef
deadbeef
deadbeef
deadbeef
deadbeef
deadbeef
deadbeef
deadbeef
deadbeef
deadbeef
deadbeef
deadbeef
deadbeef
deadbeef
deadbeef
deadbeef
deadbeef
deadbeef
deadbeef
deadbeef
deadbeef
deadbeef
deadbeef
deadbeef
deadbeef
deadbeef
deadbeef
deadbeef
deadbeef
deadbeef
deadbeef
deadbeef
deadbeef
deadbeef
deadbeef
deadbeef
deadbeef
deadbeef
deadbeef
deadbeef
deadbeef
deadbeef
deadbeef
deadbeef
deadbeef
deadbeef
deadbeef
deadbeef
deadbeef
deadbeef
deadbeef
deadbeef
deadbeef
deadbeef
deadbeef
deadbeef
deadbeef
deadbeef
deadbeef
deadbeef
deadbeef
deadbeef
deadbeef
deadbeef
deadbeef
deadbeef
deadbeef
deadbeef
deadbeef
deadbeef
deadbeef
deadbeef
deadbeef
deadbeef
deadbeef
deadbeef
deadbeef
deadbeef
deadbeef
deadbeef
deadbeef
deadbeef
deadbeef
deadbeef
deadbeef
deadbeef
deadbeef
deadbeef
deadbeef
deadbeef
deadbeef
deadbeef
deadbeef
deadbeef
deadbeef
deadbeef
deadbeef
deadbeef
deadbeef
deadbeef
deadbeef
deadbeef
deadbeef
deadbeef
deadbeef
deadbeef
deadbeef
deadbeef
deadbeef
deadbeef
deadbeef
deadbeef
deadbeef
deadbeef
deadbeef
deadbeef
deadbeef
deadbeef
deadbeef
deadbeef
deadbeef
deadbeef
deadbeef
deadbeef
deadbeef
deadbeef
deadbeef
deadbeef
deadbeef
deadbeef
deadbeef
deadbeef
deadbeef
deadbeef
deadbeef
deadbeef
deadbeef
deadbeef
deadbeef
deadbeef
deadbeef
deadbeef
deadbeef
deadbeef
deadbeef
deadbeef
deadbeef
deadbeef
deadbeef
deadbeef
deadbeef
deadbeef
deadbeef
deadbeef
deadbeef
deadbeef
deadbeef
deadbeef
deadbeef
deadbeef
deadbeef
deadbeef
deadbeef
deadbeef
deadbeef
deadbeef
deadbeef
deadbeef
deadbeef
deadbeef
deadbeef
deadbeef
deadbeef
deadbeef
deadbeef
deadbeef
deadbeef
deadbeef
deadbeef
deadbeef
deadbeef
deadbeef
deadbeef
deadbeef
deadbeef
deadbeef
deadbeef
deadbeef
deadbeef
deadbeef
deadbeef
deadbeef
deadbeef
deadbeef
deadbeef
deadbeef
deadbeef
deadbeef
deadbeef
deadbeef
deadbeef
deadbeef
deadbeef
deadbeef
deadbeef
deadbeef
deadbeef
deadbeef
deadbeef
deadbeef
deadbeef
deadbeef
deadbeef
deadbeef
deadbeef
deadbeef
deadbeef
deadbeef
deadbeef
deadbeef
deadbeef
deadbeef
deadbeef
deadbeef
deadbeef
deadbeef
deadbeef
deadbeef
deadbeef
deadbeef
deadbeef
deadbeef
deadbeef
deadbeef
deadbeef
deadbeef
deadbeef
deadbeef
deadbeef
deadbeef
deadbeef
deadbeef
deadbeef
deadbeef
deadbeef
deadbeef
deadbeef
deadbeef
deadbeef
deadbeef
deadbeef
deadbeef
deadbeef
deadbeef
deadbeef
deadbeef
deadbeef
deadbeef
deadbeef
deadbeef
deadbeef
deadbeef
deadbeef
deadbeef
deadbeef
deadbeef
deadbeef
deadbeef
deadbeef
deadbeef
deadbeef
deadbeef
deadbeef
deadbeef
deadbeef
deadbeef
deadbeef
deadbeef
deadbeef
deadbeef
deadbeef
deadbeef
deadbeef
deadbeef
deadbeef
deadbeef
deadbeef
deadbeef
deadbeef
deadbeef
deadbeef
deadbeef
deadbeef
deadbeef
deadbeef
deadbeef
deadbeef
deadbeef
deadbeef
deadbeef
deadbeef
deadbeef
deadbeef
deadbeef
deadbeef
deadbeef
deadbeef
deadbeef
deadbeef
deadbeef
deadbeef
deadbeef
deadbeef
deadbeef
deadbeef
deadbeef
deadbeef
deadbeef
deadbeef
deadbeef
deadbeef
deadbeef
deadbeef
deadbeef
deadbeef
deadbeef
deadbeef
deadbeef
deadbeef
deadbeef
deadbeef
deadbeef
deadbeef
deadbeef
deadbeef
deadbeef
deadbeef
deadbeef
deadbeef
deadbeef
deadbeef
deadbeef
deadbeef
deadbeef
deadbeef
deadbeef
deadbeef
deadbeef
deadbeef
deadbeef
deadbeef
deadbeef
deadbeef
deadbeef
deadbeef
deadbeef
deadbeef
deadbeef
deadbeef
deadbeef
deadbeef
deadbeef
deadbeef
deadbeef
deadbeef
deadbeef
deadbeef
deadbeef
deadbeef
deadbeef
deadbeef
deadbeef
deadbeef
deadbeef
deadbeef
deadbeef
deadbeef
deadbeef
deadbeef
deadbeef
deadbeef
deadbeef
deadbeef
deadbeef
deadbeef
deadbeef
deadbeef
deadbeef
deadbeef
deadbeef
deadbeef
deadbeef
deadbeef
deadbeef
deadbeef
deadbeef
deadbeef
deadbeef
deadbeef
deadbeef
deadbeef
deadbeef
deadbeef
deadbeef
deadbeef
deadbeef
deadbeef
deadbeef
deadbeef
deadbeef
deadbeef
deadbeef
deadbeef
deadbeef
deadbeef
deadbeef
deadbeef
deadbeef
deadbeef
deadbeef
deadbeef
deadbeef
deadbeef
deadbeef
deadbeef
deadbeef
deadbeef
deadbeef
deadbeef
deadbeef
deadbeef
deadbeef
deadbeef
deadbeef
deadbeef
deadbeef
deadbeef
deadbeef
deadbeef
deadbeef
deadbeef
deadbeef
deadbeef
deadbeef
deadbeef
deadbeef
deadbeef
deadbeef
deadbeef
deadbeef
deadbeef
deadbeef
deadbeef
deadbeef
deadbeef
deadbeef
deadbeef
deadbeef
deadbeef
deadbeef
deadbeef
deadbeef
deadbeef
deadbeef
deadbeef
deadbeef
deadbeef
deadbeef
deadbeef
deadbeef
deadbeef
deadbeef
deadbeef
deadbeef
deadbeef
deadbeef
deadbeef
deadbeef
deadbeef
deadbeef
deadbeef
deadbeef
deadbeef
deadbeef
deadbeef
deadbeef
deadbeef
deadbeef
deadbeef
deadbeef
deadbeef
deadbeef
deadbeef
deadbeef
deadbeef
deadbeef
deadbeef
deadbeef
deadbeef
deadbeef
deadbeef
deadbeef
deadbeef
deadbeef
deadbeef
deadbeef
deadbeef
deadbeef
deadbeef
deadbeef
deadbeef
deadbeef
deadbeef
deadbeef
deadbeef
deadbeef
deadbeef
deadbeef
deadbeef
deadbeef
deadbeef
deadbeef
deadbeef
deadbeef
deadbeef
deadbeef
deadbeef
deadbeef
deadbeef
deadbeef
deadbeef
deadbeef
deadbeef
deadbeef
deadbeef
deadbeef
deadbeef
deadbeef
deadbeef
deadbeef
deadbeef
deadbeef
deadbeef
deadbeef
deadbeef
deadbeef
deadbeef
deadbeef
deadbeef
deadbeef
deadbeef
deadbeef
deadbeef
deadbeef
deadbeef
deadbeef
deadbeef
deadbeef
deadbeef
deadbeef
deadbeef
deadbeef
deadbeef
deadbeef
deadbeef
deadbeef
deadbeef
deadbeef
deadbeef
deadbeef
deadbeef
deadbeef
deadbeef
deadbeef
deadbeef
deadbeef
deadbeef
deadbeef
deadbeef
deadbeef
deadbeef
deadbeef
deadbeef
deadbeef
deadbeef
deadbeef
deadbeef
deadbeef
deadbeef
deadbeef
deadbeef
deadbeef
deadbeef
deadbeef
deadbeef
deadbeef
deadbeef
deadbeef
deadbeef
deadbeef
deadbeef
deadbeef
deadbeef
deadbeef
deadbeef
deadbeef
deadbeef
deadbeef
deadbeef
deadbeef
deadbeef
deadbeef
deadbeef
deadbeef
deadbeef
deadbeef
deadbeef
deadbeef
deadbeef
deadbeef
deadbeef
deadbeef
deadbeef
deadbeef
deadbeef
deadbeef
deadbeef
deadbeef
deadbeef
deadbeef
deadbeef
deadbeef
deadbeef
deadbeef
deadbeef
deadbeef
deadbeef
deadbeef
deadbeef
deadbeef
deadbeef
deadbeef
deadbeef
deadbeef
deadbeef
deadbeef
deadbeef
deadbeef
deadbeef
deadbeef
deadbeef
deadbeef
deadbeef
deadbeef
deadbeef
deadbeef
deadbeef
deadbeef
deadbeef
deadbeef
deadbeef
deadbeef
deadbeef
deadbeef
deadbeef
deadbeef
deadbeef
deadbeef
deadbeef
deadbeef
deadbeef
deadbeef
deadbeef
deadbeef
deadbeef
deadbeef
deadbeef
deadbeef
deadbeef
deadbeef
deadbeef
deadbeef
deadbeef
deadbeef
deadbeef
deadbeef
deadbeef
deadbeef
deadbeef
deadbeef
deadbeef
deadbeef
deadbeef
deadbeef
deadbeef
deadbeef
deadbeef
deadbeef
deadbeef
deadbeef
deadbeef
deadbeef
deadbeef
deadbeef
deadbeef
deadbeef
deadbeef
deadbeef
deadbeef
deadbeef
deadbeef
deadbeef
deadbeef
deadbeef
deadbeef
deadbeef
deadbeef
deadbeef
deadbeef
deadbeef
deadbeef
deadbeef
deadbeef
deadbeef
deadbeef
deadbeef
deadbeef
deadbeef
deadbeef
deadbeef
deadbeef
deadbeef
deadbeef
deadbeef
deadbeef
deadbeef
deadbeef
deadbeef
deadbeef
deadbeef
deadbeef
deadbeef
deadbeef
deadbeef
deadbeef
deadbeef
deadbeef
deadbeef
deadbeef
deadbeef
deadbeef
deadbeef
deadbeef
deadbeef
deadbeef
deadbeef
deadbeef
deadbeef
deadbeef
deadbeef
deadbeef
deadbeef
deadbeef
deadbeef
deadbeef
deadbeef
deadbeef
deadbeef
deadbeef
deadbeef
deadbeef
deadbeef
deadbeef
deadbeef
deadbeef
deadbeef
deadbeef
deadbeef
deadbeef
deadbeef
deadbeef
deadbeef
deadbeef
deadbeef
deadbeef
deadbeef
deadbeef
deadbeef
deadbeef
deadbeef
deadbeef
deadbeef
deadbeef
deadbeef
deadbeef
deadbeef
deadbeef
deadbeef
deadbeef
deadbeef
deadbeef
deadbeef
deadbeef
deadbeef
deadbeef
deadbeef
deadbeef
deadbeef
deadbeef
deadbeef
deadbeef
deadbeef
deadbeef
deadbeef
deadbeef
deadbeef
deadbeef
deadbeef
deadbeef
deadbeef
deadbeef
deadbeef
deadbeef
deadbeef
deadbeef
deadbeef
deadbeef
deadbeef
deadbeef
deadbeef
deadbeef
deadbeef
deadbeef
deadbeef
deadbeef
deadbeef
deadbeef
deadbeef
deadbeef
deadbeef
deadbeef
deadbeef
deadbeef
deadbeef
deadbeef
deadbeef
deadbeef
deadbeef
deadbeef
deadbeef
deadbeef
deadbeef
deadbeef
deadbeef
deadbeef
deadbeef
deadbeef
deadbeef
deadbeef
deadbeef
deadbeef
deadbeef
deadbeef
deadbeef
deadbeef
deadbeef
deadbeef
deadbeef
deadbeef
deadbeef
deadbeef
deadbeef
deadbeef
deadbeef
deadbeef
deadbeef
deadbeef
deadbeef
deadbeef
deadbeef
deadbeef
deadbeef
deadbeef
deadbeef
deadbeef
deadbeef
deadbeef
deadbeef
deadbeef
deadbeef
deadbeef
deadbeef
deadbeef
deadbeef
deadbeef
deadbeef
deadbeef
deadbeef
deadbeef
deadbeef
deadbeef
deadbeef
deadbeef
deadbeef
deadbeef
deadbeef
deadbeef
deadbeef
deadbeef
deadbeef
deadbeef
deadbeef
deadbeef
deadbeef
deadbeef
deadbeef
deadbeef
deadbeef
deadbeef
deadbeef
deadbeef
deadbeef
deadbeef
deadbeef
deadbeef
deadbeef
deadbeef
deadbeef
deadbeef
deadbeef
deadbeef
deadbeef
deadbeef
deadbeef
deadbeef
deadbeef
deadbeef
deadbeef
deadbeef
deadbeef
deadbeef
deadbeef
deadbeef
deadbeef
deadbeef
deadbeef
deadbeef
deadbeef
deadbeef
deadbeef
deadbeef
deadbeef
deadbeef
deadbeef
deadbeef
deadbeef
deadbeef
deadbeef
deadbeef
deadbeef
deadbeef
deadbeef
deadbeef
deadbeef
deadbeef
deadbeef
deadbeef
deadbeef
deadbeef
deadbeef
deadbeef
deadbeef
deadbeef
deadbeef
deadbeef
deadbeef
deadbeef
deadbeef
deadbeef
deadbeef
deadbeef
deadbeef
deadbeef
deadbeef
deadbeef
deadbeef
deadbeef
deadbeef
deadbeef
deadbeef
deadbeef
deadbeef
deadbeef
deadbeef
deadbeef
deadbeef
deadbeef
deadbeef
deadbeef
deadbeef
deadbeef
deadbeef
deadbeef
deadbeef
deadbeef
deadbeef
deadbeef
deadbeef
deadbeef
deadbeef
deadbeef
deadbeef
deadbeef
deadbeef
deadbeef
deadbeef
deadbeef
deadbeef
deadbeef
deadbeef
deadbeef
deadbeef
deadbeef
deadbeef
deadbeef
deadbeef
deadbeef
deadbeef
deadbeef
deadbeef
deadbeef
deadbeef
deadbeef
deadbeef
deadbeef
deadbeef
deadbeef
deadbeef
deadbeef
deadbeef
deadbeef
deadbeef
deadbeef
deadbeef
deadbeef
deadbeef
deadbeef
deadbeef
deadbeef
deadbeef
deadbeef
deadbeef
deadbeef
deadbeef
deadbeef
deadbeef
deadbeef
deadbeef
deadbeef
deadbeef
deadbeef
deadbeef
deadbeef
deadbeef
deadbeef
deadbeef
deadbeef
deadbeef
deadbeef
deadbeef
deadbeef
deadbeef
deadbeef
deadbeef
deadbeef
deadbeef
deadbeef
deadbeef
deadbeef
deadbeef
deadbeef
deadbeef
deadbeef
deadbeef
deadbeef
deadbeef
deadbeef
deadbeef
deadbeef
deadbeef
deadbeef
deadbeef
deadbeef
deadbeef
deadbeef
deadbeef
deadbeef
deadbeef
deadbeef
deadbeef
deadbeef
deadbeef
deadbeef
deadbeef
deadbeef
deadbeef
deadbeef
deadbeef
deadbeef
deadbeef
deadbeef
deadbeef
deadbeef
deadbeef
deadbeef
deadbeef
deadbeef
deadbeef
deadbeef
deadbeef
deadbeef
deadbeef
deadbeef
deadbeef
deadbeef
deadbeef
deadbeef
deadbeef
deadbeef
deadbeef
deadbeef
deadbeef
deadbeef
deadbeef
deadbeef
deadbeef
deadbeef
deadbeef
deadbeef
deadbeef
deadbeef
deadbeef
deadbeef
deadbeef
deadbeef
deadbeef
deadbeef
deadbeef
deadbeef
deadbeef
deadbeef
deadbeef
deadbeef
deadbeef
deadbeef
deadbeef
deadbeef
deadbeef
deadbeef
deadbeef
deadbeef
deadbeef
deadbeef
deadbeef
deadbeef
deadbeef
deadbeef
deadbeef
deadbeef
deadbeef
deadbeef
deadbeef
deadbeef
deadbeef
deadbeef
deadbeef
deadbeef
deadbeef
deadbeef
deadbeef
deadbeef
deadbeef
deadbeef
deadbeef
deadbeef
deadbeef
deadbeef
deadbeef
deadbeef
deadbeef
deadbeef
deadbeef
deadbeef
deadbeef
deadbeef
deadbeef
deadbeef
deadbeef
deadbeef
deadbeef
deadbeef
deadbeef
deadbeef
deadbeef
deadbeef
deadbeef
deadbeef
deadbeef
deadbeef
deadbeef
deadbeef
deadbeef
deadbeef
deadbeef
deadbeef
deadbeef
deadbeef
deadbeef
deadbeef
deadbeef
deadbeef
deadbeef
deadbeef
deadbeef
deadbeef
deadbeef
deadbeef
deadbeef
deadbeef
deadbeef
deadbeef
deadbeef
deadbeef
deadbeef
deadbeef
deadbeef
deadbeef
deadbeef
deadbeef
deadbeef
deadbeef
deadbeef
deadbeef
deadbeef
deadbeef
deadbeef
deadbeef
deadbeef
deadbeef
deadbeef
deadbeef
deadbeef
deadbeef
deadbeef
deadbeef
deadbeef
deadbeef
deadbeef
deadbeef
deadbeef
deadbeef
deadbeef
deadbeef
deadbeef
deadbeef
deadbeef
deadbeef
deadbeef
deadbeef
deadbeef
deadbeef
deadbeef
deadbeef
deadbeef
deadbeef
deadbeef
deadbeef
deadbeef
deadbeef
deadbeef
deadbeef
deadbeef
deadbeef
deadbeef
deadbeef
deadbeef
deadbeef
deadbeef
deadbeef
deadbeef
deadbeef
deadbeef
deadbeef
deadbeef
deadbeef
deadbeef
deadbeef
deadbeef
deadbeef
deadbeef
deadbeef
deadbeef
deadbeef
deadbeef
deadbeef
deadbeef
deadbeef
deadbeef
deadbeef
deadbeef
deadbeef
deadbeef
deadbeef
deadbeef
deadbeef
deadbeef
deadbeef
deadbeef
deadbeef
deadbeef
deadbeef
deadbeef
deadbeef
deadbeef
deadbeef
deadbeef
deadbeef
deadbeef
deadbeef
deadbeef
deadbeef
deadbeef
deadbeef
deadbeef
deadbeef
deadbeef
deadbeef
deadbeef
deadbeef
deadbeef
deadbeef
deadbeef
deadbeef
deadbeef
deadbeef
deadbeef
deadbeef
deadbeef
deadbeef
deadbeef
deadbeef
deadbeef
deadbeef
deadbeef
deadbeef
deadbeef
deadbeef
deadbeef
deadbeef
deadbeef
deadbeef
deadbeef
deadbeef
deadbeef
deadbeef
deadbeef
deadbeef
deadbeef
deadbeef
deadbeef
deadbeef
deadbeef
deadbeef
deadbeef
deadbeef
deadbeef
deadbeef
deadbeef
deadbeef
deadbeef
deadbeef
deadbeef
deadbeef
deadbeef
deadbeef
deadbeef
deadbeef
deadbeef
deadbeef
deadbeef
deadbeef
deadbeef
deadbeef
deadbeef
deadbeef
deadbeef
deadbeef
deadbeef
deadbeef
deadbeef
deadbeef
deadbeef
deadbeef
deadbeef
deadbeef
deadbeef
deadbeef
deadbeef
deadbeef
deadbeef
deadbeef
deadbeef
deadbeef
deadbeef
deadbeef
deadbeef
deadbeef
deadbeef
deadbeef
deadbeef
deadbeef
deadbeef
deadbeef
deadbeef
deadbeef
deadbeef
deadbeef
deadbeef
deadbeef
deadbeef
deadbeef
deadbeef
deadbeef
deadbeef
deadbeef
deadbeef
deadbeef
deadbeef
deadbeef
deadbeef
deadbeef
deadbeef
deadbeef
deadbeef
deadbeef
deadbeef
deadbeef
deadbeef
deadbeef
deadbeef
deadbeef
deadbeef
deadbeef
deadbeef
deadbeef
deadbeef
deadbeef
deadbeef
deadbeef
deadbeef
deadbeef
deadbeef
deadbeef
deadbeef
deadbeef
deadbeef
deadbeef
deadbeef
deadbeef
deadbeef
deadbeef
deadbeef
deadbeef
deadbeef
deadbeef
deadbeef
deadbeef
deadbeef
deadbeef
deadbeef
deadbeef
deadbeef
deadbeef
deadbeef
deadbeef
deadbeef
deadbeef
deadbeef
deadbeef
deadbeef
deadbeef
deadbeef
deadbeef
deadbeef
deadbeef
deadbeef
deadbeef
deadbeef
deadbeef
deadbeef
deadbeef
deadbeef
deadbeef
deadbeef
deadbeef
deadbeef
deadbeef
deadbeef
deadbeef
deadbeef
deadbeef
deadbeef
deadbeef
deadbeef
deadbeef
deadbeef
deadbeef
deadbeef
deadbeef
deadbeef
deadbeef
deadbeef
deadbeef
deadbeef
deadbeef
deadbeef
deadbeef
deadbeef
deadbeef
deadbeef
deadbeef
deadbeef
deadbeef
deadbeef
deadbeef
deadbeef
deadbeef
deadbeef
deadbeef
deadbeef
deadbeef
deadbeef
deadbeef
deadbeef
deadbeef
deadbeef
deadbeef
deadbeef
deadbeef
deadbeef
deadbeef
deadbeef
deadbeef
deadbeef
deadbeef
deadbeef
deadbeef
deadbeef
deadbeef
deadbeef
deadbeef
deadbeef
deadbeef
deadbeef
deadbeef
deadbeef
deadbeef
deadbeef
deadbeef
deadbeef
deadbeef
deadbeef
deadbeef
deadbeef
deadbeef
deadbeef
deadbeef
deadbeef
deadbeef
deadbeef
deadbeef
deadbeef
deadbeef
deadbeef
deadbeef
deadbeef
deadbeef
deadbeef
deadbeef
deadbeef
deadbeef
deadbeef
deadbeef
deadbeef
deadbeef
deadbeef
deadbeef
deadbeef
deadbeef
deadbeef
deadbeef
deadbeef
deadbeef
deadbeef
deadbeef
deadbeef
deadbeef
deadbeef
deadbeef
deadbeef
deadbeef
deadbeef
deadbeef
deadbeef
deadbeef
deadbeef
deadbeef
deadbeef
deadbeef
deadbeef
deadbeef
deadbeef
deadbeef
deadbeef
deadbeef
deadbeef
deadbeef
deadbeef
deadbeef
deadbeef
deadbeef
deadbeef
deadbeef
deadbeef
deadbeef
deadbeef
deadbeef
deadbeef
deadbeef
deadbeef
deadbeef
deadbeef
deadbeef
deadbeef
deadbeef
deadbeef
deadbeef
deadbeef
deadbeef
deadbeef
deadbeef
deadbeef
deadbeef
deadbeef
deadbeef
deadbeef
deadbeef
deadbeef
deadbeef
deadbeef
deadbeef
deadbeef
deadbeef
deadbeef
deadbeef
deadbeef
deadbeef
deadbeef
deadbeef
deadbeef
deadbeef
deadbeef
deadbeef
deadbeef
deadbeef
deadbeef
deadbeef
deadbeef
deadbeef
deadbeef
deadbeef
deadbeef
deadbeef
deadbeef
deadbeef
deadbeef
deadbeef
deadbeef
deadbeef
deadbeef
deadbeef
deadbeef
deadbeef
deadbeef
deadbeef
deadbeef
deadbeef
deadbeef
deadbeef
deadbeef
deadbeef
deadbeef
deadbeef
deadbeef
deadbeef
deadbeef
deadbeef
deadbeef
deadbeef
deadbeef
deadbeef
deadbeef
deadbeef
deadbeef
deadbeef
deadbeef
deadbeef
deadbeef
deadbeef
deadbeef
deadbeef
deadbeef
deadbeef
deadbeef
deadbeef
deadbeef
deadbeef
deadbeef
deadbeef
deadbeef
deadbeef
deadbeef
deadbeef
deadbeef
deadbeef
deadbeef
deadbeef
deadbeef
deadbeef
deadbeef
deadbeef
deadbeef
deadbeef
deadbeef
deadbeef
deadbeef
deadbeef
deadbeef
deadbeef
deadbeef
deadbeef
deadbeef
deadbeef
deadbeef
deadbeef
deadbeef
deadbeef
deadbeef
deadbeef
deadbeef
deadbeef
deadbeef
deadbeef
deadbeef
deadbeef
deadbeef
deadbeef
deadbeef
deadbeef
deadbeef
deadbeef
deadbeef
deadbeef
deadbeef
deadbeef
deadbeef
deadbeef
deadbeef
deadbeef
deadbeef
deadbeef
deadbeef
deadbeef
deadbeef
deadbeef
deadbeef
deadbeef
deadbeef
deadbeef
deadbeef
deadbeef
deadbeef
deadbeef
deadbeef
deadbeef
deadbeef
deadbeef
deadbeef
deadbeef
deadbeef
deadbeef
deadbeef
deadbeef
deadbeef
deadbeef
deadbeef
deadbeef
deadbeef
deadbeef
deadbeef
deadbeef
deadbeef
deadbeef
deadbeef
deadbeef
deadbeef
deadbeef
deadbeef
deadbeef
deadbeef
deadbeef
deadbeef
deadbeef
deadbeef
deadbeef
deadbeef
deadbeef
deadbeef
deadbeef
deadbeef
deadbeef
deadbeef
deadbeef
deadbeef
deadbeef
deadbeef
deadbeef
deadbeef
deadbeef
deadbeef
deadbeef
deadbeef
deadbeef
deadbeef
deadbeef
deadbeef
deadbeef
deadbeef
deadbeef
deadbeef
deadbeef
deadbeef
deadbeef
deadbeef
deadbeef
deadbeef
deadbeef
deadbeef
deadbeef
deadbeef
deadbeef
deadbeef
deadbeef
deadbeef
deadbeef
deadbeef
deadbeef
deadbeef
deadbeef
deadbeef
deadbeef
deadbeef
deadbeef
deadbeef
deadbeef
deadbeef
deadbeef
deadbeef
deadbeef
deadbeef
deadbeef
deadbeef
deadbeef
deadbeef
deadbeef
deadbeef
deadbeef
deadbeef
deadbeef
deadbeef
deadbeef
deadbeef
deadbeef
deadbeef
deadbeef
deadbeef
deadbeef
deadbeef
deadbeef
deadbeef
deadbeef
deadbeef
deadbeef
deadbeef
deadbeef
deadbeef
deadbeef
deadbeef
deadbeef
deadbeef
deadbeef
deadbeef
deadbeef
deadbeef
deadbeef
deadbeef
deadbeef
deadbeef
deadbeef
deadbeef
deadbeef
deadbeef
deadbeef
deadbeef
deadbeef
deadbeef
deadbeef
deadbeef
deadbeef
deadbeef
deadbeef
deadbeef
deadbeef
deadbeef
deadbeef
deadbeef
deadbeef
deadbeef
deadbeef
deadbeef
deadbeef
deadbeef
deadbeef
deadbeef
deadbeef
deadbeef
deadbeef
deadbeef
deadbeef
deadbeef
deadbeef
deadbeef
deadbeef
deadbeef
deadbeef
deadbeef
deadbeef
deadbeef
deadbeef
deadbeef
deadbeef
deadbeef
deadbeef
deadbeef
deadbeef
deadbeef
deadbeef
deadbeef
deadbeef
deadbeef
deadbeef
deadbeef
deadbeef
deadbeef
deadbeef
deadbeef
deadbeef
deadbeef
deadbeef
deadbeef
deadbeef
deadbeef
deadbeef
deadbeef
deadbeef
deadbeef
deadbeef
deadbeef
deadbeef
deadbeef
deadbeef
deadbeef
deadbeef
deadbeef
deadbeef
deadbeef
deadbeef
deadbeef
deadbeef
deadbeef
deadbeef
deadbeef
deadbeef
deadbeef
deadbeef
deadbeef
deadbeef
deadbeef
deadbeef
deadbeef
deadbeef
deadbeef
deadbeef
deadbeef
deadbeef
deadbeef
deadbeef
deadbeef
deadbeef
deadbeef
deadbeef
deadbeef
deadbeef
deadbeef
deadbeef
deadbeef
deadbeef
deadbeef
deadbeef
deadbeef
deadbeef
deadbeef
deadbeef
deadbeef
deadbeef
deadbeef
deadbeef
deadbeef
deadbeef
deadbeef
deadbeef
deadbeef
deadbeef
deadbeef
deadbeef
deadbeef
deadbeef
deadbeef
deadbeef
deadbeef
deadbeef
deadbeef
deadbeef
deadbeef
deadbeef
deadbeef
deadbeef
deadbeef
deadbeef
deadbeef
deadbeef
deadbeef
deadbeef
deadbeef
deadbeef
deadbeef
deadbeef
deadbeef
deadbeef
deadbeef
deadbeef
deadbeef
deadbeef
deadbeef
deadbeef
deadbeef
deadbeef
deadbeef
deadbeef
deadbeef
deadbeef
deadbeef
deadbeef
deadbeef
deadbeef
deadbeef
deadbeef
deadbeef
deadbeef
deadbeef
deadbeef
deadbeef
deadbeef
deadbeef
deadbeef
deadbeef
deadbeef
deadbeef
deadbeef
deadbeef
deadbeef
deadbeef
deadbeef
deadbeef
deadbeef
deadbeef
deadbeef
deadbeef
deadbeef
deadbeef
deadbeef
deadbeef
deadbeef
deadbeef
deadbeef
deadbeef
deadbeef
deadbeef
deadbeef
deadbeef
deadbeef
deadbeef
deadbeef
deadbeef
deadbeef
deadbeef
deadbeef
deadbeef
deadbeef
deadbeef
deadbeef
deadbeef
deadbeef
deadbeef
deadbeef
deadbeef
deadbeef
deadbeef
deadbeef
deadbeef
deadbeef
deadbeef
deadbeef
deadbeef
deadbeef
deadbeef
deadbeef
deadbeef
deadbeef
deadbeef
deadbeef
deadbeef
deadbeef
deadbeef
deadbeef
deadbeef
deadbeef
deadbeef
deadbeef
deadbeef
deadbeef
deadbeef
deadbeef
deadbeef
deadbeef
deadbeef
deadbeef
deadbeef
deadbeef
deadbeef
deadbeef
deadbeef
deadbeef
deadbeef
deadbeef
deadbeef
deadbeef
deadbeef
deadbeef
deadbeef
deadbeef
deadbeef
deadbeef
deadbeef
deadbeef
deadbeef
deadbeef
deadbeef
deadbeef
deadbeef
deadbeef
deadbeef
deadbeef
deadbeef
deadbeef
deadbeef
deadbeef
deadbeef
deadbeef
deadbeef
deadbeef
deadbeef
deadbeef
deadbeef
deadbeef
deadbeef
deadbeef
deadbeef
deadbeef
deadbeef
deadbeef
deadbeef
deadbeef
deadbeef
deadbeef
deadbeef
deadbeef
deadbeef
deadbeef
deadbeef
deadbeef
deadbeef
deadbeef
deadbeef
deadbeef
deadbeef
deadbeef
deadbeef
deadbeef
deadbeef
deadbeef
deadbeef
deadbeef
deadbeef
deadbeef
deadbeef
deadbeef
deadbeef
deadbeef
deadbeef
deadbeef
deadbeef
deadbeef
deadbeef
deadbeef
deadbeef
deadbeef
deadbeef
deadbeef
deadbeef
deadbeef
deadbeef
deadbeef
deadbeef
deadbeef
deadbeef
deadbeef
deadbeef
deadbeef
deadbeef
deadbeef
deadbeef
deadbeef
deadbeef
deadbeef
deadbeef
deadbeef
deadbeef
deadbeef
deadbeef
deadbeef
deadbeef
deadbeef
deadbeef
deadbeef
deadbeef
deadbeef
deadbeef
deadbeef
deadbeef
deadbeef
deadbeef
deadbeef
deadbeef
deadbeef
deadbeef
deadbeef
deadbeef
deadbeef
deadbeef
deadbeef
deadbeef
deadbeef
deadbeef
deadbeef
deadbeef
deadbeef
deadbeef
deadbeef
deadbeef
deadbeef
deadbeef
deadbeef
deadbeef
deadbeef
deadbeef
deadbeef
deadbeef
deadbeef
deadbeef
deadbeef
deadbeef
deadbeef
deadbeef
deadbeef
deadbeef
deadbeef
deadbeef
deadbeef
deadbeef
deadbeef
deadbeef
deadbeef
deadbeef
deadbeef
deadbeef
deadbeef
deadbeef
deadbeef
deadbeef
deadbeef
deadbeef
deadbeef
deadbeef
deadbeef
deadbeef
deadbeef
deadbeef
deadbeef
deadbeef
deadbeef
deadbeef
deadbeef
deadbeef
deadbeef
deadbeef
deadbeef
deadbeef
deadbeef
deadbeef
deadbeef
deadbeef
deadbeef
deadbeef
deadbeef
deadbeef
deadbeef
deadbeef
deadbeef
deadbeef
deadbeef
deadbeef
deadbeef
deadbeef
deadbeef
deadbeef
deadbeef
deadbeef
deadbeef
deadbeef
deadbeef
deadbeef
deadbeef
deadbeef
deadbeef
deadbeef
deadbeef
deadbeef
deadbeef
deadbeef
deadbeef
deadbeef
deadbeef
deadbeef
deadbeef
deadbeef
deadbeef
deadbeef
deadbeef
deadbeef
deadbeef
deadbeef
deadbeef
deadbeef
deadbeef
deadbeef
deadbeef
deadbeef
deadbeef
deadbeef
deadbeef
deadbeef
deadbeef
deadbeef
deadbeef
deadbeef
deadbeef
deadbeef
deadbeef
deadbeef
deadbeef
deadbeef
deadbeef
deadbeef
deadbeef
deadbeef
deadbeef
deadbeef
deadbeef
deadbeef
deadbeef
deadbeef
deadbeef
deadbeef
deadbeef
deadbeef
deadbeef
deadbeef
deadbeef
deadbeef
deadbeef
deadbeef
deadbeef
deadbeef
deadbeef
deadbeef
deadbeef
deadbeef
deadbeef
deadbeef
deadbeef
deadbeef
deadbeef
deadbeef
deadbeef
deadbeef
deadbeef
deadbeef
deadbeef
deadbeef
deadbeef
deadbeef
deadbeef
deadbeef
deadbeef
deadbeef
deadbeef
deadbeef
deadbeef
deadbeef
deadbeef
deadbeef
deadbeef
deadbeef
deadbeef
deadbeef
deadbeef
deadbeef
deadbeef
deadbeef
deadbeef
deadbeef
deadbeef
deadbeef
deadbeef
deadbeef
deadbeef
deadbeef
deadbeef
deadbeef
deadbeef
deadbeef
deadbeef
deadbeef
deadbeef
deadbeef
deadbeef
deadbeef
deadbeef
deadbeef
deadbeef
deadbeef
deadbeef
deadbeef
deadbeef
deadbeef
deadbeef
deadbeef
deadbeef
deadbeef
deadbeef
deadbeef
deadbeef
deadbeef
deadbeef
deadbeef
deadbeef
deadbeef
deadbeef
deadbeef
deadbeef
deadbeef
deadbeef
deadbeef
deadbeef
deadbeef
deadbeef
deadbeef
deadbeef
deadbeef
deadbeef
deadbeef
deadbeef
deadbeef
deadbeef
deadbeef
deadbeef
deadbeef
deadbeef
deadbeef
deadbeef
deadbeef
deadbeef
deadbeef
deadbeef
deadbeef
deadbeef
deadbeef
deadbeef
deadbeef
deadbeef
deadbeef
deadbeef
deadbeef
deadbeef
deadbeef
deadbeef
deadbeef
deadbeef
deadbeef
deadbeef
deadbeef
deadbeef
deadbeef
deadbeef
deadbeef
deadbeef
deadbeef
deadbeef
deadbeef
deadbeef
deadbeef
deadbeef
deadbeef
deadbeef
deadbeef
deadbeef
deadbeef
deadbeef
deadbeef
deadbeef
deadbeef
deadbeef
deadbeef
deadbeef
deadbeef
deadbeef
deadbeef
deadbeef
deadbeef
deadbeef
deadbeef
deadbeef
deadbeef
deadbeef
deadbeef
deadbeef
deadbeef
deadbeef
deadbeef
deadbeef
deadbeef
deadbeef
deadbeef
deadbeef
deadbeef
deadbeef
deadbeef
deadbeef
deadbeef
deadbeef
deadbeef
deadbeef
deadbeef
deadbeef
deadbeef
deadbeef
deadbeef
deadbeef
deadbeef
deadbeef
deadbeef
deadbeef
deadbeef
deadbeef
deadbeef
deadbeef
deadbeef
deadbeef
deadbeef
deadbeef
deadbeef
deadbeef
deadbeef
deadbeef
deadbeef
deadbeef
deadbeef
deadbeef
deadbeef
deadbeef
deadbeef
deadbeef
deadbeef
deadbeef
deadbeef
deadbeef
deadbeef
deadbeef
deadbeef
deadbeef
deadbeef
deadbeef
deadbeef
deadbeef
deadbeef
deadbeef
deadbeef
deadbeef
deadbeef
deadbeef
deadbeef
deadbeef
deadbeef
deadbeef
deadbeef
deadbeef
deadbeef
deadbeef
deadbeef
deadbeef
deadbeef
deadbeef
deadbeef
deadbeef
deadbeef
deadbeef
deadbeef
deadbeef
deadbeef
deadbeef
deadbeef
deadbeef
deadbeef
deadbeef
deadbeef
deadbeef
deadbeef
deadbeef
deadbeef
deadbeef
deadbeef
deadbeef
deadbeef
deadbeef
deadbeef
deadbeef
deadbeef
deadbeef
deadbeef
deadbeef
deadbeef
deadbeef
deadbeef
deadbeef
deadbeef
deadbeef
deadbeef
deadbeef
deadbeef
deadbeef
deadbeef
deadbeef
deadbeef
deadbeef
deadbeef
deadbeef
deadbeef
deadbeef
deadbeef
deadbeef
deadbeef
deadbeef
deadbeef
deadbeef
deadbeef
deadbeef
deadbeef
deadbeef
deadbeef
deadbeef
deadbeef
deadbeef
deadbeef
deadbeef
deadbeef
deadbeef
deadbeef
deadbeef
deadbeef
deadbeef
deadbeef
deadbeef
deadbeef
deadbeef
deadbeef
deadbeef
deadbeef
deadbeef
deadbeef
deadbeef
deadbeef
deadbeef
deadbeef
deadbeef
deadbeef
deadbeef
deadbeef
deadbeef
deadbeef
deadbeef
deadbeef
deadbeef
deadbeef
deadbeef
deadbeef
deadbeef
deadbeef
deadbeef
deadbeef
deadbeef
deadbeef
deadbeef
deadbeef
deadbeef
deadbeef
deadbeef
deadbeef
deadbeef
deadbeef
deadbeef
deadbeef
deadbeef
deadbeef
deadbeef
deadbeef
deadbeef
deadbeef
deadbeef
deadbeef
deadbeef
deadbeef
deadbeef
deadbeef
deadbeef
deadbeef
deadbeef
deadbeef
deadbeef
deadbeef
deadbeef
deadbeef
deadbeef
deadbeef
deadbeef
deadbeef
deadbeef
deadbeef
deadbeef
deadbeef
deadbeef
deadbeef
deadbeef
deadbeef
deadbeef
deadbeef
deadbeef
deadbeef
deadbeef
deadbeef
deadbeef
deadbeef
deadbeef
deadbeef
deadbeef
deadbeef
deadbeef
deadbeef
deadbeef
deadbeef
deadbeef
deadbeef
deadbeef
deadbeef
deadbeef
deadbeef
deadbeef
deadbeef
deadbeef
deadbeef
deadbeef
deadbeef
deadbeef
deadbeef
deadbeef
deadbeef
deadbeef
deadbeef
deadbeef
deadbeef
deadbeef
deadbeef
deadbeef
deadbeef
deadbeef
deadbeef
deadbeef
deadbeef
deadbeef
deadbeef
deadbeef
deadbeef
deadbeef
deadbeef
deadbeef
deadbeef
deadbeef
deadbeef
deadbeef
deadbeef
deadbeef
deadbeef
deadbeef
deadbeef
deadbeef
deadbeef
deadbeef
deadbeef
deadbeef
deadbeef
deadbeef
deadbeef
deadbeef
deadbeef
deadbeef
deadbeef
deadbeef
deadbeef
deadbeef
deadbeef
deadbeef
deadbeef
deadbeef
deadbeef
deadbeef
deadbeef
deadbeef
deadbeef
deadbeef
deadbeef
deadbeef
deadbeef
deadbeef
deadbeef
deadbeef
deadbeef
deadbeef
deadbeef
deadbeef
deadbeef
deadbeef
deadbeef
deadbeef
deadbeef
deadbeef
deadbeef
deadbeef
deadbeef
deadbeef
deadbeef
deadbeef
deadbeef
deadbeef
deadbeef
deadbeef
deadbeef
deadbeef
deadbeef
deadbeef
deadbeef
deadbeef
deadbeef
deadbeef
deadbeef
deadbeef
deadbeef
deadbeef
deadbeef
deadbeef
deadbeef
deadbeef
deadbeef
deadbeef
deadbeef
deadbeef
deadbeef
deadbeef
deadbeef
deadbeef
deadbeef
deadbeef
deadbeef
deadbeef
deadbeef
deadbeef
deadbeef
deadbeef
deadbeef
deadbeef
deadbeef
deadbeef
deadbeef
deadbeef
deadbeef
deadbeef
deadbeef
deadbeef
deadbeef
deadbeef
deadbeef
deadbeef
deadbeef
deadbeef
deadbeef
deadbeef
deadbeef
deadbeef
deadbeef
deadbeef
deadbeef
deadbeef
deadbeef
deadbeef
deadbeef
deadbeef
deadbeef
deadbeef
deadbeef
deadbeef
deadbeef
deadbeef
deadbeef
deadbeef
deadbeef
deadbeef
deadbeef
deadbeef
deadbeef
deadbeef
deadbeef
deadbeef
deadbeef
deadbeef
deadbeef
deadbeef
deadbeef
deadbeef
deadbeef
deadbeef
deadbeef
deadbeef
deadbeef
deadbeef
deadbeef
deadbeef
deadbeef
deadbeef
deadbeef
deadbeef
deadbeef
deadbeef
deadbeef
deadbeef
deadbeef
deadbeef
deadbeef
deadbeef
deadbeef
deadbeef
deadbeef
deadbeef
deadbeef
deadbeef
deadbeef
deadbeef
deadbeef
deadbeef
deadbeef
deadbeef
deadbeef
deadbeef
deadbeef
deadbeef
deadbeef
deadbeef
deadbeef
deadbeef
deadbeef
deadbeef
deadbeef
deadbeef
deadbeef
deadbeef
deadbeef
deadbeef
deadbeef
deadbeef
deadbeef
deadbeef
deadbeef
deadbeef
deadbeef
deadbeef
deadbeef
deadbeef
deadbeef
deadbeef
deadbeef
deadbeef
deadbeef
deadbeef
deadbeef
deadbeef
deadbeef
deadbeef
deadbeef
deadbeef
deadbeef
deadbeef
deadbeef
deadbeef
deadbeef
deadbeef
deadbeef
deadbeef
deadbeef
deadbeef
deadbeef
deadbeef
deadbeef
deadbeef
deadbeef
deadbeef
deadbeef
deadbeef
deadbeef
deadbeef
deadbeef
deadbeef
deadbeef
deadbeef
deadbeef
deadbeef
deadbeef
deadbeef
deadbeef
deadbeef
deadbeef
deadbeef
deadbeef
deadbeef
deadbeef
deadbeef
deadbeef
deadbeef
deadbeef
deadbeef
deadbeef
deadbeef
deadbeef
deadbeef
deadbeef
deadbeef
deadbeef
deadbeef
deadbeef
deadbeef
deadbeef
deadbeef
deadbeef
deadbeef
deadbeef
deadbeef
deadbeef
deadbeef
deadbeef
deadbeef
deadbeef
deadbeef
deadbeef
deadbeef
deadbeef
deadbeef
deadbeef
deadbeef
deadbeef
deadbeef
deadbeef
deadbeef
deadbeef
deadbeef
deadbeef
deadbeef
deadbeef
deadbeef
deadbeef
deadbeef
deadbeef
deadbeef
deadbeef
deadbeef
deadbeef
deadbeef
deadbeef
deadbeef
deadbeef
deadbeef
deadbeef
deadbeef
deadbeef
deadbeef
deadbeef
deadbeef
deadbeef
deadbeef
deadbeef
deadbeef
deadbeef
deadbeef
deadbeef
deadbeef
deadbeef
deadbeef
deadbeef
deadbeef
deadbeef
deadbeef
deadbeef
deadbeef
deadbeef
deadbeef
deadbeef
deadbeef
deadbeef
deadbeef
deadbeef
deadbeef
deadbeef
deadbeef
deadbeef
deadbeef
deadbeef
deadbeef
deadbeef
deadbeef
deadbeef
deadbeef
deadbeef
deadbeef
deadbeef
deadbeef
deadbeef
deadbeef
deadbeef
deadbeef
deadbeef
deadbeef
deadbeef
deadbeef
deadbeef
deadbeef
deadbeef
deadbeef
deadbeef
deadbeef
deadbeef
deadbeef
deadbeef
deadbeef
deadbeef
deadbeef
deadbeef
deadbeef
deadbeef
deadbeef
deadbeef
deadbeef
deadbeef
deadbeef
deadbeef
deadbeef
deadbeef
deadbeef
deadbeef
deadbeef
deadbeef
deadbeef
deadbeef
deadbeef
deadbeef
deadbeef
deadbeef
deadbeef
deadbeef
deadbeef
deadbeef
deadbeef
deadbeef
deadbeef
deadbeef
deadbeef
deadbeef
deadbeef
deadbeef
deadbeef
deadbeef
deadbeef
deadbeef
deadbeef
deadbeef
deadbeef
deadbeef
deadbeef
deadbeef
deadbeef
deadbeef
deadbeef
deadbeef
deadbeef
deadbeef
deadbeef
deadbeef
deadbeef
deadbeef
deadbeef
deadbeef
deadbeef
deadbeef
deadbeef
deadbeef
deadbeef
deadbeef
deadbeef
deadbeef
deadbeef
deadbeef
deadbeef
deadbeef
deadbeef
deadbeef
deadbeef
deadbeef
deadbeef
deadbeef
deadbeef
deadbeef
deadbeef
deadbeef
deadbeef
deadbeef
deadbeef
deadbeef
deadbeef
deadbeef
deadbeef
deadbeef
deadbeef
deadbeef
deadbeef
deadbeef
deadbeef
deadbeef
deadbeef
deadbeef
deadbeef
deadbeef
deadbeef
deadbeef
deadbeef
deadbeef
deadbeef
deadbeef
deadbeef
deadbeef
deadbeef
deadbeef
deadbeef
deadbeef
deadbeef
deadbeef
deadbeef
deadbeef
deadbeef
deadbeef
deadbeef
deadbeef
deadbeef
deadbeef
deadbeef
deadbeef
deadbeef
deadbeef
deadbeef
deadbeef
deadbeef
deadbeef
deadbeef
deadbeef
deadbeef
deadbeef
deadbeef
deadbeef
deadbeef
deadbeef
deadbeef
deadbeef
deadbeef
deadbeef
deadbeef
deadbeef
deadbeef
deadbeef
deadbeef
deadbeef
deadbeef
deadbeef
deadbeef
deadbeef
deadbeef
deadbeef
deadbeef
deadbeef
deadbeef
deadbeef
deadbeef
deadbeef
deadbeef
deadbeef
deadbeef
deadbeef
deadbeef
deadbeef
deadbeef
deadbeef
deadbeef
deadbeef
deadbeef
deadbeef
deadbeef
deadbeef
deadbeef
deadbeef
deadbeef
deadbeef
deadbeef
deadbeef
deadbeef
deadbeef
deadbeef
deadbeef
deadbeef
deadbeef
deadbeef
deadbeef
deadbeef
deadbeef
deadbeef
deadbeef
deadbeef
deadbeef
deadbeef
deadbeef
deadbeef
deadbeef
deadbeef
deadbeef
deadbeef
deadbeef
deadbeef
deadbeef
deadbeef
deadbeef
deadbeef
deadbeef
deadbeef
deadbeef
deadbeef
deadbeef
deadbeef
deadbeef
deadbeef
deadbeef
deadbeef
deadbeef
deadbeef
deadbeef
deadbeef
deadbeef
deadbeef
deadbeef
deadbeef
deadbeef
deadbeef
deadbeef
deadbeef
deadbeef
deadbeef
deadbeef
deadbeef
deadbeef
deadbeef
deadbeef
deadbeef
deadbeef
deadbeef
deadbeef
deadbeef
deadbeef
deadbeef
deadbeef
deadbeef
deadbeef
deadbeef
deadbeef
deadbeef
deadbeef
deadbeef
deadbeef
deadbeef
deadbeef
deadbeef
deadbeef
deadbeef
deadbeef
deadbeef
deadbeef
deadbeef
deadbeef
deadbeef
deadbeef
deadbeef
deadbeef
deadbeef
deadbeef
deadbeef
deadbeef
deadbeef
deadbeef
deadbeef
deadbeef
deadbeef
deadbeef
deadbeef
deadbeef
deadbeef
deadbeef
deadbeef
deadbeef
deadbeef
deadbeef
deadbeef
deadbeef
deadbeef
deadbeef
deadbeef
deadbeef
deadbeef
deadbeef
deadbeef
deadbeef
deadbeef
deadbeef
deadbeef
deadbeef
deadbeef
deadbeef
deadbeef
deadbeef
deadbeef
deadbeef
deadbeef
deadbeef
deadbeef
deadbeef
deadbeef
deadbeef
deadbeef
deadbeef
deadbeef
deadbeef
deadbeef
deadbeef
deadbeef
deadbeef
deadbeef
deadbeef
deadbeef
deadbeef
deadbeef
deadbeef
deadbeef
deadbeef
deadbeef
deadbeef
deadbeef
deadbeef
deadbeef
deadbeef
deadbeef
deadbeef
deadbeef
deadbeef
deadbeef
deadbeef
deadbeef
deadbeef
deadbeef
deadbeef
deadbeef
deadbeef
deadbeef
deadbeef
deadbeef
deadbeef
deadbeef
deadbeef
deadbeef
deadbeef
deadbeef
deadbeef
deadbeef
deadbeef
deadbeef
deadbeef
deadbeef
deadbeef
deadbeef
deadbeef
deadbeef
deadbeef
deadbeef
deadbeef
deadbeef
deadbeef
deadbeef
deadbeef
deadbeef
deadbeef
deadbeef
deadbeef
deadbeef
deadbeef
deadbeef
deadbeef
deadbeef
deadbeef
deadbeef
deadbeef
deadbeef
deadbeef
deadbeef
deadbeef
deadbeef
deadbeef
deadbeef
deadbeef
deadbeef
deadbeef
deadbeef
deadbeef
deadbeef
deadbeef
deadbeef
deadbeef
deadbeef
deadbeef
deadbeef
deadbeef
deadbeef
deadbeef
deadbeef
deadbeef
deadbeef
deadbeef
deadbeef
deadbeef
deadbeef
deadbeef
deadbeef
deadbeef
deadbeef
deadbeef
deadbeef
deadbeef
deadbeef
deadbeef
deadbeef
deadbeef
deadbeef
deadbeef
deadbeef
deadbeef
deadbeef
deadbeef
deadbeef
deadbeef
deadbeef
deadbeef
deadbeef
deadbeef
deadbeef
deadbeef
deadbeef
deadbeef
deadbeef
deadbeef
deadbeef
deadbeef
deadbeef
deadbeef
deadbeef
deadbeef
deadbeef
deadbeef
deadbeef
deadbeef
deadbeef
deadbeef
deadbeef
deadbeef
deadbeef
deadbeef
deadbeef
deadbeef
deadbeef
deadbeef
deadbeef
deadbeef
deadbeef
deadbeef
deadbeef
deadbeef
deadbeef
deadbeef
deadbeef
deadbeef
deadbeef
deadbeef
deadbeef
deadbeef
deadbeef
deadbeef
deadbeef
deadbeef
deadbeef
deadbeef
deadbeef
deadbeef
deadbeef
deadbeef
deadbeef
deadbeef
deadbeef
deadbeef
deadbeef
deadbeef
deadbeef
deadbeef
deadbeef
deadbeef
deadbeef
deadbeef
deadbeef
deadbeef
deadbeef
deadbeef
deadbeef
deadbeef
deadbeef
deadbeef
deadbeef
deadbeef
deadbeef
deadbeef
deadbeef
deadbeef
deadbeef
deadbeef
deadbeef
deadbeef
deadbeef
deadbeef
deadbeef
deadbeef
deadbeef
deadbeef
deadbeef
deadbeef
deadbeef
deadbeef
deadbeef
deadbeef
deadbeef
deadbeef
deadbeef
deadbeef
deadbeef
deadbeef
deadbeef
deadbeef
deadbeef
deadbeef
deadbeef
deadbeef
deadbeef
deadbeef
deadbeef
deadbeef
deadbeef
deadbeef
deadbeef
deadbeef
deadbeef
deadbeef
deadbeef
deadbeef
deadbeef
deadbeef
deadbeef
deadbeef
deadbeef
deadbeef
deadbeef
deadbeef
deadbeef
deadbeef
deadbeef
deadbeef
deadbeef
deadbeef
deadbeef
deadbeef
deadbeef
deadbeef
deadbeef
deadbeef
deadbeef
deadbeef
deadbeef
deadbeef
deadbeef
deadbeef
deadbeef
deadbeef
deadbeef
deadbeef
deadbeef
deadbeef
deadbeef
deadbeef
deadbeef
deadbeef
deadbeef
deadbeef
deadbeef
deadbeef
deadbeef
deadbeef
deadbeef
deadbeef
deadbeef
deadbeef
deadbeef
deadbeef
deadbeef
deadbeef
deadbeef
deadbeef
deadbeef
deadbeef
deadbeef
deadbeef
deadbeef
deadbeef
deadbeef
deadbeef
deadbeef
deadbeef
deadbeef
deadbeef
deadbeef
deadbeef
deadbeef
deadbeef
deadbeef
deadbeef
deadbeef
deadbeef
deadbeef
deadbeef
deadbeef
deadbeef
deadbeef
deadbeef
deadbeef
deadbeef
deadbeef
deadbeef
deadbeef
deadbeef
deadbeef
deadbeef
deadbeef
deadbeef
deadbeef
deadbeef
deadbeef
deadbeef
deadbeef
deadbeef
deadbeef
deadbeef
deadbeef
deadbeef
deadbeef
deadbeef
deadbeef
deadbeef
deadbeef
deadbeef
deadbeef
deadbeef
deadbeef
deadbeef
deadbeef
deadbeef
deadbeef
deadbeef
deadbeef
deadbeef
deadbeef
deadbeef
deadbeef
deadbeef
deadbeef
deadbeef
deadbeef
deadbeef
deadbeef
deadbeef
deadbeef
deadbeef
deadbeef
deadbeef
deadbeef
deadbeef
deadbeef
deadbeef
deadbeef
deadbeef
deadbeef
deadbeef
deadbeef
deadbeef
deadbeef
deadbeef
deadbeef
deadbeef
deadbeef
deadbeef
deadbeef
deadbeef
deadbeef
deadbeef
deadbeef
deadbeef
deadbeef
deadbeef
deadbeef
deadbeef
deadbeef
deadbeef
deadbeef
deadbeef
deadbeef
deadbeef
deadbeef
deadbeef
deadbeef
deadbeef
deadbeef
deadbeef
deadbeef
deadbeef
deadbeef
deadbeef
deadbeef
deadbeef
deadbeef
deadbeef
deadbeef
deadbeef
deadbeef
deadbeef
deadbeef
deadbeef
deadbeef
deadbeef
deadbeef
deadbeef
deadbeef
deadbeef
deadbeef
deadbeef
deadbeef
deadbeef
deadbeef
deadbeef
deadbeef
deadbeef
deadbeef
deadbeef
deadbeef
deadbeef
deadbeef
deadbeef
deadbeef
deadbeef
deadbeef
deadbeef
deadbeef
deadbeef
deadbeef
deadbeef
deadbeef
deadbeef
deadbeef
deadbeef
deadbeef
deadbeef
deadbeef
deadbeef
deadbeef
deadbeef
deadbeef
deadbeef
deadbeef
deadbeef
deadbeef
deadbeef
deadbeef
deadbeef
deadbeef
deadbeef
deadbeef
deadbeef
deadbeef
deadbeef
deadbeef
deadbeef
deadbeef
deadbeef
deadbeef
deadbeef
deadbeef
deadbeef
deadbeef
deadbeef
deadbeef
deadbeef
deadbeef
deadbeef
deadbeef
deadbeef
deadbeef
deadbeef
deadbeef
deadbeef
deadbeef
deadbeef
deadbeef
deadbeef
deadbeef
deadbeef
deadbeef
deadbeef
deadbeef
deadbeef
deadbeef
deadbeef
deadbeef
deadbeef
deadbeef
deadbeef
deadbeef
deadbeef
deadbeef
deadbeef
deadbeef
deadbeef
deadbeef
deadbeef
deadbeef
deadbeef
deadbeef
deadbeef
deadbeef
deadbeef
deadbeef
deadbeef
deadbeef
deadbeef
deadbeef
deadbeef
deadbeef
deadbeef
deadbeef
deadbeef
deadbeef
deadbeef
deadbeef
deadbeef
deadbeef
deadbeef
deadbeef
deadbeef
deadbeef
deadbeef
deadbeef
deadbeef
deadbeef
deadbeef
deadbeef
deadbeef
deadbeef
deadbeef
deadbeef
deadbeef
deadbeef
deadbeef
deadbeef
deadbeef
deadbeef
deadbeef
deadbeef
deadbeef
deadbeef
deadbeef
deadbeef
deadbeef
deadbeef
deadbeef
deadbeef
deadbeef
deadbeef
deadbeef
deadbeef
deadbeef
deadbeef
deadbeef
deadbeef
deadbeef
deadbeef
deadbeef
deadbeef
deadbeef
deadbeef
deadbeef
deadbeef
deadbeef
deadbeef
deadbeef
deadbeef
deadbeef
deadbeef
deadbeef
deadbeef
deadbeef
deadbeef
deadbeef
deadbeef
deadbeef
deadbeef
deadbeef
deadbeef
deadbeef
deadbeef
deadbeef
deadbeef
deadbeef
deadbeef
deadbeef
deadbeef
deadbeef
deadbeef
deadbeef
deadbeef
deadbeef
deadbeef
deadbeef
deadbeef
deadbeef
deadbeef
deadbeef
deadbeef
deadbeef
deadbeef
deadbeef
deadbeef
deadbeef
deadbeef
deadbeef
deadbeef
deadbeef
deadbeef
deadbeef
deadbeef
deadbeef
deadbeef
deadbeef
deadbeef
deadbeef
deadbeef
deadbeef
deadbeef
deadbeef
deadbeef
deadbeef
deadbeef
deadbeef
deadbeef
deadbeef
deadbeef
deadbeef
deadbeef
deadbeef
deadbeef
deadbeef
deadbeef
deadbeef
deadbeef
deadbeef
deadbeef
deadbeef
deadbeef
deadbeef
deadbeef
deadbeef
deadbeef
deadbeef
deadbeef
deadbeef
deadbeef
deadbeef
deadbeef
deadbeef
deadbeef
deadbeef
deadbeef
deadbeef
deadbeef
deadbeef
deadbeef
deadbeef
deadbeef
deadbeef
deadbeef
deadbeef
deadbeef
deadbeef
deadbeef
deadbeef
deadbeef
deadbeef
deadbeef
deadbeef
deadbeef
deadbeef
deadbeef
deadbeef
deadbeef
deadbeef
deadbeef
deadbeef
deadbeef
deadbeef
deadbeef
deadbeef
deadbeef
deadbeef
deadbeef
deadbeef
deadbeef
deadbeef
deadbeef
deadbeef
deadbeef
deadbeef
deadbeef
deadbeef
deadbeef
deadbeef
deadbeef
deadbeef
deadbeef
deadbeef
deadbeef
deadbeef
deadbeef
deadbeef
deadbeef
deadbeef
deadbeef
deadbeef
deadbeef
deadbeef
deadbeef
deadbeef
deadbeef
deadbeef
deadbeef
deadbeef
deadbeef
deadbeef
deadbeef
deadbeef
deadbeef
deadbeef
deadbeef
deadbeef
deadbeef
deadbeef
deadbeef
deadbeef
deadbeef
deadbeef
deadbeef
deadbeef
deadbeef
deadbeef
deadbeef
deadbeef
deadbeef
deadbeef
deadbeef
deadbeef
deadbeef
deadbeef
deadbeef
deadbeef
deadbeef
deadbeef
deadbeef
deadbeef
deadbeef
deadbeef
deadbeef
deadbeef
deadbeef
deadbeef
deadbeef
deadbeef
deadbeef
deadbeef
deadbeef
deadbeef
deadbeef
deadbeef
deadbeef
deadbeef
deadbeef
deadbeef
deadbeef
deadbeef
deadbeef
deadbeef
deadbeef
deadbeef
deadbeef
deadbeef
deadbeef
deadbeef
deadbeef
deadbeef
deadbeef
deadbeef
deadbeef
deadbeef
deadbeef
deadbeef
deadbeef
deadbeef
deadbeef
deadbeef
deadbeef
deadbeef
deadbeef
deadbeef
deadbeef
deadbeef
deadbeef
deadbeef
deadbeef
deadbeef
deadbeef
deadbeef
deadbeef
deadbeef
deadbeef
deadbeef
deadbeef
deadbeef
deadbeef
deadbeef
deadbeef
deadbeef
deadbeef
deadbeef
deadbeef
deadbeef
deadbeef
deadbeef
deadbeef
deadbeef
deadbeef
deadbeef
deadbeef
deadbeef
deadbeef
deadbeef
deadbeef
deadbeef
deadbeef
deadbeef
deadbeef
deadbeef
deadbeef
deadbeef
deadbeef
deadbeef
deadbeef
deadbeef
deadbeef
deadbeef
deadbeef
deadbeef
deadbeef
deadbeef
deadbeef
deadbeef
deadbeef
deadbeef
deadbeef
deadbeef
deadbeef
deadbeef
deadbeef
deadbeef
deadbeef
deadbeef
deadbeef
deadbeef
deadbeef
deadbeef
deadbeef
deadbeef
deadbeef
deadbeef
deadbeef
deadbeef
deadbeef
deadbeef
deadbeef
deadbeef
deadbeef
deadbeef
deadbeef
deadbeef
deadbeef
deadbeef
deadbeef
deadbeef
deadbeef
deadbeef
deadbeef
deadbeef
deadbeef
deadbeef
deadbeef
deadbeef
deadbeef
deadbeef
deadbeef
deadbeef
deadbeef
deadbeef
deadbeef
deadbeef
deadbeef
deadbeef
deadbeef
deadbeef
deadbeef
deadbeef
deadbeef
deadbeef
deadbeef
deadbeef
deadbeef
deadbeef
deadbeef
deadbeef
deadbeef
deadbeef
deadbeef
deadbeef
deadbeef
deadbeef
deadbeef
deadbeef
deadbeef
deadbeef
deadbeef
deadbeef
deadbeef
deadbeef
deadbeef
deadbeef
deadbeef
deadbeef
deadbeef
deadbeef
deadbeef
deadbeef
deadbeef
deadbeef
deadbeef
deadbeef
deadbeef
deadbeef
deadbeef
deadbeef
deadbeef
deadbeef
deadbeef
deadbeef
deadbeef
deadbeef
deadbeef
deadbeef
deadbeef
deadbeef
deadbeef
deadbeef
deadbeef
deadbeef
deadbeef
deadbeef
deadbeef
deadbeef
deadbeef
deadbeef
deadbeef
deadbeef
deadbeef
deadbeef
deadbeef
deadbeef
deadbeef
deadbeef
deadbeef
deadbeef
deadbeef
deadbeef
deadbeef
deadbeef
deadbeef
deadbeef
deadbeef
deadbeef
deadbeef
deadbeef
deadbeef
deadbeef
deadbeef
deadbeef
deadbeef
deadbeef
deadbeef
deadbeef
deadbeef
deadbeef
deadbeef
deadbeef
deadbeef
deadbeef
deadbeef
deadbeef
deadbeef
deadbeef
deadbeef
deadbeef
deadbeef
deadbeef
deadbeef
deadbeef
deadbeef
deadbeef
deadbeef
deadbeef
deadbeef
deadbeef
deadbeef
deadbeef
deadbeef
deadbeef
deadbeef
deadbeef
deadbeef
deadbeef
deadbeef
deadbeef
deadbeef
deadbeef
deadbeef
deadbeef
deadbeef
deadbeef
deadbeef
deadbeef
deadbeef
deadbeef
deadbeef
deadbeef
deadbeef
deadbeef
deadbeef
deadbeef
deadbeef
deadbeef
deadbeef
deadbeef
deadbeef
deadbeef
deadbeef
deadbeef
deadbeef
deadbeef
deadbeef
deadbeef
deadbeef
deadbeef
deadbeef
deadbeef
deadbeef
deadbeef
deadbeef
deadbeef
deadbeef
deadbeef
deadbeef
deadbeef
deadbeef
deadbeef
deadbeef
deadbeef
deadbeef
deadbeef
deadbeef
deadbeef
deadbeef
deadbeef
deadbeef
deadbeef
deadbeef
deadbeef
deadbeef
deadbeef
deadbeef
deadbeef
deadbeef
deadbeef
deadbeef
deadbeef
deadbeef
deadbeef
deadbeef
deadbeef
deadbeef
deadbeef
deadbeef
deadbeef
deadbeef
deadbeef
deadbeef
deadbeef
deadbeef
deadbeef
deadbeef
deadbeef
deadbeef
deadbeef
deadbeef
deadbeef
deadbeef
deadbeef
deadbeef
deadbeef
deadbeef
deadbeef
deadbeef
deadbeef
deadbeef
deadbeef
deadbeef
deadbeef
deadbeef
deadbeef
deadbeef
deadbeef
deadbeef
deadbeef
deadbeef
deadbeef
deadbeef
deadbeef
deadbeef
deadbeef
deadbeef
deadbeef
deadbeef
deadbeef
deadbeef
deadbeef
deadbeef
deadbeef
deadbeef
deadbeef
deadbeef
deadbeef
deadbeef
deadbeef
deadbeef
deadbeef
deadbeef
deadbeef
deadbeef
deadbeef
deadbeef
deadbeef
deadbeef
deadbeef
deadbeef
deadbeef
deadbeef
deadbeef
deadbeef
deadbeef
deadbeef
deadbeef
deadbeef
deadbeef
deadbeef
deadbeef
deadbeef
deadbeef
deadbeef
deadbeef
deadbeef
deadbeef
deadbeef
deadbeef
deadbeef
deadbeef
deadbeef
deadbeef
deadbeef
deadbeef
deadbeef
deadbeef
deadbeef
deadbeef
deadbeef
deadbeef
deadbeef
deadbeef
deadbeef
deadbeef
deadbeef
deadbeef
deadbeef
deadbeef
deadbeef
deadbeef
deadbeef
deadbeef
deadbeef
deadbeef
deadbeef
deadbeef
deadbeef
deadbeef
deadbeef
deadbeef
deadbeef
deadbeef
deadbeef
deadbeef
deadbeef
deadbeef
deadbeef
deadbeef
deadbeef
deadbeef
deadbeef
deadbeef
deadbeef
deadbeef
deadbeef
deadbeef
deadbeef
deadbeef
deadbeef
deadbeef
deadbeef
deadbeef
deadbeef
deadbeef
deadbeef
deadbeef
deadbeef
deadbeef
deadbeef
deadbeef
deadbeef
deadbeef
deadbeef
deadbeef
deadbeef
deadbeef
deadbeef
deadbeef
deadbeef
deadbeef
deadbeef
deadbeef
deadbeef
deadbeef
deadbeef
deadbeef
deadbeef
deadbeef
deadbeef
deadbeef
deadbeef
deadbeef
deadbeef
deadbeef
deadbeef
deadbeef
deadbeef
deadbeef
deadbeef
deadbeef
deadbeef
deadbeef
deadbeef
deadbeef
deadbeef
deadbeef
deadbeef
deadbeef
deadbeef
deadbeef
deadbeef
deadbeef
deadbeef
deadbeef
deadbeef
deadbeef
deadbeef
deadbeef
deadbeef
deadbeef
deadbeef
deadbeef
deadbeef
deadbeef
deadbeef
deadbeef
deadbeef
deadbeef
deadbeef
deadbeef
deadbeef
deadbeef
deadbeef
deadbeef
deadbeef
deadbeef
deadbeef
deadbeef
deadbeef
deadbeef
deadbeef
deadbeef
deadbeef
deadbeef
deadbeef
deadbeef
deadbeef
deadbeef
deadbeef
deadbeef
deadbeef
deadbeef
deadbeef
deadbeef
deadbeef
deadbeef
deadbeef
deadbeef
deadbeef
deadbeef
deadbeef
deadbeef
deadbeef
deadbeef
deadbeef
deadbeef
deadbeef
deadbeef
deadbeef
deadbeef
deadbeef
deadbeef
deadbeef
deadbeef
deadbeef
deadbeef
deadbeef
deadbeef
deadbeef
deadbeef
deadbeef
deadbeef
deadbeef
deadbeef
deadbeef
deadbeef
deadbeef
deadbeef
deadbeef
deadbeef
deadbeef
deadbeef
deadbeef
deadbeef
deadbeef
deadbeef
deadbeef
deadbeef
deadbeef
deadbeef
deadbeef
deadbeef
deadbeef
deadbeef
deadbeef
deadbeef
deadbeef
deadbeef
deadbeef
deadbeef
deadbeef
deadbeef
deadbeef
deadbeef
deadbeef
deadbeef
deadbeef
deadbeef
deadbeef
deadbeef
deadbeef
deadbeef
deadbeef
deadbeef
deadbeef
deadbeef
deadbeef
deadbeef
deadbeef
deadbeef
deadbeef
deadbeef
deadbeef
deadbeef
deadbeef
deadbeef
deadbeef
deadbeef
deadbeef
deadbeef
deadbeef
deadbeef
deadbeef
deadbeef
deadbeef
deadbeef
deadbeef
deadbeef
deadbeef
deadbeef
deadbeef
deadbeef
deadbeef
deadbeef
deadbeef
deadbeef
deadbeef
deadbeef
deadbeef
deadbeef
deadbeef
deadbeef
deadbeef
deadbeef
deadbeef
deadbeef
deadbeef
deadbeef
deadbeef
deadbeef
deadbeef
deadbeef
deadbeef
deadbeef
deadbeef
deadbeef
deadbeef
deadbeef
deadbeef
deadbeef
deadbeef
deadbeef
deadbeef
deadbeef
deadbeef
deadbeef
deadbeef
deadbeef
deadbeef
deadbeef
deadbeef
deadbeef
deadbeef
deadbeef
deadbeef
deadbeef
deadbeef
deadbeef
deadbeef
deadbeef
deadbeef
deadbeef
deadbeef
deadbeef
deadbeef
deadbeef
deadbeef
deadbeef
deadbeef
deadbeef
deadbeef
deadbeef
deadbeef
deadbeef
deadbeef
deadbeef
deadbeef
deadbeef
deadbeef
deadbeef
deadbeef
deadbeef
deadbeef
deadbeef
deadbeef
deadbeef
deadbeef
deadbeef
deadbeef
deadbeef
deadbeef
deadbeef
deadbeef
deadbeef
deadbeef
deadbeef
deadbeef
deadbeef
deadbeef
deadbeef
deadbeef
deadbeef
deadbeef
deadbeef
deadbeef
deadbeef
deadbeef
deadbeef
deadbeef
deadbeef
deadbeef
deadbeef
deadbeef
deadbeef
deadbeef
deadbeef
deadbeef
deadbeef
deadbeef
deadbeef
deadbeef
deadbeef
deadbeef
deadbeef
deadbeef
deadbeef
deadbeef
deadbeef
deadbeef
deadbeef
deadbeef
deadbeef
deadbeef
deadbeef
deadbeef
deadbeef
deadbeef
deadbeef
deadbeef
deadbeef
deadbeef
deadbeef
deadbeef
deadbeef
deadbeef
deadbeef
deadbeef
deadbeef
deadbeef
deadbeef
deadbeef
deadbeef
deadbeef
deadbeef
deadbeef
deadbeef
deadbeef
deadbeef
deadbeef
deadbeef
deadbeef
deadbeef
deadbeef
deadbeef
deadbeef
deadbeef
deadbeef
deadbeef
deadbeef
deadbeef
deadbeef
deadbeef
deadbeef
deadbeef
deadbeef
deadbeef
deadbeef
deadbeef
deadbeef
deadbeef
deadbeef
deadbeef
deadbeef
deadbeef
deadbeef
deadbeef
deadbeef
deadbeef
deadbeef
deadbeef
deadbeef
deadbeef
deadbeef
deadbeef
deadbeef
deadbeef
deadbeef
deadbeef
deadbeef
deadbeef
deadbeef
deadbeef
deadbeef
deadbeef
deadbeef
deadbeef
deadbeef
deadbeef
deadbeef
deadbeef
deadbeef
deadbeef
deadbeef
deadbeef
deadbeef
deadbeef
deadbeef
deadbeef
deadbeef
deadbeef
deadbeef
deadbeef
deadbeef
deadbeef
deadbeef
deadbeef
deadbeef
deadbeef
deadbeef
deadbeef
deadbeef
deadbeef
deadbeef
deadbeef
deadbeef
deadbeef
deadbeef
deadbeef
deadbeef
deadbeef
deadbeef
deadbeef
deadbeef
deadbeef
deadbeef
deadbeef
deadbeef
deadbeef
deadbeef
deadbeef
deadbeef
deadbeef
deadbeef
deadbeef
deadbeef
deadbeef
deadbeef
deadbeef
deadbeef
deadbeef
deadbeef
deadbeef
deadbeef
deadbeef
deadbeef
deadbeef
deadbeef
deadbeef
deadbeef
deadbeef
deadbeef
deadbeef
deadbeef
deadbeef
deadbeef
deadbeef
deadbeef
deadbeef
deadbeef
deadbeef
deadbeef
deadbeef
deadbeef
deadbeef
deadbeef
deadbeef
deadbeef
deadbeef
deadbeef
deadbeef
deadbeef
deadbeef
deadbeef
deadbeef
deadbeef
deadbeef
deadbeef
deadbeef
deadbeef
deadbeef
deadbeef
deadbeef
deadbeef
deadbeef
deadbeef
deadbeef
deadbeef
deadbeef
deadbeef
deadbeef
deadbeef
deadbeef
deadbeef
deadbeef
deadbeef
deadbeef
deadbeef
deadbeef
deadbeef
deadbeef
deadbeef
deadbeef
deadbeef
deadbeef
deadbeef
deadbeef
deadbeef
deadbeef
deadbeef
deadbeef
deadbeef
deadbeef
deadbeef
deadbeef
deadbeef
deadbeef
deadbeef
deadbeef
deadbeef
deadbeef
deadbeef
deadbeef
deadbeef
deadbeef
deadbeef
deadbeef
deadbeef
deadbeef
deadbeef
deadbeef
deadbeef
deadbeef
deadbeef
deadbeef
deadbeef
deadbeef
deadbeef
deadbeef
deadbeef
deadbeef
deadbeef
deadbeef
deadbeef
deadbeef
deadbeef
deadbeef
deadbeef
deadbeef
deadbeef
deadbeef
deadbeef
deadbeef
deadbeef
deadbeef
deadbeef
deadbeef
deadbeef
deadbeef
deadbeef
deadbeef
deadbeef
deadbeef
deadbeef
deadbeef
deadbeef
deadbeef
deadbeef
deadbeef
deadbeef
deadbeef
deadbeef
deadbeef
deadbeef
deadbeef
deadbeef
deadbeef
deadbeef
deadbeef
deadbeef
deadbeef
deadbeef
deadbeef
deadbeef
deadbeef
deadbeef
deadbeef
deadbeef
deadbeef
deadbeef
deadbeef
deadbeef
deadbeef
deadbeef
deadbeef
deadbeef
deadbeef
deadbeef
deadbeef
deadbeef
deadbeef
deadbeef
deadbeef
deadbeef
deadbeef
deadbeef
deadbeef
deadbeef
deadbeef
deadbeef
deadbeef
deadbeef
deadbeef
deadbeef
deadbeef
deadbeef
deadbeef
deadbeef
deadbeef
deadbeef
deadbeef
deadbeef
deadbeef
deadbeef
deadbeef
deadbeef
deadbeef
deadbeef
deadbeef
deadbeef
deadbeef
deadbeef
deadbeef
deadbeef
deadbeef
deadbeef
deadbeef
deadbeef
deadbeef
deadbeef
deadbeef
deadbeef
deadbeef
deadbeef
deadbeef
deadbeef
deadbeef
deadbeef
deadbeef
deadbeef
deadbeef
deadbeef
deadbeef
deadbeef
deadbeef
deadbeef
deadbeef
deadbeef
deadbeef
deadbeef
deadbeef
deadbeef
deadbeef
deadbeef
deadbeef
deadbeef
deadbeef
deadbeef
deadbeef
deadbeef
deadbeef
deadbeef
deadbeef
deadbeef
deadbeef
deadbeef
deadbeef
deadbeef
deadbeef
deadbeef
deadbeef
deadbeef
deadbeef
deadbeef
deadbeef
deadbeef
deadbeef
deadbeef
deadbeef
deadbeef
deadbeef
deadbeef
deadbeef
deadbeef
deadbeef
deadbeef
deadbeef
deadbeef
deadbeef
deadbeef
deadbeef
deadbeef
deadbeef
deadbeef
deadbeef
deadbeef
deadbeef
deadbeef
deadbeef
deadbeef
deadbeef
deadbeef
deadbeef
deadbeef
deadbeef
deadbeef
deadbeef
deadbeef
deadbeef
deadbeef
deadbeef
deadbeef
deadbeef
deadbeef
deadbeef
deadbeef
deadbeef
deadbeef
deadbeef
deadbeef
deadbeef
deadbeef
deadbeef
deadbeef
deadbeef
deadbeef
deadbeef
deadbeef
deadbeef
deadbeef
deadbeef
deadbeef
deadbeef
deadbeef
deadbeef
deadbeef
deadbeef
deadbeef
deadbeef
deadbeef
deadbeef
deadbeef
deadbeef
deadbeef
deadbeef
deadbeef
deadbeef
deadbeef
deadbeef
deadbeef
deadbeef
deadbeef
deadbeef
deadbeef
deadbeef
deadbeef
deadbeef
deadbeef
deadbeef
deadbeef
deadbeef
deadbeef
deadbeef
deadbeef
deadbeef
deadbeef
deadbeef
deadbeef
deadbeef
deadbeef
deadbeef
deadbeef
deadbeef
deadbeef
deadbeef
deadbeef
deadbeef
deadbeef
deadbeef
deadbeef
deadbeef
deadbeef
deadbeef
deadbeef
deadbeef
deadbeef
deadbeef
deadbeef
deadbeef
deadbeef
deadbeef
deadbeef
deadbeef
deadbeef
deadbeef
deadbeef
deadbeef
deadbeef
deadbeef
deadbeef
deadbeef
deadbeef
deadbeef
deadbeef
deadbeef
deadbeef
deadbeef
deadbeef
deadbeef
deadbeef
deadbeef
deadbeef
deadbeef
deadbeef
deadbeef
deadbeef
deadbeef
deadbeef
deadbeef
deadbeef
deadbeef
deadbeef
deadbeef
deadbeef
deadbeef
deadbeef
deadbeef
deadbeef
deadbeef
deadbeef
deadbeef
deadbeef
deadbeef
deadbeef
deadbeef
deadbeef
deadbeef
deadbeef
deadbeef
deadbeef
deadbeef
deadbeef
deadbeef
deadbeef
deadbeef
deadbeef
deadbeef
deadbeef
deadbeef
deadbeef
deadbeef
deadbeef
deadbeef
deadbeef
deadbeef
deadbeef
deadbeef
deadbeef
deadbeef
deadbeef
deadbeef
deadbeef
deadbeef
deadbeef
deadbeef
deadbeef
deadbeef
deadbeef
deadbeef
deadbeef
deadbeef
deadbeef
deadbeef
deadbeef
deadbeef
deadbeef
deadbeef
deadbeef
deadbeef
deadbeef
deadbeef
deadbeef
deadbeef
deadbeef
deadbeef
deadbeef
deadbeef
deadbeef
deadbeef
deadbeef
deadbeef
deadbeef
deadbeef
deadbeef
deadbeef
deadbeef
deadbeef
deadbeef
deadbeef
deadbeef
deadbeef
deadbeef
deadbeef
deadbeef
deadbeef
deadbeef
deadbeef
deadbeef
deadbeef
deadbeef
deadbeef
deadbeef
deadbeef
deadbeef
deadbeef
deadbeef
deadbeef
deadbeef
deadbeef
deadbeef
deadbeef
deadbeef
deadbeef
deadbeef
deadbeef
deadbeef
deadbeef
deadbeef
deadbeef
deadbeef
deadbeef
deadbeef
deadbeef
deadbeef
deadbeef
deadbeef
deadbeef
deadbeef
deadbeef
deadbeef
deadbeef
deadbeef
deadbeef
deadbeef
deadbeef
deadbeef
deadbeef
deadbeef
deadbeef
deadbeef
deadbeef
deadbeef
deadbeef
deadbeef
deadbeef
deadbeef
deadbeef
deadbeef
deadbeef
deadbeef
deadbeef
deadbeef
deadbeef
deadbeef
deadbeef
deadbeef
deadbeef
deadbeef
deadbeef
deadbeef
deadbeef
deadbeef
deadbeef
deadbeef
deadbeef
deadbeef
deadbeef
deadbeef
deadbeef
deadbeef
deadbeef
deadbeef
deadbeef
deadbeef
deadbeef
deadbeef
deadbeef
deadbeef
deadbeef
deadbeef
deadbeef
deadbeef
deadbeef
deadbeef
deadbeef
deadbeef
deadbeef
deadbeef
deadbeef
deadbeef
deadbeef
deadbeef
deadbeef
deadbeef
deadbeef
deadbeef
deadbeef
deadbeef
deadbeef
deadbeef
deadbeef
deadbeef
deadbeef
deadbeef
deadbeef
deadbeef
deadbeef
deadbeef
deadbeef
deadbeef
deadbeef
deadbeef
deadbeef
deadbeef
deadbeef
deadbeef
deadbeef
deadbeef
deadbeef
deadbeef
deadbeef
deadbeef
deadbeef
deadbeef
deadbeef
deadbeef
deadbeef
deadbeef
deadbeef
deadbeef
deadbeef
deadbeef
deadbeef
deadbeef
deadbeef
deadbeef
deadbeef
deadbeef
deadbeef
deadbeef
deadbeef
deadbeef
deadbeef
deadbeef
deadbeef
deadbeef
deadbeef
deadbeef
deadbeef
deadbeef
deadbeef
deadbeef
deadbeef
deadbeef
deadbeef
deadbeef
deadbeef
deadbeef
deadbeef
deadbeef
deadbeef
deadbeef
deadbeef
deadbeef
deadbeef
deadbeef
deadbeef
deadbeef
deadbeef
deadbeef
deadbeef
deadbeef
deadbeef
deadbeef
deadbeef
deadbeef
deadbeef
deadbeef
deadbeef
deadbeef
deadbeef
deadbeef
deadbeef
deadbeef
deadbeef
deadbeef
deadbeef
deadbeef
deadbeef
deadbeef
deadbeef
deadbeef
deadbeef
deadbeef
deadbeef
deadbeef
deadbeef
deadbeef
deadbeef
deadbeef
deadbeef
deadbeef
deadbeef
deadbeef
deadbeef
deadbeef
deadbeef
deadbeef
deadbeef
deadbeef
deadbeef
deadbeef
deadbeef
deadbeef
deadbeef
deadbeef
deadbeef
deadbeef
deadbeef
deadbeef
deadbeef
deadbeef
deadbeef
deadbeef
deadbeef
deadbeef
deadbeef
deadbeef
deadbeef
deadbeef
deadbeef
deadbeef
deadbeef
deadbeef
deadbeef
deadbeef
deadbeef
deadbeef
deadbeef
deadbeef
deadbeef
deadbeef
deadbeef
deadbeef
deadbeef
deadbeef
deadbeef
deadbeef
deadbeef
deadbeef
deadbeef
deadbeef
deadbeef
deadbeef
deadbeef
deadbeef
deadbeef
deadbeef
deadbeef
deadbeef
deadbeef
deadbeef
deadbeef
deadbeef
deadbeef
deadbeef
deadbeef
deadbeef
deadbeef
deadbeef
deadbeef
deadbeef
deadbeef
deadbeef
deadbeef
deadbeef
deadbeef
deadbeef
deadbeef
deadbeef
deadbeef
deadbeef
deadbeef
deadbeef
deadbeef
deadbeef
deadbeef
deadbeef
deadbeef
deadbeef
deadbeef
deadbeef
deadbeef
deadbeef
deadbeef
deadbeef
deadbeef
deadbeef
deadbeef
deadbeef
deadbeef
deadbeef
deadbeef
deadbeef
deadbeef
deadbeef
deadbeef
deadbeef
deadbeef
deadbeef
deadbeef
deadbeef
deadbeef
deadbeef
deadbeef
deadbeef
deadbeef
deadbeef
deadbeef
deadbeef
deadbeef
deadbeef
deadbeef
deadbeef
deadbeef
deadbeef
deadbeef
deadbeef
deadbeef
deadbeef
deadbeef
deadbeef
deadbeef
deadbeef
deadbeef
deadbeef
deadbeef
deadbeef
deadbeef
deadbeef
deadbeef
deadbeef
deadbeef
deadbeef
deadbeef
deadbeef
deadbeef
deadbeef
deadbeef
deadbeef
deadbeef
deadbeef
deadbeef
deadbeef
deadbeef
deadbeef
deadbeef
deadbeef
deadbeef
deadbeef
deadbeef
deadbeef
deadbeef
deadbeef
deadbeef
deadbeef
deadbeef
deadbeef
deadbeef
deadbeef
deadbeef
deadbeef
deadbeef
deadbeef
deadbeef
deadbeef
deadbeef
deadbeef
deadbeef
deadbeef
deadbeef
deadbeef
deadbeef
deadbeef
deadbeef
deadbeef
deadbeef
deadbeef
deadbeef
deadbeef
deadbeef
deadbeef
deadbeef
deadbeef
deadbeef
deadbeef
deadbeef
deadbeef
deadbeef
deadbeef
deadbeef
deadbeef
deadbeef
deadbeef
deadbeef
deadbeef
deadbeef
deadbeef
deadbeef
deadbeef
deadbeef
deadbeef
deadbeef
deadbeef
deadbeef
deadbeef
deadbeef
deadbeef
deadbeef
deadbeef
deadbeef
deadbeef
deadbeef
deadbeef
deadbeef
deadbeef
deadbeef
deadbeef
deadbeef
deadbeef
deadbeef
deadbeef
deadbeef
deadbeef
deadbeef
deadbeef
deadbeef
deadbeef
deadbeef
deadbeef
deadbeef
deadbeef
deadbeef
deadbeef
deadbeef
deadbeef
deadbeef
deadbeef
deadbeef
deadbeef
deadbeef
deadbeef
deadbeef
deadbeef
deadbeef
deadbeef
deadbeef
deadbeef
deadbeef
deadbeef
deadbeef
deadbeef
deadbeef
deadbeef
deadbeef
deadbeef
deadbeef
deadbeef
deadbeef
deadbeef
deadbeef
deadbeef
deadbeef
deadbeef
deadbeef
deadbeef
deadbeef
deadbeef
deadbeef
deadbeef
deadbeef
deadbeef
deadbeef
deadbeef
deadbeef
deadbeef
deadbeef
deadbeef
deadbeef
deadbeef
deadbeef
deadbeef
deadbeef
deadbeef
deadbeef
deadbeef
deadbeef
deadbeef
deadbeef
deadbeef
deadbeef
deadbeef
deadbeef
deadbeef
deadbeef
deadbeef
deadbeef
deadbeef
deadbeef
deadbeef
deadbeef
deadbeef
deadbeef
deadbeef
deadbeef
deadbeef
deadbeef
deadbeef
deadbeef
deadbeef
deadbeef
deadbeef
deadbeef
deadbeef
deadbeef
deadbeef
deadbeef
deadbeef
deadbeef
deadbeef
deadbeef
deadbeef
deadbeef
deadbeef
deadbeef
deadbeef
deadbeef
deadbeef
deadbeef
deadbeef
deadbeef
deadbeef
deadbeef
deadbeef
deadbeef
deadbeef
deadbeef
deadbeef
deadbeef
deadbeef
deadbeef
deadbeef
deadbeef
deadbeef
deadbeef
deadbeef
deadbeef
deadbeef
deadbeef
deadbeef
deadbeef
deadbeef
deadbeef
deadbeef
deadbeef
deadbeef
deadbeef
deadbeef
deadbeef
deadbeef
deadbeef
deadbeef
deadbeef
deadbeef
deadbeef
deadbeef
deadbeef
deadbeef
deadbeef
deadbeef
deadbeef
deadbeef
deadbeef
deadbeef
deadbeef
deadbeef
deadbeef
deadbeef
deadbeef
deadbeef
deadbeef
deadbeef
deadbeef
deadbeef
deadbeef
deadbeef
deadbeef
deadbeef
deadbeef
deadbeef
deadbeef
deadbeef
deadbeef
deadbeef
deadbeef
deadbeef
deadbeef
deadbeef
deadbeef
deadbeef
deadbeef
deadbeef
deadbeef
deadbeef
deadbeef
deadbeef
deadbeef
deadbeef
deadbeef
deadbeef
deadbeef
deadbeef
deadbeef
deadbeef
deadbeef
deadbeef
deadbeef
deadbeef
deadbeef
deadbeef
deadbeef
deadbeef
deadbeef
deadbeef
deadbeef
deadbeef
deadbeef
deadbeef
deadbeef
deadbeef
deadbeef
deadbeef
deadbeef
deadbeef
deadbeef
deadbeef
deadbeef
deadbeef
deadbeef
deadbeef
deadbeef
deadbeef
deadbeef
deadbeef
deadbeef
deadbeef
deadbeef
deadbeef
deadbeef
deadbeef
deadbeef
deadbeef
deadbeef
deadbeef
deadbeef
deadbeef
deadbeef
deadbeef
deadbeef
deadbeef
deadbeef
deadbeef
deadbeef
deadbeef
deadbeef
deadbeef
deadbeef
deadbeef
deadbeef
deadbeef
deadbeef
deadbeef
deadbeef
deadbeef
deadbeef
deadbeef
deadbeef
deadbeef
deadbeef
deadbeef
deadbeef
deadbeef
deadbeef
deadbeef
deadbeef
deadbeef
deadbeef
deadbeef
deadbeef
deadbeef
deadbeef
deadbeef
deadbeef
deadbeef
deadbeef
deadbeef
deadbeef
deadbeef
deadbeef
deadbeef
deadbeef
deadbeef
deadbeef
deadbeef
deadbeef
deadbeef
deadbeef
deadbeef
deadbeef
deadbeef
deadbeef
deadbeef
deadbeef
deadbeef
deadbeef
deadbeef
deadbeef
deadbeef
deadbeef
deadbeef
deadbeef
deadbeef
deadbeef
deadbeef
deadbeef
deadbeef
deadbeef
deadbeef
deadbeef
deadbeef
deadbeef
deadbeef
deadbeef
deadbeef
deadbeef
deadbeef
deadbeef
deadbeef
deadbeef
deadbeef
deadbeef
deadbeef
deadbeef
deadbeef
deadbeef
deadbeef
deadbeef
deadbeef
deadbeef
deadbeef
deadbeef
deadbeef
deadbeef
deadbeef
deadbeef
deadbeef
deadbeef
deadbeef
deadbeef
deadbeef
deadbeef
deadbeef
deadbeef
deadbeef
deadbeef
deadbeef
deadbeef
deadbeef
deadbeef
deadbeef
deadbeef
deadbeef
deadbeef
deadbeef
deadbeef
deadbeef
deadbeef
deadbeef
deadbeef
deadbeef
deadbeef
deadbeef
deadbeef
deadbeef
deadbeef
deadbeef
deadbeef
deadbeef
deadbeef
deadbeef
deadbeef
deadbeef
deadbeef
deadbeef
deadbeef
deadbeef
deadbeef
deadbeef
deadbeef
deadbeef
deadbeef
deadbeef
deadbeef
deadbeef
deadbeef
deadbeef
deadbeef
deadbeef
deadbeef
deadbeef
deadbeef
deadbeef
deadbeef
deadbeef
deadbeef
deadbeef
deadbeef
deadbeef
deadbeef
deadbeef
deadbeef
deadbeef
deadbeef
deadbeef
deadbeef
deadbeef
deadbeef
deadbeef
deadbeef
deadbeef
deadbeef
deadbeef
deadbeef
deadbeef
deadbeef
deadbeef
deadbeef
deadbeef
deadbeef
deadbeef
deadbeef
deadbeef
deadbeef
deadbeef
deadbeef
deadbeef
deadbeef
deadbeef
deadbeef
deadbeef
deadbeef
deadbeef
deadbeef
deadbeef
deadbeef
deadbeef
deadbeef
deadbeef
deadbeef
deadbeef
deadbeef
deadbeef
deadbeef
deadbeef
deadbeef
deadbeef
deadbeef
deadbeef
deadbeef
deadbeef
deadbeef
deadbeef
deadbeef
deadbeef
deadbeef
deadbeef
deadbeef
deadbeef
deadbeef
deadbeef
deadbeef
deadbeef
deadbeef
deadbeef
deadbeef
deadbeef
deadbeef
deadbeef
deadbeef
deadbeef
deadbeef
deadbeef
deadbeef
deadbeef
deadbeef
deadbeef
deadbeef
deadbeef
deadbeef
deadbeef
deadbeef
deadbeef
deadbeef
deadbeef
deadbeef
deadbeef
deadbeef
deadbeef
deadbeef
deadbeef
deadbeef
deadbeef
deadbeef
deadbeef
deadbeef
deadbeef
deadbeef
deadbeef
deadbeef
deadbeef
deadbeef
deadbeef
deadbeef
deadbeef
deadbeef
deadbeef
deadbeef
deadbeef
deadbeef
deadbeef
deadbeef
deadbeef
deadbeef
deadbeef
deadbeef
deadbeef
deadbeef
deadbeef
deadbeef
deadbeef
deadbeef
deadbeef
deadbeef
deadbeef
deadbeef
deadbeef
deadbeef
deadbeef
deadbeef
deadbeef
deadbeef
deadbeef
deadbeef
deadbeef
deadbeef
deadbeef
deadbeef
deadbeef
deadbeef
deadbeef
deadbeef
deadbeef
deadbeef
deadbeef
deadbeef
deadbeef
deadbeef
deadbeef
deadbeef
deadbeef
deadbeef
deadbeef
deadbeef
deadbeef
deadbeef
deadbeef
deadbeef
deadbeef
deadbeef
deadbeef
deadbeef
deadbeef
deadbeef
deadbeef
deadbeef
deadbeef
deadbeef
deadbeef
deadbeef
deadbeef
deadbeef
deadbeef
deadbeef
deadbeef
deadbeef
deadbeef
deadbeef
deadbeef
deadbeef
deadbeef
deadbeef
deadbeef
deadbeef
deadbeef
deadbeef
deadbeef
deadbeef
deadbeef
deadbeef
deadbeef
deadbeef
deadbeef
deadbeef
deadbeef
deadbeef
deadbeef
deadbeef
deadbeef
deadbeef
deadbeef
deadbeef
deadbeef
deadbeef
deadbeef
deadbeef
deadbeef
deadbeef
deadbeef
deadbeef
deadbeef
deadbeef
deadbeef
deadbeef
deadbeef
deadbeef
deadbeef
deadbeef
deadbeef
deadbeef
deadbeef
deadbeef
deadbeef
deadbeef
deadbeef
deadbeef
deadbeef
deadbeef
deadbeef
deadbeef
deadbeef
deadbeef
deadbeef
deadbeef
deadbeef
deadbeef
deadbeef
deadbeef
deadbeef
deadbeef
deadbeef
deadbeef
deadbeef
deadbeef
deadbeef
deadbeef
deadbeef
deadbeef
deadbeef
deadbeef
deadbeef
deadbeef
deadbeef
deadbeef
deadbeef
deadbeef
deadbeef
deadbeef
deadbeef
deadbeef
deadbeef
deadbeef
deadbeef
deadbeef
deadbeef
deadbeef
deadbeef
deadbeef
deadbeef
deadbeef
deadbeef
deadbeef
deadbeef
deadbeef
deadbeef
deadbeef
deadbeef
deadbeef
deadbeef
deadbeef
deadbeef
deadbeef
deadbeef
deadbeef
deadbeef
deadbeef
deadbeef
deadbeef
deadbeef
deadbeef
deadbeef
deadbeef
deadbeef
deadbeef
deadbeef
deadbeef
deadbeef
deadbeef
deadbeef
deadbeef
deadbeef
deadbeef
deadbeef
deadbeef
deadbeef
deadbeef
deadbeef
deadbeef
deadbeef
deadbeef
deadbeef
deadbeef
deadbeef
deadbeef
deadbeef
deadbeef
deadbeef
deadbeef
deadbeef
deadbeef
deadbeef
deadbeef
deadbeef
deadbeef
deadbeef
deadbeef
deadbeef
deadbeef
deadbeef
deadbeef
deadbeef
deadbeef
deadbeef
deadbeef
deadbeef
deadbeef
deadbeef
deadbeef
deadbeef
deadbeef
deadbeef
deadbeef
deadbeef
deadbeef
deadbeef
deadbeef
deadbeef
deadbeef
deadbeef
deadbeef
deadbeef
deadbeef
deadbeef
deadbeef
deadbeef
deadbeef
deadbeef
deadbeef
deadbeef
deadbeef
deadbeef
deadbeef
deadbeef
deadbeef
deadbeef
deadbeef
deadbeef
deadbeef
deadbeef
deadbeef
deadbeef
deadbeef
deadbeef
deadbeef
deadbeef
deadbeef
deadbeef
deadbeef
deadbeef
deadbeef
deadbeef
deadbeef
deadbeef
deadbeef
deadbeef
deadbeef
deadbeef
deadbeef
deadbeef
deadbeef
deadbeef
deadbeef
deadbeef
deadbeef
deadbeef
deadbeef
deadbeef
deadbeef
deadbeef
deadbeef
deadbeef
deadbeef
deadbeef
deadbeef
deadbeef
deadbeef
deadbeef
deadbeef
deadbeef
deadbeef
deadbeef
deadbeef
deadbeef
deadbeef
deadbeef
deadbeef
deadbeef
deadbeef
deadbeef
deadbeef
deadbeef
deadbeef
deadbeef
deadbeef
deadbeef
deadbeef
deadbeef
deadbeef
deadbeef
deadbeef
deadbeef
deadbeef
deadbeef
deadbeef
deadbeef
deadbeef
deadbeef
deadbeef
deadbeef
deadbeef
deadbeef
deadbeef
deadbeef
deadbeef
deadbeef
deadbeef
deadbeef
deadbeef
deadbeef
deadbeef
deadbeef
deadbeef
deadbeef
deadbeef
deadbeef
deadbeef
deadbeef
deadbeef
deadbeef
deadbeef
deadbeef
deadbeef
deadbeef
deadbeef
deadbeef
deadbeef
deadbeef
deadbeef
deadbeef
deadbeef
deadbeef
deadbeef
deadbeef
deadbeef
deadbeef
deadbeef
deadbeef
deadbeef
deadbeef
deadbeef
deadbeef
deadbeef
deadbeef
deadbeef
deadbeef
deadbeef
deadbeef
deadbeef
deadbeef
deadbeef
deadbeef
deadbeef
deadbeef
deadbeef
deadbeef
deadbeef
deadbeef
deadbeef
deadbeef
deadbeef
deadbeef
deadbeef
deadbeef
deadbeef
deadbeef
deadbeef
deadbeef
deadbeef
deadbeef
deadbeef
deadbeef
deadbeef
deadbeef
deadbeef
deadbeef
deadbeef
deadbeef
deadbeef
deadbeef
deadbeef
deadbeef
deadbeef
deadbeef
deadbeef
deadbeef
deadbeef
deadbeef
deadbeef
deadbeef
deadbeef
deadbeef
deadbeef
deadbeef
deadbeef
deadbeef
deadbeef
deadbeef
deadbeef
deadbeef
deadbeef
deadbeef
deadbeef
deadbeef
deadbeef
deadbeef
deadbeef
deadbeef
deadbeef
deadbeef
deadbeef
deadbeef
deadbeef
deadbeef
deadbeef
deadbeef
deadbeef
deadbeef
deadbeef
deadbeef
deadbeef
deadbeef
deadbeef
deadbeef
deadbeef
deadbeef
deadbeef
deadbeef
deadbeef
deadbeef
deadbeef
deadbeef
deadbeef
deadbeef
deadbeef
deadbeef
deadbeef
deadbeef
deadbeef
deadbeef
deadbeef
deadbeef
deadbeef
deadbeef
deadbeef
deadbeef
deadbeef
deadbeef
deadbeef
deadbeef
deadbeef
deadbeef
deadbeef
deadbeef
deadbeef
deadbeef
deadbeef
deadbeef
deadbeef
deadbeef
deadbeef
deadbeef
deadbeef
deadbeef
deadbeef
deadbeef
deadbeef
deadbeef
deadbeef
deadbeef
deadbeef
deadbeef
deadbeef
deadbeef
deadbeef
deadbeef
deadbeef
deadbeef
deadbeef
deadbeef
deadbeef
deadbeef
deadbeef
deadbeef
deadbeef
deadbeef
deadbeef
deadbeef
deadbeef
deadbeef
deadbeef
deadbeef
deadbeef
deadbeef
deadbeef
deadbeef
deadbeef
deadbeef
deadbeef
deadbeef
deadbeef
deadbeef
deadbeef
deadbeef
deadbeef
deadbeef
deadbeef
deadbeef
deadbeef
deadbeef
deadbeef
deadbeef
deadbeef
deadbeef
deadbeef
deadbeef
deadbeef
deadbeef
deadbeef
deadbeef
deadbeef
deadbeef
deadbeef
deadbeef
deadbeef
deadbeef
deadbeef
deadbeef
deadbeef
deadbeef
deadbeef
deadbeef
deadbeef
deadbeef
deadbeef
deadbeef
deadbeef
deadbeef
deadbeef
deadbeef
deadbeef
deadbeef
deadbeef
deadbeef
deadbeef
deadbeef
deadbeef
deadbeef
deadbeef
deadbeef
deadbeef
deadbeef
deadbeef
deadbeef
deadbeef
deadbeef
deadbeef
deadbeef
deadbeef
deadbeef
deadbeef
deadbeef
deadbeef
deadbeef
deadbeef
deadbeef
deadbeef
deadbeef
deadbeef
deadbeef
deadbeef
deadbeef
deadbeef
deadbeef
deadbeef
deadbeef
deadbeef
deadbeef
deadbeef
deadbeef
deadbeef
deadbeef
deadbeef
deadbeef
deadbeef
deadbeef
deadbeef
deadbeef
deadbeef
deadbeef
deadbeef
deadbeef
deadbeef
deadbeef
deadbeef
deadbeef
deadbeef
deadbeef
deadbeef
deadbeef
deadbeef
deadbeef
deadbeef
deadbeef
deadbeef
deadbeef
deadbeef
deadbeef
deadbeef
deadbeef
deadbeef
deadbeef
deadbeef
deadbeef
deadbeef
deadbeef
deadbeef
deadbeef
deadbeef
deadbeef
deadbeef
deadbeef
deadbeef
deadbeef
deadbeef
deadbeef
deadbeef
deadbeef
deadbeef
deadbeef
deadbeef
deadbeef
deadbeef
deadbeef
deadbeef
deadbeef
deadbeef
deadbeef
deadbeef
deadbeef
deadbeef
deadbeef
deadbeef
deadbeef
deadbeef
deadbeef
deadbeef
deadbeef
deadbeef
deadbeef
deadbeef
deadbeef
deadbeef
deadbeef
deadbeef
deadbeef
deadbeef
deadbeef
deadbeef
deadbeef
deadbeef
deadbeef
deadbeef
deadbeef
deadbeef
deadbeef
deadbeef
deadbeef
deadbeef
deadbeef
deadbeef
deadbeef
deadbeef
deadbeef
deadbeef
deadbeef
deadbeef
deadbeef
deadbeef
deadbeef
deadbeef
deadbeef
deadbeef
deadbeef
deadbeef
deadbeef
deadbeef
deadbeef
deadbeef
deadbeef
deadbeef
deadbeef
deadbeef
deadbeef
deadbeef
deadbeef
deadbeef
deadbeef
deadbeef
deadbeef
deadbeef
deadbeef
deadbeef
deadbeef
deadbeef
deadbeef
deadbeef
deadbeef
deadbeef
deadbeef
deadbeef
deadbeef
deadbeef
deadbeef
deadbeef
deadbeef
deadbeef
deadbeef
deadbeef
deadbeef
deadbeef
deadbeef
deadbeef
deadbeef
deadbeef
deadbeef
deadbeef
deadbeef
deadbeef
deadbeef
deadbeef
deadbeef
deadbeef
deadbeef
deadbeef
deadbeef
deadbeef
deadbeef
deadbeef
deadbeef
deadbeef
deadbeef
deadbeef
deadbeef
deadbeef
deadbeef
deadbeef
deadbeef
deadbeef
deadbeef
deadbeef
deadbeef
deadbeef
deadbeef
deadbeef
deadbeef
deadbeef
deadbeef
deadbeef
deadbeef
deadbeef
deadbeef
deadbeef
deadbeef
deadbeef
deadbeef
deadbeef
deadbeef
deadbeef
deadbeef
deadbeef
deadbeef
deadbeef
deadbeef
deadbeef
deadbeef
deadbeef
deadbeef
deadbeef
deadbeef
deadbeef
deadbeef
deadbeef
deadbeef
deadbeef
deadbeef
deadbeef
deadbeef
deadbeef
deadbeef
deadbeef
deadbeef
deadbeef
deadbeef
deadbeef
deadbeef
deadbeef
deadbeef
deadbeef
deadbeef
deadbeef
deadbeef
deadbeef
deadbeef
deadbeef
deadbeef
deadbeef
deadbeef
deadbeef
deadbeef
deadbeef
deadbeef
deadbeef
deadbeef
deadbeef
deadbeef
deadbeef
deadbeef
deadbeef
deadbeef
deadbeef
deadbeef
deadbeef
deadbeef
deadbeef
deadbeef
deadbeef
deadbeef
deadbeef
deadbeef
deadbeef
deadbeef
deadbeef
deadbeef
deadbeef
deadbeef
deadbeef
deadbeef
deadbeef
deadbeef
deadbeef
deadbeef
deadbeef
deadbeef
deadbeef
deadbeef
deadbeef
deadbeef
deadbeef
deadbeef
deadbeef
deadbeef
deadbeef
deadbeef
deadbeef
deadbeef
deadbeef
deadbeef
deadbeef
deadbeef
deadbeef
deadbeef
deadbeef
deadbeef
deadbeef
deadbeef
deadbeef
deadbeef
deadbeef
deadbeef
deadbeef
deadbeef
deadbeef
deadbeef
deadbeef
deadbeef
deadbeef
deadbeef
deadbeef
deadbeef
deadbeef
deadbeef
deadbeef
deadbeef
deadbeef
deadbeef
deadbeef
deadbeef
deadbeef
deadbeef
deadbeef
deadbeef
deadbeef
deadbeef
deadbeef
deadbeef
deadbeef
deadbeef
deadbeef
deadbeef
deadbeef
deadbeef
deadbeef
deadbeef
deadbeef
deadbeef
deadbeef
deadbeef
deadbeef
deadbeef
deadbeef
deadbeef
deadbeef
deadbeef
deadbeef
deadbeef
deadbeef
deadbeef
deadbeef
deadbeef
deadbeef
deadbeef
deadbeef
deadbeef
deadbeef
deadbeef
deadbeef
deadbeef
deadbeef
deadbeef
deadbeef
deadbeef
deadbeef
deadbeef
deadbeef
deadbeef
deadbeef
deadbeef
deadbeef
deadbeef
deadbeef
deadbeef
deadbeef
deadbeef
deadbeef
deadbeef
deadbeef
deadbeef
deadbeef
deadbeef
deadbeef
deadbeef
deadbeef
deadbeef
deadbeef
deadbeef
deadbeef
deadbeef
deadbeef
deadbeef
deadbeef
deadbeef
deadbeef
deadbeef
deadbeef
deadbeef
deadbeef
deadbeef
deadbeef
deadbeef
deadbeef
deadbeef
deadbeef
deadbeef
deadbeef
deadbeef
deadbeef
deadbeef
deadbeef
deadbeef
deadbeef
deadbeef
deadbeef
deadbeef
deadbeef
deadbeef
deadbeef
deadbeef
deadbeef
deadbeef
deadbeef
deadbeef
deadbeef
deadbeef
deadbeef
deadbeef
deadbeef
deadbeef
deadbeef
deadbeef
deadbeef
deadbeef
deadbeef
deadbeef
deadbeef
deadbeef
deadbeef
deadbeef
deadbeef
deadbeef
deadbeef
deadbeef
deadbeef
deadbeef
deadbeef
deadbeef
deadbeef
deadbeef
deadbeef
deadbeef
deadbeef
deadbeef
deadbeef
deadbeef
deadbeef
deadbeef
deadbeef
deadbeef
deadbeef
deadbeef
deadbeef
deadbeef
deadbeef
deadbeef
deadbeef
deadbeef
deadbeef
deadbeef
deadbeef
deadbeef
deadbeef
deadbeef
deadbeef
deadbeef
deadbeef
deadbeef
deadbeef
deadbeef
deadbeef
deadbeef
deadbeef
deadbeef
deadbeef
deadbeef
deadbeef
deadbeef
deadbeef
deadbeef
deadbeef
deadbeef
deadbeef
deadbeef
deadbeef
deadbeef
deadbeef
deadbeef
deadbeef
deadbeef
deadbeef
deadbeef
deadbeef
deadbeef
deadbeef
deadbeef
deadbeef
deadbeef
deadbeef
deadbeef
deadbeef
deadbeef
deadbeef
deadbeef
deadbeef
deadbeef
deadbeef
deadbeef
deadbeef
deadbeef
deadbeef
deadbeef
deadbeef
deadbeef
deadbeef
deadbeef
deadbeef
deadbeef
deadbeef
deadbeef
deadbeef
deadbeef
deadbeef
deadbeef
deadbeef
deadbeef
deadbeef
deadbeef
deadbeef
deadbeef
deadbeef
deadbeef
deadbeef
deadbeef
deadbeef
deadbeef
deadbeef
deadbeef
deadbeef
deadbeef
deadbeef
deadbeef
deadbeef
deadbeef
deadbeef
deadbeef
deadbeef
deadbeef
deadbeef
deadbeef
deadbeef
deadbeef
deadbeef
deadbeef
deadbeef
deadbeef
deadbeef
deadbeef
deadbeef
deadbeef
deadbeef
deadbeef
deadbeef
deadbeef
deadbeef
deadbeef
deadbeef
deadbeef
deadbeef
deadbeef
deadbeef
deadbeef
deadbeef
deadbeef
deadbeef
deadbeef
deadbeef
deadbeef
deadbeef
deadbeef
deadbeef
deadbeef
deadbeef
deadbeef
deadbeef
deadbeef
deadbeef
deadbeef
deadbeef
deadbeef
deadbeef
deadbeef
deadbeef
deadbeef
deadbeef
deadbeef
deadbeef
deadbeef
deadbeef
deadbeef
deadbeef
deadbeef
deadbeef
deadbeef
deadbeef
deadbeef
deadbeef
deadbeef
deadbeef
deadbeef
deadbeef
deadbeef
deadbeef
deadbeef
deadbeef
deadbeef
deadbeef
deadbeef
deadbeef
deadbeef
deadbeef
deadbeef
deadbeef
deadbeef
deadbeef
deadbeef
deadbeef
deadbeef
deadbeef
deadbeef
deadbeef
deadbeef
deadbeef
deadbeef
deadbeef
deadbeef
deadbeef
deadbeef
deadbeef
deadbeef
deadbeef
deadbeef
deadbeef
deadbeef
deadbeef
deadbeef
deadbeef
deadbeef
deadbeef
deadbeef
deadbeef
deadbeef
deadbeef
deadbeef
deadbeef
deadbeef
deadbeef
deadbeef
deadbeef
deadbeef
deadbeef
deadbeef
deadbeef
deadbeef
deadbeef
deadbeef
deadbeef
deadbeef
deadbeef
deadbeef
deadbeef
deadbeef
deadbeef
deadbeef
deadbeef
deadbeef
deadbeef
deadbeef
deadbeef
deadbeef
deadbeef
deadbeef
deadbeef
deadbeef
deadbeef
deadbeef
deadbeef
deadbeef
deadbeef
deadbeef
deadbeef
deadbeef
deadbeef
deadbeef
deadbeef
deadbeef
deadbeef
deadbeef
deadbeef
deadbeef
deadbeef
deadbeef
deadbeef
deadbeef
deadbeef
deadbeef
deadbeef
deadbeef
deadbeef
deadbeef
deadbeef
deadbeef
deadbeef
deadbeef
deadbeef
deadbeef
deadbeef
deadbeef
deadbeef
deadbeef
deadbeef
deadbeef
deadbeef
deadbeef
deadbeef
deadbeef
deadbeef
deadbeef
deadbeef
deadbeef
deadbeef
deadbeef
deadbeef
deadbeef
deadbeef
deadbeef
deadbeef
deadbeef
deadbeef
deadbeef
deadbeef
deadbeef
deadbeef
deadbeef
deadbeef
deadbeef
deadbeef
deadbeef
deadbeef
deadbeef
deadbeef
deadbeef
deadbeef
deadbeef
deadbeef
deadbeef
deadbeef
deadbeef
deadbeef
deadbeef
deadbeef
deadbeef
deadbeef
deadbeef
deadbeef
deadbeef
deadbeef
deadbeef
deadbeef
deadbeef
deadbeef
deadbeef
deadbeef
deadbeef
deadbeef
deadbeef
deadbeef
deadbeef
deadbeef
deadbeef
deadbeef
deadbeef
deadbeef
deadbeef
deadbeef
deadbeef
deadbeef
deadbeef
deadbeef
deadbeef
deadbeef
deadbeef
deadbeef
deadbeef
deadbeef
deadbeef
deadbeef
deadbeef
deadbeef
deadbeef
deadbeef
deadbeef
deadbeef
deadbeef
deadbeef
deadbeef
deadbeef
deadbeef
deadbeef
deadbeef
deadbeef
deadbeef
deadbeef
deadbeef
deadbeef
deadbeef
deadbeef
deadbeef
deadbeef
deadbeef
deadbeef
deadbeef
deadbeef
deadbeef
deadbeef
deadbeef
deadbeef
deadbeef
deadbeef
deadbeef
deadbeef
deadbeef
deadbeef
deadbeef
deadbeef
deadbeef
deadbeef
deadbeef
deadbeef
deadbeef
deadbeef
deadbeef
deadbeef
deadbeef
deadbeef
deadbeef
deadbeef
deadbeef
deadbeef
deadbeef
deadbeef
deadbeef
deadbeef
deadbeef
deadbeef
deadbeef
deadbeef
deadbeef
deadbeef
deadbeef
deadbeef
deadbeef
deadbeef
deadbeef
deadbeef
deadbeef
deadbeef
deadbeef
deadbeef
deadbeef
deadbeef
deadbeef
deadbeef
deadbeef
deadbeef
deadbeef
deadbeef
deadbeef
deadbeef
deadbeef
deadbeef
deadbeef
deadbeef
deadbeef
deadbeef
deadbeef
deadbeef
deadbeef
deadbeef
deadbeef
deadbeef
deadbeef
deadbeef
deadbeef
deadbeef
deadbeef
deadbeef
deadbeef
deadbeef
deadbeef
deadbeef
deadbeef
deadbeef
deadbeef
deadbeef
deadbeef
deadbeef
deadbeef
deadbeef
deadbeef
deadbeef
deadbeef
deadbeef
deadbeef
deadbeef
deadbeef
deadbeef
deadbeef
deadbeef
deadbeef
deadbeef
deadbeef
deadbeef
deadbeef
deadbeef
deadbeef
deadbeef
deadbeef
deadbeef
deadbeef
deadbeef
deadbeef
deadbeef
deadbeef
deadbeef
deadbeef
deadbeef
deadbeef
deadbeef
deadbeef
deadbeef
deadbeef
deadbeef
deadbeef
deadbeef
deadbeef
deadbeef
deadbeef
deadbeef
deadbeef
deadbeef
deadbeef
deadbeef
deadbeef
deadbeef
deadbeef
deadbeef
deadbeef
deadbeef
deadbeef
deadbeef
deadbeef
deadbeef
deadbeef
deadbeef
deadbeef
deadbeef
deadbeef
deadbeef
deadbeef
deadbeef
deadbeef
deadbeef
deadbeef
deadbeef
deadbeef
deadbeef
deadbeef
deadbeef
deadbeef
deadbeef
deadbeef
deadbeef
deadbeef
deadbeef
deadbeef
deadbeef
deadbeef
deadbeef
deadbeef
deadbeef
deadbeef
deadbeef
deadbeef
deadbeef
deadbeef
deadbeef
deadbeef
deadbeef
deadbeef
deadbeef
deadbeef
deadbeef
deadbeef
deadbeef
deadbeef
deadbeef
deadbeef
deadbeef
deadbeef
deadbeef
deadbeef
deadbeef
deadbeef
deadbeef
deadbeef
deadbeef
deadbeef
deadbeef
deadbeef
deadbeef
deadbeef
deadbeef
deadbeef
deadbeef
deadbeef
deadbeef
deadbeef
deadbeef
deadbeef
deadbeef
deadbeef
deadbeef
deadbeef
deadbeef
deadbeef
deadbeef
deadbeef
deadbeef
deadbeef
deadbeef
deadbeef
deadbeef
deadbeef
deadbeef
deadbeef
deadbeef
deadbeef
deadbeef
deadbeef
deadbeef
deadbeef
deadbeef
deadbeef
deadbeef
deadbeef
deadbeef
deadbeef
deadbeef
deadbeef
deadbeef
deadbeef
deadbeef
deadbeef
deadbeef
deadbeef
deadbeef
deadbeef
deadbeef
deadbeef
deadbeef
deadbeef
deadbeef
deadbeef
deadbeef
deadbeef
deadbeef
deadbeef
deadbeef
deadbeef
deadbeef
deadbeef
deadbeef
deadbeef
deadbeef
deadbeef
deadbeef
deadbeef
deadbeef
deadbeef
deadbeef
deadbeef
deadbeef
deadbeef
deadbeef
deadbeef
deadbeef
deadbeef
deadbeef
deadbeef
deadbeef
deadbeef
deadbeef
deadbeef
deadbeef
deadbeef
deadbeef
deadbeef
deadbeef
deadbeef
deadbeef
deadbeef
deadbeef
deadbeef
deadbeef
deadbeef
deadbeef
deadbeef
deadbeef
deadbeef
deadbeef
deadbeef
deadbeef
deadbeef
deadbeef
deadbeef
deadbeef
deadbeef
deadbeef
deadbeef
deadbeef
deadbeef
deadbeef
deadbeef
deadbeef
deadbeef
deadbeef
deadbeef
deadbeef
deadbeef
deadbeef
deadbeef
deadbeef
deadbeef
deadbeef
deadbeef
deadbeef
deadbeef
deadbeef
deadbeef
deadbeef
deadbeef
deadbeef
deadbeef
deadbeef
deadbeef
deadbeef
deadbeef
deadbeef
deadbeef
deadbeef
deadbeef
deadbeef
deadbeef
deadbeef
deadbeef
deadbeef
deadbeef
deadbeef
deadbeef
deadbeef
deadbeef
deadbeef
deadbeef
deadbeef
deadbeef
deadbeef
deadbeef
deadbeef
deadbeef
deadbeef
deadbeef
deadbeef
deadbeef
deadbeef
deadbeef
deadbeef
deadbeef
deadbeef
deadbeef
deadbeef
deadbeef
deadbeef
deadbeef
deadbeef
deadbeef
deadbeef
deadbeef
deadbeef
deadbeef
deadbeef
deadbeef
deadbeef
deadbeef
deadbeef
deadbeef
deadbeef
deadbeef
deadbeef
deadbeef
deadbeef
deadbeef
deadbeef
deadbeef
deadbeef
deadbeef
deadbeef
deadbeef
deadbeef
deadbeef
deadbeef
deadbeef
deadbeef
deadbeef
deadbeef
deadbeef
deadbeef
deadbeef
deadbeef
deadbeef
deadbeef
deadbeef
deadbeef
deadbeef
deadbeef
deadbeef
deadbeef
deadbeef
deadbeef
deadbeef
deadbeef
deadbeef
deadbeef
deadbeef
deadbeef
deadbeef
deadbeef
deadbeef
deadbeef
deadbeef
deadbeef
deadbeef
deadbeef
deadbeef
deadbeef
deadbeef
deadbeef
deadbeef
deadbeef
deadbeef
deadbeef
deadbeef
deadbeef
deadbeef
deadbeef
deadbeef
deadbeef
deadbeef
deadbeef
deadbeef
deadbeef
deadbeef
deadbeef
deadbeef
deadbeef
deadbeef
deadbeef
deadbeef
deadbeef
deadbeef
deadbeef
deadbeef
deadbeef
deadbeef
deadbeef
deadbeef
deadbeef
deadbeef
deadbeef
deadbeef
deadbeef
deadbeef
deadbeef
deadbeef
deadbeef
deadbeef
deadbeef
deadbeef
deadbeef
deadbeef
deadbeef
deadbeef
deadbeef
deadbeef
deadbeef
deadbeef
deadbeef
deadbeef
deadbeef
deadbeef
deadbeef
deadbeef
deadbeef
deadbeef
deadbeef
deadbeef
deadbeef
deadbeef
deadbeef
deadbeef
deadbeef
deadbeef
deadbeef
deadbeef
deadbeef
deadbeef
deadbeef
deadbeef
deadbeef
deadbeef
deadbeef
deadbeef
deadbeef
deadbeef
deadbeef
deadbeef
deadbeef
deadbeef
deadbeef
deadbeef
deadbeef
deadbeef
deadbeef
deadbeef
deadbeef
deadbeef
deadbeef
deadbeef
deadbeef
deadbeef
deadbeef
deadbeef
deadbeef
deadbeef
deadbeef
deadbeef
deadbeef
deadbeef
deadbeef
deadbeef
deadbeef
deadbeef
deadbeef
deadbeef
deadbeef
deadbeef
deadbeef
deadbeef
deadbeef
deadbeef
deadbeef
deadbeef
deadbeef
deadbeef
deadbeef
deadbeef
deadbeef
deadbeef
deadbeef
deadbeef
deadbeef
deadbeef
deadbeef
deadbeef
deadbeef
deadbeef
deadbeef
deadbeef
deadbeef
deadbeef
deadbeef
deadbeef
deadbeef
deadbeef
deadbeef
deadbeef
deadbeef
deadbeef
deadbeef
deadbeef
deadbeef
deadbeef
deadbeef
deadbeef
deadbeef
deadbeef
deadbeef
deadbeef
deadbeef
deadbeef
deadbeef
deadbeef
deadbeef
deadbeef
deadbeef
deadbeef
deadbeef
deadbeef
deadbeef
deadbeef
deadbeef
deadbeef
deadbeef
deadbeef
deadbeef
deadbeef
deadbeef
deadbeef
deadbeef
deadbeef
deadbeef
deadbeef
deadbeef
deadbeef
deadbeef
deadbeef
deadbeef
deadbeef
deadbeef
deadbeef
deadbeef
deadbeef
deadbeef
deadbeef
deadbeef
deadbeef
deadbeef
deadbeef
deadbeef
deadbeef
deadbeef
deadbeef
deadbeef
deadbeef
deadbeef
deadbeef
deadbeef
deadbeef
deadbeef
deadbeef
deadbeef
deadbeef
deadbeef
deadbeef
deadbeef
deadbeef
deadbeef
deadbeef
deadbeef
deadbeef
deadbeef
deadbeef
deadbeef
deadbeef
deadbeef
deadbeef
deadbeef
deadbeef
deadbeef
deadbeef
deadbeef
deadbeef
deadbeef
deadbeef
deadbeef
deadbeef
deadbeef
deadbeef
deadbeef
deadbeef
deadbeef
deadbeef
deadbeef
deadbeef
deadbeef
deadbeef
deadbeef
deadbeef
deadbeef
deadbeef
deadbeef
deadbeef
deadbeef
deadbeef
deadbeef
deadbeef
deadbeef
deadbeef
deadbeef
deadbeef
deadbeef
deadbeef
deadbeef
deadbeef
deadbeef
deadbeef
deadbeef
deadbeef
deadbeef
deadbeef
deadbeef
deadbeef
deadbeef
deadbeef
deadbeef
deadbeef
deadbeef
deadbeef
deadbeef
deadbeef
deadbeef
deadbeef
deadbeef
deadbeef
deadbeef
deadbeef
deadbeef
deadbeef
deadbeef
deadbeef
deadbeef
deadbeef
deadbeef
deadbeef
deadbeef
deadbeef
deadbeef
deadbeef
deadbeef
deadbeef
deadbeef
deadbeef
deadbeef
deadbeef
deadbeef
deadbeef
deadbeef
deadbeef
deadbeef
deadbeef
deadbeef
deadbeef
deadbeef
deadbeef
deadbeef
deadbeef
deadbeef
deadbeef
deadbeef
deadbeef
deadbeef
deadbeef
deadbeef
deadbeef
deadbeef
deadbeef
deadbeef
deadbeef
deadbeef
deadbeef
deadbeef
deadbeef
deadbeef
deadbeef
deadbeef
deadbeef
deadbeef
deadbeef
deadbeef
deadbeef
deadbeef
deadbeef
deadbeef
deadbeef
deadbeef
deadbeef
deadbeef
deadbeef
deadbeef
deadbeef
deadbeef
deadbeef
deadbeef
deadbeef
deadbeef
deadbeef
deadbeef
deadbeef
deadbeef
deadbeef
deadbeef
deadbeef
deadbeef
deadbeef
deadbeef
deadbeef
deadbeef
deadbeef
deadbeef
deadbeef
deadbeef
deadbeef
deadbeef
deadbeef
deadbeef
deadbeef
deadbeef
deadbeef
deadbeef
deadbeef
deadbeef
deadbeef
deadbeef
deadbeef
deadbeef
deadbeef
deadbeef
deadbeef
deadbeef
deadbeef
deadbeef
deadbeef
deadbeef
deadbeef
deadbeef
deadbeef
deadbeef
deadbeef
deadbeef
deadbeef
deadbeef
deadbeef
deadbeef
deadbeef
deadbeef
deadbeef
deadbeef
deadbeef
deadbeef
deadbeef
deadbeef
deadbeef
deadbeef
deadbeef
deadbeef
deadbeef
deadbeef
deadbeef
deadbeef
deadbeef
deadbeef
deadbeef
deadbeef
deadbeef
deadbeef
deadbeef
deadbeef
deadbeef
deadbeef
deadbeef
deadbeef
deadbeef
deadbeef
deadbeef
deadbeef
deadbeef
deadbeef
deadbeef
deadbeef
deadbeef
deadbeef
deadbeef
deadbeef
deadbeef
deadbeef
deadbeef
deadbeef
deadbeef
deadbeef
deadbeef
deadbeef
deadbeef
deadbeef
deadbeef
deadbeef
deadbeef
deadbeef
deadbeef
deadbeef
deadbeef
deadbeef
deadbeef
deadbeef
deadbeef
deadbeef
deadbeef
deadbeef
deadbeef
deadbeef
deadbeef
deadbeef
deadbeef
deadbeef
deadbeef
deadbeef
deadbeef
deadbeef
deadbeef
deadbeef
deadbeef
deadbeef
deadbeef
deadbeef
deadbeef
deadbeef
deadbeef
deadbeef
deadbeef
deadbeef
deadbeef
deadbeef
deadbeef
deadbeef
deadbeef
deadbeef
deadbeef
deadbeef
deadbeef
deadbeef
deadbeef
deadbeef
deadbeef
deadbeef
deadbeef
deadbeef
deadbeef
deadbeef
deadbeef
deadbeef
deadbeef
deadbeef
deadbeef
deadbeef
deadbeef
deadbeef
deadbeef
deadbeef
deadbeef
deadbeef
deadbeef
deadbeef
deadbeef
deadbeef
deadbeef
deadbeef
deadbeef
deadbeef
deadbeef
deadbeef
deadbeef
deadbeef
deadbeef
deadbeef
deadbeef
deadbeef
deadbeef
deadbeef
deadbeef
deadbeef
deadbeef
deadbeef
deadbeef
deadbeef
deadbeef
deadbeef
deadbeef
deadbeef
deadbeef
deadbeef
deadbeef
deadbeef
deadbeef
deadbeef
deadbeef
deadbeef
deadbeef
deadbeef
deadbeef
deadbeef
deadbeef
deadbeef
deadbeef
deadbeef
deadbeef
deadbeef
deadbeef
deadbeef
deadbeef
deadbeef
deadbeef
deadbeef
deadbeef
deadbeef
deadbeef
deadbeef
deadbeef
deadbeef
deadbeef
deadbeef
deadbeef
deadbeef
deadbeef
deadbeef
deadbeef
deadbeef
deadbeef
deadbeef
deadbeef
deadbeef
deadbeef
deadbeef
deadbeef
deadbeef
deadbeef
deadbeef
deadbeef
deadbeef
deadbeef
deadbeef
deadbeef
deadbeef
deadbeef
deadbeef
deadbeef
deadbeef
deadbeef
deadbeef
deadbeef
deadbeef
deadbeef
deadbeef
deadbeef
deadbeef
deadbeef
deadbeef
deadbeef
deadbeef
deadbeef
deadbeef
deadbeef
deadbeef
deadbeef
deadbeef
deadbeef
deadbeef
deadbeef
deadbeef
deadbeef
deadbeef
deadbeef
deadbeef
deadbeef
deadbeef
deadbeef
deadbeef
deadbeef
deadbeef
deadbeef
deadbeef
deadbeef
deadbeef
deadbeef
deadbeef
deadbeef
deadbeef
deadbeef
deadbeef
deadbeef
deadbeef
deadbeef
deadbeef
deadbeef
deadbeef
deadbeef
deadbeef
deadbeef
deadbeef
deadbeef
deadbeef
deadbeef
deadbeef
deadbeef
deadbeef
deadbeef
deadbeef
deadbeef
deadbeef
deadbeef
deadbeef
deadbeef
deadbeef
deadbeef
deadbeef
deadbeef
deadbeef
deadbeef
deadbeef
deadbeef
deadbeef
deadbeef
deadbeef
deadbeef
deadbeef
deadbeef
deadbeef
deadbeef
deadbeef
deadbeef
deadbeef
deadbeef
deadbeef
deadbeef
deadbeef
deadbeef
deadbeef
deadbeef
deadbeef
deadbeef
deadbeef
deadbeef
deadbeef
deadbeef
deadbeef
deadbeef
deadbeef
deadbeef
deadbeef
deadbeef
deadbeef
deadbeef
deadbeef
deadbeef
deadbeef
deadbeef
deadbeef
deadbeef
deadbeef
deadbeef
deadbeef
deadbeef
deadbeef
deadbeef
deadbeef
deadbeef
deadbeef
deadbeef
deadbeef
deadbeef
deadbeef
deadbeef
deadbeef
deadbeef
deadbeef
deadbeef
deadbeef
deadbeef
deadbeef
deadbeef
deadbeef
deadbeef
deadbeef
deadbeef
deadbeef
deadbeef
deadbeef
deadbeef
deadbeef
deadbeef
deadbeef
deadbeef
deadbeef
deadbeef
deadbeef
deadbeef
deadbeef
deadbeef
deadbeef
deadbeef
deadbeef
deadbeef
deadbeef
deadbeef
deadbeef
deadbeef
deadbeef
deadbeef
deadbeef
deadbeef
deadbeef
deadbeef
deadbeef
deadbeef
deadbeef
deadbeef
deadbeef
deadbeef
deadbeef
deadbeef
deadbeef
deadbeef
deadbeef
deadbeef
deadbeef
deadbeef
deadbeef
deadbeef
deadbeef
deadbeef
deadbeef
deadbeef
deadbeef
deadbeef
deadbeef
deadbeef
deadbeef
deadbeef
deadbeef
deadbeef
deadbeef
deadbeef
deadbeef
deadbeef
deadbeef
deadbeef
deadbeef
deadbeef
deadbeef
deadbeef
deadbeef
deadbeef
deadbeef
deadbeef
deadbeef
deadbeef
deadbeef
deadbeef
deadbeef
deadbeef
deadbeef
deadbeef
deadbeef
deadbeef
deadbeef
deadbeef
deadbeef
deadbeef
deadbeef
deadbeef
deadbeef
deadbeef
deadbeef
deadbeef
deadbeef
deadbeef
deadbeef
deadbeef
deadbeef
deadbeef
deadbeef
deadbeef
deadbeef
deadbeef
deadbeef
deadbeef
deadbeef
deadbeef
deadbeef
deadbeef
deadbeef
deadbeef
deadbeef
deadbeef
deadbeef
deadbeef
deadbeef
deadbeef
deadbeef
deadbeef
deadbeef
deadbeef
deadbeef
deadbeef
deadbeef
deadbeef
deadbeef
deadbeef
deadbeef
deadbeef
deadbeef
deadbeef
deadbeef
deadbeef
deadbeef
deadbeef
deadbeef
deadbeef
deadbeef
deadbeef
deadbeef
deadbeef
deadbeef
deadbeef
deadbeef
deadbeef
deadbeef
deadbeef
deadbeef
deadbeef
deadbeef
deadbeef
deadbeef
deadbeef
deadbeef
deadbeef
deadbeef
deadbeef
deadbeef
deadbeef
deadbeef
deadbeef
deadbeef
deadbeef
deadbeef
deadbeef
deadbeef
deadbeef
deadbeef
deadbeef
deadbeef
deadbeef
deadbeef
deadbeef
deadbeef
deadbeef
deadbeef
deadbeef
deadbeef
deadbeef
deadbeef
deadbeef
deadbeef
deadbeef
deadbeef
deadbeef
deadbeef
deadbeef
deadbeef
deadbeef
deadbeef
deadbeef
deadbeef
deadbeef
deadbeef
deadbeef
deadbeef
deadbeef
deadbeef
deadbeef
deadbeef
deadbeef
deadbeef
deadbeef
deadbeef
deadbeef
deadbeef
deadbeef
deadbeef
deadbeef
deadbeef
deadbeef
deadbeef
deadbeef
deadbeef
deadbeef
deadbeef
deadbeef
deadbeef
deadbeef
deadbeef
deadbeef
deadbeef
deadbeef
deadbeef
deadbeef
deadbeef
deadbeef
deadbeef
deadbeef
deadbeef
deadbeef
deadbeef
deadbeef
deadbeef
deadbeef
deadbeef
deadbeef
deadbeef
deadbeef
deadbeef
deadbeef
deadbeef
deadbeef
deadbeef
deadbeef
deadbeef
deadbeef
deadbeef
deadbeef
deadbeef
deadbeef
deadbeef
deadbeef
deadbeef
deadbeef
deadbeef
deadbeef
deadbeef
deadbeef
deadbeef
deadbeef
deadbeef
deadbeef
deadbeef
deadbeef
deadbeef
deadbeef
deadbeef
deadbeef
deadbeef
deadbeef
deadbeef
deadbeef
deadbeef
deadbeef
deadbeef
deadbeef
deadbeef
deadbeef
deadbeef
deadbeef
deadbeef
deadbeef
deadbeef
deadbeef
deadbeef
deadbeef
deadbeef
deadbeef
deadbeef
deadbeef
deadbeef
deadbeef
deadbeef
deadbeef
deadbeef
deadbeef
deadbeef
deadbeef
deadbeef
deadbeef
deadbeef
deadbeef
deadbeef
deadbeef
deadbeef
deadbeef
deadbeef
deadbeef
deadbeef
deadbeef
deadbeef
deadbeef
deadbeef
deadbeef
deadbeef
deadbeef
deadbeef
deadbeef
deadbeef
deadbeef
deadbeef
deadbeef
deadbeef
deadbeef
deadbeef
deadbeef
deadbeef
deadbeef
deadbeef
deadbeef
deadbeef
deadbeef
deadbeef
deadbeef
deadbeef
deadbeef
deadbeef
deadbeef
deadbeef
deadbeef
deadbeef
deadbeef
deadbeef
deadbeef
deadbeef
deadbeef
deadbeef
deadbeef
deadbeef
deadbeef
deadbeef
deadbeef
deadbeef
deadbeef
deadbeef
deadbeef
deadbeef
deadbeef
deadbeef
deadbeef
deadbeef
deadbeef
deadbeef
deadbeef
deadbeef
deadbeef
deadbeef
deadbeef
deadbeef
deadbeef
deadbeef
deadbeef
deadbeef
deadbeef
deadbeef
deadbeef
deadbeef
deadbeef
deadbeef
deadbeef
deadbeef
deadbeef
deadbeef
deadbeef
deadbeef
deadbeef
deadbeef
deadbeef
deadbeef
deadbeef
deadbeef
deadbeef
deadbeef
deadbeef
deadbeef
deadbeef
deadbeef
deadbeef
deadbeef
deadbeef
deadbeef
deadbeef
deadbeef
deadbeef
deadbeef
deadbeef
deadbeef
deadbeef
deadbeef
deadbeef
deadbeef
deadbeef
deadbeef
deadbeef
deadbeef
deadbeef
deadbeef
deadbeef
deadbeef
deadbeef
deadbeef
deadbeef
deadbeef
deadbeef
deadbeef
deadbeef
deadbeef
deadbeef
deadbeef
deadbeef
deadbeef
deadbeef
deadbeef
deadbeef
deadbeef
deadbeef
deadbeef
deadbeef
deadbeef
deadbeef
deadbeef
deadbeef
deadbeef
deadbeef
deadbeef
deadbeef
deadbeef
deadbeef
deadbeef
deadbeef
deadbeef
deadbeef
deadbeef
deadbeef
deadbeef
deadbeef
deadbeef
deadbeef
deadbeef
deadbeef
deadbeef
deadbeef
deadbeef
deadbeef
deadbeef
deadbeef
deadbeef
deadbeef
deadbeef
deadbeef
deadbeef
deadbeef
deadbeef
deadbeef
deadbeef
deadbeef
deadbeef
deadbeef
deadbeef
deadbeef
deadbeef
deadbeef
deadbeef
deadbeef
deadbeef
deadbeef
deadbeef
deadbeef
deadbeef
deadbeef
deadbeef
deadbeef
deadbeef
deadbeef
deadbeef
deadbeef
deadbeef
deadbeef
deadbeef
deadbeef
deadbeef
deadbeef
deadbeef
deadbeef
deadbeef
deadbeef
deadbeef
deadbeef
deadbeef
deadbeef
deadbeef
deadbeef
deadbeef
deadbeef
deadbeef
deadbeef
deadbeef
deadbeef
deadbeef
deadbeef
deadbeef
deadbeef
deadbeef
deadbeef
deadbeef
deadbeef
deadbeef
deadbeef
deadbeef
deadbeef
deadbeef
deadbeef
deadbeef
deadbeef
deadbeef
deadbeef
deadbeef
deadbeef
deadbeef
deadbeef
deadbeef
deadbeef
deadbeef
deadbeef
deadbeef
deadbeef
deadbeef
deadbeef
deadbeef
deadbeef
deadbeef
deadbeef
deadbeef
deadbeef
deadbeef
deadbeef
deadbeef
deadbeef
deadbeef
deadbeef
deadbeef
deadbeef
deadbeef
deadbeef
deadbeef
deadbeef
deadbeef
deadbeef
deadbeef
deadbeef
deadbeef
deadbeef
deadbeef
deadbeef
deadbeef
deadbeef
deadbeef
deadbeef
deadbeef
deadbeef
deadbeef
deadbeef
deadbeef
deadbeef
deadbeef
deadbeef
deadbeef
deadbeef
deadbeef
deadbeef
deadbeef
deadbeef
deadbeef
deadbeef
deadbeef
deadbeef
deadbeef
deadbeef
deadbeef
deadbeef
deadbeef
deadbeef
deadbeef
deadbeef
deadbeef
deadbeef
deadbeef
deadbeef
deadbeef
deadbeef
deadbeef
deadbeef
deadbeef
deadbeef
deadbeef
deadbeef
deadbeef
deadbeef
deadbeef
deadbeef
deadbeef
deadbeef
deadbeef
deadbeef
deadbeef
deadbeef
deadbeef
deadbeef
deadbeef
deadbeef
deadbeef
deadbeef
deadbeef
deadbeef
deadbeef
deadbeef
deadbeef
deadbeef
deadbeef
deadbeef
deadbeef
deadbeef
deadbeef
deadbeef
deadbeef
deadbeef
deadbeef
deadbeef
deadbeef
deadbeef
deadbeef
deadbeef
deadbeef
deadbeef
deadbeef
deadbeef
deadbeef
deadbeef
deadbeef
deadbeef
deadbeef
deadbeef
deadbeef
deadbeef
deadbeef
deadbeef
deadbeef
deadbeef
deadbeef
deadbeef
deadbeef
deadbeef
deadbeef
deadbeef
deadbeef
deadbeef
deadbeef
deadbeef
deadbeef
deadbeef
deadbeef
deadbeef
deadbeef
deadbeef
deadbeef
deadbeef
deadbeef
deadbeef
deadbeef
deadbeef
deadbeef
deadbeef
deadbeef
deadbeef
deadbeef
deadbeef
deadbeef
deadbeef
deadbeef
deadbeef
deadbeef
deadbeef
deadbeef
deadbeef
deadbeef
deadbeef
deadbeef
deadbeef
deadbeef
deadbeef
deadbeef
deadbeef
deadbeef
deadbeef
deadbeef
deadbeef
deadbeef
deadbeef
deadbeef
deadbeef
deadbeef
deadbeef
deadbeef
deadbeef
deadbeef
deadbeef
deadbeef
deadbeef
deadbeef
deadbeef
deadbeef
deadbeef
deadbeef
deadbeef
deadbeef
deadbeef
deadbeef
deadbeef
deadbeef
deadbeef
deadbeef
deadbeef
deadbeef
deadbeef
deadbeef
deadbeef
deadbeef
deadbeef
deadbeef
deadbeef
deadbeef
deadbeef
deadbeef
deadbeef
deadbeef
deadbeef
deadbeef
deadbeef
deadbeef
deadbeef
deadbeef
deadbeef
deadbeef
deadbeef
deadbeef
deadbeef
deadbeef
deadbeef
deadbeef
deadbeef
deadbeef
deadbeef
deadbeef
deadbeef
deadbeef
deadbeef
deadbeef
deadbeef
deadbeef
deadbeef
deadbeef
deadbeef
deadbeef
deadbeef
deadbeef
deadbeef
deadbeef
deadbeef
deadbeef
deadbeef
deadbeef
deadbeef
deadbeef
deadbeef
deadbeef
deadbeef
deadbeef
deadbeef
deadbeef
deadbeef
deadbeef
deadbeef
deadbeef
deadbeef
deadbeef
deadbeef
deadbeef
deadbeef
deadbeef
deadbeef
deadbeef
deadbeef
deadbeef
deadbeef
deadbeef
deadbeef
deadbeef
deadbeef
deadbeef
deadbeef
deadbeef
deadbeef
deadbeef
deadbeef
deadbeef
deadbeef
deadbeef
deadbeef
deadbeef
deadbeef
deadbeef
deadbeef
deadbeef
deadbeef
deadbeef
deadbeef
deadbeef
deadbeef
deadbeef
deadbeef
deadbeef
deadbeef
deadbeef
deadbeef
deadbeef
deadbeef
deadbeef
deadbeef
deadbeef
deadbeef
deadbeef
deadbeef
deadbeef
deadbeef
deadbeef
deadbeef
deadbeef
deadbeef
deadbeef
deadbeef
deadbeef
deadbeef
deadbeef
deadbeef
deadbeef
deadbeef
deadbeef
deadbeef
deadbeef
deadbeef
deadbeef
deadbeef
deadbeef
deadbeef
deadbeef
deadbeef
deadbeef
deadbeef
deadbeef
deadbeef
deadbeef
deadbeef
deadbeef
deadbeef
deadbeef
deadbeef
deadbeef
deadbeef
deadbeef
deadbeef
deadbeef
deadbeef
deadbeef
deadbeef
deadbeef
deadbeef
deadbeef
deadbeef
deadbeef
deadbeef
deadbeef
deadbeef
deadbeef
deadbeef
deadbeef
deadbeef
deadbeef
deadbeef
deadbeef
deadbeef
deadbeef
deadbeef
deadbeef
deadbeef
deadbeef
deadbeef
deadbeef
deadbeef
deadbeef
deadbeef
deadbeef
deadbeef
deadbeef
deadbeef
deadbeef
deadbeef
deadbeef
deadbeef
deadbeef
deadbeef
deadbeef
deadbeef
deadbeef
deadbeef
deadbeef
deadbeef
deadbeef
deadbeef
deadbeef
deadbeef
deadbeef
deadbeef
deadbeef
deadbeef
deadbeef
deadbeef
deadbeef
deadbeef
deadbeef
deadbeef
deadbeef
deadbeef
deadbeef
deadbeef
deadbeef
deadbeef
deadbeef
deadbeef
deadbeef
deadbeef
deadbeef
deadbeef
deadbeef
deadbeef
deadbeef
deadbeef
deadbeef
deadbeef
deadbeef
deadbeef
deadbeef
deadbeef
deadbeef
deadbeef
deadbeef
deadbeef
deadbeef
deadbeef
deadbeef
deadbeef
deadbeef
deadbeef
deadbeef
deadbeef
deadbeef
deadbeef
deadbeef
deadbeef
deadbeef
deadbeef
deadbeef
deadbeef
deadbeef
deadbeef
deadbeef
deadbeef
deadbeef
deadbeef
deadbeef
deadbeef
deadbeef
deadbeef
deadbeef
deadbeef
deadbeef
deadbeef
deadbeef
deadbeef
deadbeef
deadbeef
deadbeef
deadbeef
deadbeef
deadbeef
deadbeef
deadbeef
deadbeef
deadbeef
deadbeef
deadbeef
deadbeef
deadbeef
deadbeef
deadbeef
deadbeef
deadbeef
deadbeef
deadbeef
deadbeef
deadbeef
deadbeef
deadbeef
deadbeef
deadbeef
deadbeef
deadbeef
deadbeef
deadbeef
deadbeef
deadbeef
deadbeef
deadbeef
deadbeef
deadbeef
deadbeef
deadbeef
deadbeef
deadbeef
deadbeef
deadbeef
deadbeef
deadbeef
deadbeef
deadbeef
deadbeef
deadbeef
deadbeef
deadbeef
deadbeef
deadbeef
deadbeef
deadbeef
deadbeef
deadbeef
deadbeef
deadbeef
deadbeef
deadbeef
deadbeef
deadbeef
deadbeef
deadbeef
deadbeef
deadbeef
deadbeef
deadbeef
deadbeef
deadbeef
deadbeef
deadbeef
deadbeef
deadbeef
deadbeef
deadbeef
deadbeef
deadbeef
deadbeef
deadbeef
deadbeef
deadbeef
deadbeef
deadbeef
deadbeef
deadbeef
deadbeef
deadbeef
deadbeef
deadbeef
deadbeef
deadbeef
deadbeef
deadbeef
deadbeef
deadbeef
deadbeef
deadbeef
deadbeef
deadbeef
deadbeef
deadbeef
deadbeef
deadbeef
deadbeef
deadbeef
deadbeef
deadbeef
deadbeef
deadbeef
deadbeef
deadbeef
deadbeef
deadbeef
deadbeef
deadbeef
deadbeef
deadbeef
deadbeef
deadbeef
deadbeef
deadbeef
deadbeef
deadbeef
deadbeef
deadbeef
deadbeef
deadbeef
deadbeef
deadbeef
deadbeef
deadbeef
deadbeef
deadbeef
deadbeef
deadbeef
deadbeef
deadbeef
deadbeef
deadbeef
deadbeef
deadbeef
deadbeef
deadbeef
deadbeef
deadbeef
deadbeef
deadbeef
deadbeef
deadbeef
deadbeef
deadbeef
deadbeef
deadbeef
deadbeef
deadbeef
deadbeef
deadbeef
deadbeef
deadbeef
deadbeef
deadbeef
deadbeef
deadbeef
deadbeef
deadbeef
deadbeef
deadbeef
deadbeef
deadbeef
deadbeef
deadbeef
deadbeef
deadbeef
deadbeef
deadbeef
deadbeef
deadbeef
deadbeef
deadbeef
deadbeef
deadbeef
deadbeef
deadbeef
deadbeef
deadbeef
deadbeef
deadbeef
deadbeef
deadbeef
deadbeef
deadbeef
deadbeef
deadbeef
deadbeef
deadbeef
deadbeef
deadbeef
deadbeef
deadbeef
deadbeef
deadbeef
deadbeef
deadbeef
deadbeef
deadbeef
deadbeef
deadbeef
deadbeef
deadbeef
deadbeef
deadbeef
deadbeef
deadbeef
deadbeef
deadbeef
deadbeef
deadbeef
deadbeef
deadbeef
deadbeef
deadbeef
deadbeef
deadbeef
deadbeef
deadbeef
deadbeef
deadbeef
deadbeef
deadbeef
deadbeef
deadbeef
deadbeef
deadbeef
deadbeef
deadbeef
deadbeef
deadbeef
deadbeef
deadbeef
deadbeef
deadbeef
deadbeef
deadbeef
deadbeef
deadbeef
deadbeef
deadbeef
deadbeef
deadbeef
deadbeef
deadbeef
deadbeef
deadbeef
deadbeef
deadbeef
deadbeef
deadbeef
deadbeef
deadbeef
deadbeef
deadbeef
deadbeef
deadbeef
deadbeef
deadbeef
deadbeef
deadbeef
deadbeef
deadbeef
deadbeef
deadbeef
deadbeef
deadbeef
deadbeef
deadbeef
deadbeef
deadbeef
deadbeef
deadbeef
deadbeef
deadbeef
deadbeef
deadbeef
deadbeef
deadbeef
deadbeef
deadbeef
deadbeef
deadbeef
deadbeef
deadbeef
deadbeef
deadbeef
deadbeef
deadbeef
deadbeef
deadbeef
deadbeef
deadbeef
deadbeef
deadbeef
deadbeef
deadbeef
deadbeef
deadbeef
deadbeef
deadbeef
deadbeef
deadbeef
deadbeef
deadbeef
deadbeef
deadbeef
deadbeef
deadbeef
deadbeef
deadbeef
deadbeef
deadbeef
deadbeef
deadbeef
deadbeef
deadbeef
deadbeef
deadbeef
deadbeef
deadbeef
deadbeef
deadbeef
deadbeef
deadbeef
deadbeef
deadbeef
deadbeef
deadbeef
deadbeef
deadbeef
deadbeef
deadbeef
deadbeef
deadbeef
deadbeef
deadbeef
deadbeef
deadbeef
deadbeef
deadbeef
deadbeef
deadbeef
deadbeef
deadbeef
deadbeef
deadbeef
deadbeef
deadbeef
deadbeef
deadbeef
deadbeef
deadbeef
deadbeef
deadbeef
deadbeef
deadbeef
deadbeef
deadbeef
deadbeef
deadbeef
deadbeef
deadbeef
deadbeef
deadbeef
deadbeef
deadbeef
deadbeef
deadbeef
deadbeef
deadbeef
deadbeef
deadbeef
deadbeef
deadbeef
deadbeef
deadbeef
deadbeef
deadbeef
deadbeef
deadbeef
deadbeef
deadbeef
deadbeef
deadbeef
deadbeef
deadbeef
deadbeef
deadbeef
deadbeef
deadbeef
deadbeef
deadbeef
deadbeef
deadbeef
deadbeef
deadbeef
deadbeef
deadbeef
deadbeef
deadbeef
deadbeef
deadbeef
deadbeef
deadbeef
deadbeef
deadbeef
deadbeef
deadbeef
deadbeef
deadbeef
deadbeef
deadbeef
deadbeef
deadbeef
deadbeef
deadbeef
deadbeef
deadbeef
deadbeef
deadbeef
deadbeef
deadbeef
deadbeef
deadbeef
deadbeef
deadbeef
deadbeef
deadbeef
deadbeef
deadbeef
deadbeef
deadbeef
deadbeef
deadbeef
deadbeef
deadbeef
deadbeef
deadbeef
deadbeef
deadbeef
deadbeef
deadbeef
deadbeef
deadbeef
deadbeef
deadbeef
deadbeef
deadbeef
deadbeef
deadbeef
deadbeef
deadbeef
deadbeef
deadbeef
deadbeef
deadbeef
deadbeef
deadbeef
deadbeef
deadbeef
deadbeef
deadbeef
deadbeef
deadbeef
deadbeef
deadbeef
deadbeef
deadbeef
deadbeef
deadbeef
deadbeef
deadbeef
deadbeef
deadbeef
deadbeef
deadbeef
deadbeef
deadbeef
deadbeef
deadbeef
deadbeef
deadbeef
deadbeef
deadbeef
deadbeef
deadbeef
deadbeef
deadbeef
deadbeef
deadbeef
deadbeef
deadbeef
deadbeef
deadbeef
deadbeef
deadbeef
deadbeef
deadbeef
deadbeef
deadbeef
deadbeef
deadbeef
deadbeef
deadbeef
deadbeef
deadbeef
deadbeef
deadbeef
deadbeef
deadbeef
deadbeef
deadbeef
deadbeef
deadbeef
deadbeef
deadbeef
deadbeef
deadbeef
deadbeef
deadbeef
deadbeef
deadbeef
deadbeef
deadbeef
deadbeef
deadbeef
deadbeef
deadbeef
deadbeef
deadbeef
deadbeef
deadbeef
deadbeef
deadbeef
deadbeef
deadbeef
deadbeef
deadbeef
deadbeef
deadbeef
deadbeef
deadbeef
deadbeef
deadbeef
deadbeef
deadbeef
deadbeef
deadbeef
deadbeef
deadbeef
deadbeef
deadbeef
deadbeef
deadbeef
deadbeef
deadbeef
deadbeef
deadbeef
deadbeef
deadbeef
deadbeef
deadbeef
deadbeef
deadbeef
deadbeef
deadbeef
deadbeef
deadbeef
deadbeef
deadbeef
deadbeef
deadbeef
deadbeef
deadbeef
deadbeef
deadbeef
deadbeef
deadbeef
deadbeef
deadbeef
deadbeef
deadbeef
deadbeef
deadbeef
deadbeef
deadbeef
deadbeef
deadbeef
deadbeef
deadbeef
deadbeef
deadbeef
deadbeef
deadbeef
deadbeef
deadbeef
deadbeef
deadbeef
deadbeef
deadbeef
deadbeef
deadbeef
deadbeef
deadbeef
deadbeef
deadbeef
deadbeef
deadbeef
deadbeef
deadbeef
deadbeef
deadbeef
deadbeef
deadbeef
deadbeef
deadbeef
deadbeef
deadbeef
deadbeef
deadbeef
deadbeef
deadbeef
deadbeef
deadbeef
deadbeef
deadbeef
deadbeef
deadbeef
deadbeef
deadbeef
deadbeef
deadbeef
deadbeef
deadbeef
deadbeef
deadbeef
deadbeef
deadbeef
deadbeef
deadbeef
deadbeef
deadbeef
deadbeef
deadbeef
deadbeef
deadbeef
deadbeef
deadbeef
deadbeef
deadbeef
deadbeef
deadbeef
deadbeef
deadbeef
deadbeef
deadbeef
deadbeef
deadbeef
deadbeef
deadbeef
deadbeef
deadbeef
deadbeef
deadbeef
deadbeef
deadbeef
deadbeef
deadbeef
deadbeef
deadbeef
deadbeef
deadbeef
deadbeef
deadbeef
deadbeef
deadbeef
deadbeef
deadbeef
deadbeef
deadbeef
deadbeef
deadbeef
deadbeef
deadbeef
deadbeef
deadbeef
deadbeef
deadbeef
deadbeef
deadbeef
deadbeef
deadbeef
deadbeef
deadbeef
deadbeef
deadbeef
deadbeef
deadbeef
deadbeef
deadbeef
deadbeef
deadbeef
deadbeef
deadbeef
deadbeef
deadbeef
deadbeef
deadbeef
deadbeef
deadbeef
deadbeef
deadbeef
deadbeef
deadbeef
deadbeef
deadbeef
deadbeef
deadbeef
deadbeef
deadbeef
deadbeef
deadbeef
deadbeef
deadbeef
deadbeef
deadbeef
deadbeef
deadbeef
deadbeef
deadbeef
deadbeef
deadbeef
deadbeef
deadbeef
deadbeef
deadbeef
deadbeef
deadbeef
deadbeef
deadbeef
deadbeef
deadbeef
deadbeef
deadbeef
deadbeef
deadbeef
deadbeef
deadbeef
deadbeef
deadbeef
deadbeef
deadbeef
deadbeef
deadbeef
deadbeef
deadbeef
deadbeef
deadbeef
deadbeef
deadbeef
deadbeef
deadbeef
deadbeef
deadbeef
deadbeef
deadbeef
deadbeef
deadbeef
deadbeef
deadbeef
deadbeef
deadbeef
deadbeef
deadbeef
deadbeef
deadbeef
deadbeef
deadbeef
deadbeef
deadbeef
deadbeef
deadbeef
deadbeef
deadbeef
deadbeef
deadbeef
deadbeef
deadbeef
deadbeef
deadbeef
deadbeef
deadbeef
deadbeef
deadbeef
deadbeef
deadbeef
deadbeef
deadbeef
deadbeef
deadbeef
deadbeef
deadbeef
deadbeef
deadbeef
deadbeef
deadbeef
deadbeef
deadbeef
deadbeef
deadbeef
deadbeef
deadbeef
deadbeef
deadbeef
deadbeef
deadbeef
deadbeef
deadbeef
deadbeef
deadbeef
deadbeef
deadbeef
deadbeef
deadbeef
deadbeef
deadbeef
deadbeef
deadbeef
deadbeef
deadbeef
deadbeef
deadbeef
deadbeef
deadbeef
deadbeef
deadbeef
deadbeef
deadbeef
deadbeef
deadbeef
deadbeef
deadbeef
deadbeef
deadbeef
deadbeef
deadbeef
deadbeef
deadbeef
deadbeef
deadbeef
deadbeef
deadbeef
deadbeef
deadbeef
deadbeef
deadbeef
deadbeef
deadbeef
deadbeef
deadbeef
deadbeef
deadbeef
deadbeef
deadbeef
deadbeef
deadbeef
deadbeef
deadbeef
deadbeef
deadbeef
deadbeef
deadbeef
deadbeef
deadbeef
deadbeef
deadbeef
deadbeef
deadbeef
deadbeef
deadbeef
deadbeef
deadbeef
deadbeef
deadbeef
deadbeef
deadbeef
deadbeef
deadbeef
deadbeef
deadbeef
deadbeef
deadbeef
deadbeef
deadbeef
deadbeef
deadbeef
deadbeef
deadbeef
deadbeef
deadbeef
deadbeef
deadbeef
deadbeef
deadbeef
deadbeef
deadbeef
deadbeef
deadbeef
deadbeef
deadbeef
deadbeef
deadbeef
deadbeef
deadbeef
deadbeef
deadbeef
deadbeef
deadbeef
deadbeef
deadbeef
deadbeef
deadbeef
deadbeef
deadbeef
deadbeef
deadbeef
deadbeef
deadbeef
deadbeef
deadbeef
deadbeef
deadbeef
deadbeef
deadbeef
deadbeef
deadbeef
deadbeef
deadbeef
deadbeef
deadbeef
deadbeef
deadbeef
deadbeef
deadbeef
deadbeef
deadbeef
deadbeef
deadbeef
deadbeef
deadbeef
deadbeef
deadbeef
deadbeef
deadbeef
deadbeef
deadbeef
deadbeef
deadbeef
deadbeef
deadbeef
deadbeef
deadbeef
deadbeef
deadbeef
deadbeef
deadbeef
deadbeef
deadbeef
deadbeef
deadbeef
deadbeef
deadbeef
deadbeef
deadbeef
deadbeef
deadbeef
deadbeef
deadbeef
deadbeef
deadbeef
deadbeef
deadbeef
deadbeef
deadbeef
deadbeef
deadbeef
deadbeef
deadbeef
deadbeef
deadbeef
deadbeef
deadbeef
deadbeef
deadbeef
deadbeef
deadbeef
deadbeef
deadbeef
deadbeef
deadbeef
deadbeef
deadbeef
deadbeef
deadbeef
deadbeef
deadbeef
deadbeef
deadbeef
deadbeef
deadbeef
deadbeef
deadbeef
deadbeef
deadbeef
deadbeef
deadbeef
deadbeef
deadbeef
deadbeef
deadbeef
deadbeef
deadbeef
deadbeef
deadbeef
deadbeef
deadbeef
deadbeef
deadbeef
deadbeef
deadbeef
deadbeef
deadbeef
deadbeef
deadbeef
deadbeef
deadbeef
deadbeef
deadbeef
deadbeef
deadbeef
deadbeef
deadbeef
deadbeef
deadbeef
deadbeef
deadbeef
deadbeef
deadbeef
deadbeef
deadbeef
deadbeef
deadbeef
deadbeef
deadbeef
deadbeef
deadbeef
deadbeef
deadbeef
deadbeef
deadbeef
deadbeef
deadbeef
deadbeef
deadbeef
deadbeef
deadbeef
deadbeef
deadbeef
deadbeef
deadbeef
deadbeef
deadbeef
deadbeef
deadbeef
deadbeef
deadbeef
deadbeef
deadbeef
deadbeef
deadbeef
deadbeef
deadbeef
deadbeef
deadbeef
deadbeef
deadbeef
deadbeef
deadbeef
deadbeef
deadbeef
deadbeef
deadbeef
deadbeef
deadbeef
deadbeef
deadbeef
deadbeef
deadbeef
deadbeef
deadbeef
deadbeef
deadbeef
deadbeef
deadbeef
deadbeef
deadbeef
deadbeef
deadbeef
deadbeef
deadbeef
deadbeef
deadbeef
deadbeef
deadbeef
deadbeef
deadbeef
deadbeef
deadbeef
deadbeef
deadbeef
deadbeef
deadbeef
deadbeef
deadbeef
deadbeef
deadbeef
deadbeef
deadbeef
deadbeef
deadbeef
deadbeef
deadbeef
deadbeef
deadbeef
deadbeef
deadbeef
deadbeef
deadbeef
deadbeef
deadbeef
deadbeef
deadbeef
deadbeef
deadbeef
deadbeef
deadbeef
deadbeef
deadbeef
deadbeef
deadbeef
deadbeef
deadbeef
deadbeef
deadbeef
deadbeef
deadbeef
deadbeef
deadbeef
deadbeef
deadbeef
deadbeef
deadbeef
deadbeef
deadbeef
deadbeef
deadbeef
deadbeef
deadbeef
deadbeef
deadbeef
deadbeef
deadbeef
deadbeef
deadbeef
deadbeef
deadbeef
deadbeef
deadbeef
deadbeef
deadbeef
deadbeef
deadbeef
deadbeef
deadbeef
deadbeef
deadbeef
deadbeef
deadbeef
deadbeef
deadbeef
deadbeef
deadbeef
deadbeef
deadbeef
deadbeef
deadbeef
deadbeef
deadbeef
deadbeef
deadbeef
deadbeef
deadbeef
deadbeef
deadbeef
deadbeef
deadbeef
deadbeef
deadbeef
deadbeef
deadbeef
deadbeef
deadbeef
deadbeef
deadbeef
deadbeef
deadbeef
deadbeef
deadbeef
deadbeef
deadbeef
deadbeef
deadbeef
deadbeef
deadbeef
deadbeef
deadbeef
deadbeef
deadbeef
deadbeef
deadbeef
deadbeef
deadbeef
deadbeef
deadbeef
deadbeef
deadbeef
deadbeef
deadbeef
deadbeef
deadbeef
deadbeef
deadbeef
deadbeef
deadbeef
deadbeef
deadbeef
deadbeef
deadbeef
deadbeef
deadbeef
deadbeef
deadbeef
deadbeef
deadbeef
deadbeef
deadbeef
deadbeef
deadbeef
deadbeef
deadbeef
deadbeef
deadbeef
deadbeef
deadbeef
deadbeef
deadbeef
deadbeef
deadbeef
deadbeef
deadbeef
deadbeef
deadbeef
deadbeef
deadbeef
deadbeef
deadbeef
deadbeef
deadbeef
deadbeef
deadbeef
deadbeef
deadbeef
deadbeef
deadbeef
deadbeef
deadbeef
deadbeef
deadbeef
deadbeef
deadbeef
deadbeef
deadbeef
deadbeef
deadbeef
deadbeef
deadbeef
deadbeef
deadbeef
deadbeef
deadbeef
deadbeef
deadbeef
deadbeef
deadbeef
deadbeef
deadbeef
deadbeef
deadbeef
deadbeef
deadbeef
deadbeef
deadbeef
deadbeef
deadbeef
deadbeef
deadbeef
deadbeef
deadbeef
deadbeef
deadbeef
deadbeef
deadbeef
deadbeef
deadbeef
deadbeef
deadbeef
deadbeef
deadbeef
deadbeef
deadbeef
deadbeef
deadbeef
deadbeef
deadbeef
deadbeef
deadbeef
deadbeef
deadbeef
deadbeef
deadbeef
deadbeef
deadbeef
deadbeef
deadbeef
deadbeef
deadbeef
deadbeef
deadbeef
deadbeef
deadbeef
deadbeef
deadbeef
deadbeef
deadbeef
deadbeef
deadbeef
deadbeef
deadbeef
deadbeef
deadbeef
deadbeef
deadbeef
deadbeef
deadbeef
deadbeef
deadbeef
deadbeef
deadbeef
deadbeef
deadbeef
deadbeef
deadbeef
deadbeef
deadbeef
deadbeef
deadbeef
deadbeef
deadbeef
deadbeef
deadbeef
deadbeef
deadbeef
deadbeef
deadbeef
deadbeef
deadbeef
deadbeef
deadbeef
deadbeef
deadbeef
deadbeef
deadbeef
deadbeef
deadbeef
deadbeef
deadbeef
deadbeef
deadbeef
deadbeef
deadbeef
deadbeef
deadbeef
deadbeef
deadbeef
deadbeef
deadbeef
deadbeef
deadbeef
deadbeef
deadbeef
deadbeef
deadbeef
deadbeef
deadbeef
deadbeef
deadbeef
deadbeef
deadbeef
deadbeef
deadbeef
deadbeef
deadbeef
deadbeef
deadbeef
deadbeef
deadbeef
deadbeef
deadbeef
deadbeef
deadbeef
deadbeef
deadbeef
deadbeef
deadbeef
deadbeef
deadbeef
deadbeef
deadbeef
deadbeef
deadbeef
deadbeef
deadbeef
deadbeef
deadbeef
deadbeef
deadbeef
deadbeef
deadbeef
deadbeef
deadbeef
deadbeef
deadbeef
deadbeef
deadbeef
deadbeef
deadbeef
deadbeef
deadbeef
deadbeef
deadbeef
deadbeef
deadbeef
deadbeef
deadbeef
deadbeef
deadbeef
deadbeef
deadbeef
deadbeef
deadbeef
deadbeef
deadbeef
deadbeef
deadbeef
deadbeef
deadbeef
deadbeef
deadbeef
deadbeef
deadbeef
deadbeef
deadbeef
deadbeef
deadbeef
deadbeef
deadbeef
deadbeef
deadbeef
deadbeef
deadbeef
deadbeef
deadbeef
deadbeef
deadbeef
deadbeef
deadbeef
deadbeef
deadbeef
deadbeef
deadbeef
deadbeef
deadbeef
deadbeef
deadbeef
deadbeef
deadbeef
deadbeef
deadbeef
deadbeef
deadbeef
deadbeef
deadbeef
deadbeef
deadbeef
deadbeef
deadbeef
deadbeef
deadbeef
deadbeef
deadbeef
deadbeef
deadbeef
deadbeef
deadbeef
deadbeef
deadbeef
deadbeef
deadbeef
deadbeef
deadbeef
deadbeef
deadbeef
deadbeef
deadbeef
deadbeef
deadbeef
deadbeef
deadbeef
deadbeef
deadbeef
deadbeef
deadbeef
deadbeef
deadbeef
deadbeef
deadbeef
deadbeef
deadbeef
deadbeef
deadbeef
deadbeef
deadbeef
deadbeef
deadbeef
deadbeef
deadbeef
deadbeef
deadbeef
deadbeef
deadbeef
deadbeef
deadbeef
deadbeef
deadbeef
deadbeef
deadbeef
deadbeef
deadbeef
deadbeef
deadbeef
deadbeef
deadbeef
deadbeef
deadbeef
deadbeef
deadbeef
deadbeef
deadbeef
deadbeef
deadbeef
deadbeef
deadbeef
deadbeef
deadbeef
deadbeef
deadbeef
deadbeef
deadbeef
deadbeef
deadbeef
deadbeef
deadbeef
deadbeef
deadbeef
deadbeef
deadbeef
deadbeef
deadbeef
deadbeef
deadbeef
deadbeef
deadbeef
deadbeef
deadbeef
deadbeef
deadbeef
deadbeef
deadbeef
deadbeef
deadbeef
deadbeef
deadbeef
deadbeef
deadbeef
deadbeef
deadbeef
deadbeef
deadbeef
deadbeef
deadbeef
deadbeef
deadbeef
deadbeef
deadbeef
deadbeef
deadbeef
deadbeef
deadbeef
deadbeef
deadbeef
deadbeef
deadbeef
deadbeef
deadbeef
deadbeef
deadbeef
deadbeef
deadbeef
deadbeef
deadbeef
deadbeef
deadbeef
deadbeef
deadbeef
deadbeef
deadbeef
deadbeef
deadbeef
deadbeef
deadbeef
deadbeef
deadbeef
deadbeef
deadbeef
deadbeef
deadbeef
deadbeef
deadbeef
deadbeef
deadbeef
deadbeef
deadbeef
deadbeef
deadbeef
deadbeef
deadbeef
deadbeef
deadbeef
deadbeef
deadbeef
deadbeef
deadbeef
deadbeef
deadbeef
deadbeef
deadbeef
deadbeef
deadbeef
deadbeef
deadbeef
deadbeef
deadbeef
deadbeef
deadbeef
deadbeef
deadbeef
deadbeef
deadbeef
deadbeef
deadbeef
deadbeef
deadbeef
deadbeef
deadbeef
deadbeef
deadbeef
deadbeef
deadbeef
deadbeef
deadbeef
deadbeef
deadbeef
deadbeef
deadbeef
deadbeef
deadbeef
deadbeef
deadbeef
deadbeef
deadbeef
deadbeef
deadbeef
deadbeef
deadbeef
deadbeef
deadbeef
deadbeef
deadbeef
deadbeef
deadbeef
deadbeef
deadbeef
deadbeef
deadbeef
deadbeef
deadbeef
deadbeef
deadbeef
deadbeef
deadbeef
deadbeef
deadbeef
deadbeef
deadbeef
deadbeef
deadbeef
deadbeef
deadbeef
deadbeef
deadbeef
deadbeef
deadbeef
deadbeef
deadbeef
deadbeef
deadbeef
deadbeef
deadbeef
deadbeef
deadbeef
deadbeef
deadbeef
deadbeef
deadbeef
deadbeef
deadbeef
deadbeef
deadbeef
deadbeef
deadbeef
deadbeef
deadbeef
deadbeef
deadbeef
deadbeef
deadbeef
deadbeef
deadbeef
deadbeef
deadbeef
deadbeef
deadbeef
deadbeef
deadbeef
deadbeef
deadbeef
deadbeef
deadbeef
deadbeef
deadbeef
deadbeef
deadbeef
deadbeef
deadbeef
deadbeef
deadbeef
deadbeef
deadbeef
deadbeef
deadbeef
deadbeef
deadbeef
deadbeef
deadbeef
deadbeef
deadbeef
deadbeef
deadbeef
deadbeef
deadbeef
deadbeef
deadbeef
deadbeef
deadbeef
deadbeef
deadbeef
deadbeef
deadbeef
deadbeef
deadbeef
deadbeef
deadbeef
deadbeef
deadbeef
deadbeef
deadbeef
deadbeef
deadbeef
deadbeef
deadbeef
deadbeef
deadbeef
deadbeef
deadbeef
deadbeef
deadbeef
deadbeef
deadbeef
deadbeef
deadbeef
deadbeef
deadbeef
deadbeef
deadbeef
deadbeef
deadbeef
deadbeef
deadbeef
deadbeef
deadbeef
deadbeef
deadbeef
deadbeef
deadbeef
deadbeef
deadbeef
deadbeef
deadbeef
deadbeef
deadbeef
deadbeef
deadbeef
deadbeef
deadbeef
deadbeef
deadbeef
deadbeef
deadbeef
deadbeef
deadbeef
deadbeef
deadbeef
deadbeef
deadbeef
deadbeef
deadbeef
deadbeef
deadbeef
deadbeef
deadbeef
deadbeef
deadbeef
deadbeef
deadbeef
deadbeef
deadbeef
deadbeef
deadbeef
deadbeef
deadbeef
deadbeef
deadbeef
deadbeef
deadbeef
deadbeef
deadbeef
deadbeef
deadbeef
deadbeef
deadbeef
deadbeef
deadbeef
deadbeef
deadbeef
deadbeef
deadbeef
deadbeef
deadbeef
deadbeef
deadbeef
deadbeef
deadbeef
deadbeef
deadbeef
deadbeef
deadbeef
deadbeef
deadbeef
deadbeef
deadbeef
deadbeef
deadbeef
deadbeef
deadbeef
deadbeef
deadbeef
deadbeef
deadbeef
deadbeef
deadbeef
deadbeef
deadbeef
deadbeef
deadbeef
deadbeef
deadbeef
deadbeef
deadbeef
deadbeef
deadbeef
deadbeef
deadbeef
deadbeef
deadbeef
deadbeef
deadbeef
deadbeef
deadbeef
deadbeef
deadbeef
deadbeef
deadbeef
deadbeef
deadbeef
deadbeef
deadbeef
deadbeef
deadbeef
deadbeef
deadbeef
deadbeef
deadbeef
deadbeef
deadbeef
deadbeef
deadbeef
deadbeef
deadbeef
deadbeef
deadbeef
deadbeef
deadbeef
deadbeef
deadbeef
deadbeef
deadbeef
deadbeef
deadbeef
deadbeef
deadbeef
deadbeef
deadbeef
deadbeef
deadbeef
deadbeef
deadbeef
deadbeef
deadbeef
deadbeef
deadbeef
deadbeef
deadbeef
deadbeef
deadbeef
deadbeef
deadbeef
deadbeef
deadbeef
deadbeef
deadbeef
deadbeef
deadbeef
deadbeef
deadbeef
deadbeef
deadbeef
deadbeef
deadbeef
deadbeef
deadbeef
deadbeef
deadbeef
deadbeef
deadbeef
deadbeef
deadbeef
deadbeef
deadbeef
deadbeef
deadbeef
deadbeef
deadbeef
deadbeef
deadbeef
deadbeef
deadbeef
deadbeef
deadbeef
deadbeef
deadbeef
deadbeef
deadbeef
deadbeef
deadbeef
deadbeef
deadbeef
deadbeef
deadbeef
deadbeef
deadbeef
deadbeef
deadbeef
deadbeef
deadbeef
deadbeef
deadbeef
deadbeef
deadbeef
deadbeef
deadbeef
deadbeef
deadbeef
deadbeef
deadbeef
deadbeef
deadbeef
deadbeef
deadbeef
deadbeef
deadbeef
deadbeef
deadbeef
deadbeef
deadbeef
deadbeef
deadbeef
deadbeef
deadbeef
deadbeef
deadbeef
deadbeef
deadbeef
deadbeef
deadbeef
deadbeef
deadbeef
deadbeef
deadbeef
deadbeef
deadbeef
deadbeef
deadbeef
deadbeef
deadbeef
deadbeef
deadbeef
deadbeef
deadbeef
deadbeef
deadbeef
deadbeef
deadbeef
deadbeef
deadbeef
deadbeef
deadbeef
deadbeef
deadbeef
deadbeef
deadbeef
deadbeef
deadbeef
deadbeef
deadbeef
deadbeef
deadbeef
deadbeef
deadbeef
deadbeef
deadbeef
deadbeef
deadbeef
deadbeef
deadbeef
deadbeef
deadbeef
deadbeef
deadbeef
deadbeef
deadbeef
deadbeef
deadbeef
deadbeef
deadbeef
deadbeef
deadbeef
deadbeef
deadbeef
deadbeef
deadbeef
deadbeef
deadbeef
deadbeef
deadbeef
deadbeef
deadbeef
deadbeef
deadbeef
deadbeef
deadbeef
deadbeef
deadbeef
deadbeef
deadbeef
deadbeef
deadbeef
deadbeef
deadbeef
deadbeef
deadbeef
deadbeef
deadbeef
deadbeef
deadbeef
deadbeef
deadbeef
deadbeef
deadbeef
deadbeef
deadbeef
deadbeef
deadbeef
deadbeef
deadbeef
deadbeef
deadbeef
deadbeef
deadbeef
deadbeef
deadbeef
deadbeef
deadbeef
deadbeef
deadbeef
deadbeef
deadbeef
deadbeef
deadbeef
deadbeef
deadbeef
deadbeef
deadbeef
deadbeef
deadbeef
deadbeef
deadbeef
deadbeef
deadbeef
deadbeef
deadbeef
deadbeef
deadbeef
deadbeef
deadbeef
deadbeef
deadbeef
deadbeef
deadbeef
deadbeef
deadbeef
deadbeef
deadbeef
deadbeef
deadbeef
deadbeef
deadbeef
deadbeef
deadbeef
deadbeef
deadbeef
deadbeef
deadbeef
deadbeef
deadbeef
deadbeef
deadbeef
deadbeef
deadbeef
deadbeef
deadbeef
deadbeef
deadbeef
deadbeef
deadbeef
deadbeef
deadbeef
deadbeef
deadbeef
deadbeef
deadbeef
deadbeef
deadbeef
deadbeef
deadbeef
deadbeef
deadbeef
deadbeef
deadbeef
deadbeef
deadbeef
deadbeef
deadbeef
deadbeef
deadbeef
deadbeef
deadbeef
deadbeef
deadbeef
deadbeef
deadbeef
deadbeef
deadbeef
deadbeef
deadbeef
deadbeef
deadbeef
deadbeef
deadbeef
deadbeef
deadbeef
deadbeef
deadbeef
deadbeef
deadbeef
deadbeef
deadbeef
deadbeef
deadbeef
deadbeef
deadbeef
deadbeef
deadbeef
deadbeef
deadbeef
deadbeef
deadbeef
deadbeef
deadbeef
deadbeef
deadbeef
deadbeef
deadbeef
deadbeef
deadbeef
deadbeef
deadbeef
deadbeef
deadbeef
deadbeef
deadbeef
deadbeef
deadbeef
deadbeef
deadbeef
deadbeef
deadbeef
deadbeef
deadbeef
deadbeef
deadbeef
deadbeef
deadbeef
deadbeef
deadbeef
deadbeef
deadbeef
deadbeef
deadbeef
deadbeef
deadbeef
deadbeef
deadbeef
deadbeef
deadbeef
deadbeef
deadbeef
deadbeef
deadbeef
deadbeef
deadbeef
deadbeef
deadbeef
deadbeef
deadbeef
deadbeef
deadbeef
deadbeef
deadbeef
deadbeef
deadbeef
deadbeef
deadbeef
deadbeef
deadbeef
deadbeef
deadbeef
deadbeef
deadbeef
deadbeef
deadbeef
deadbeef
deadbeef
deadbeef
deadbeef
deadbeef
deadbeef
deadbeef
deadbeef
deadbeef
deadbeef
deadbeef
deadbeef
deadbeef
deadbeef
deadbeef
deadbeef
deadbeef
deadbeef
deadbeef
deadbeef
deadbeef
deadbeef
deadbeef
deadbeef
deadbeef
deadbeef
deadbeef
deadbeef
deadbeef
deadbeef
deadbeef
deadbeef
deadbeef
deadbeef
deadbeef
deadbeef
deadbeef
deadbeef
deadbeef
deadbeef
deadbeef
deadbeef
deadbeef
deadbeef
deadbeef
deadbeef
deadbeef
deadbeef
deadbeef
deadbeef
deadbeef
deadbeef
deadbeef
deadbeef
deadbeef
deadbeef
deadbeef
deadbeef
deadbeef
deadbeef
deadbeef
deadbeef
deadbeef
deadbeef
deadbeef
deadbeef
deadbeef
deadbeef
deadbeef
deadbeef
deadbeef
deadbeef
deadbeef
deadbeef
deadbeef
deadbeef
deadbeef
deadbeef
deadbeef
deadbeef
deadbeef
deadbeef
deadbeef
deadbeef
deadbeef
deadbeef
deadbeef
deadbeef
deadbeef
deadbeef
deadbeef
deadbeef
deadbeef
deadbeef
deadbeef
deadbeef
deadbeef
deadbeef
deadbeef
deadbeef
deadbeef
deadbeef
deadbeef
deadbeef
deadbeef
deadbeef
deadbeef
deadbeef
deadbeef
deadbeef
deadbeef
deadbeef
deadbeef
deadbeef
deadbeef
deadbeef
deadbeef
deadbeef
deadbeef
deadbeef
deadbeef
deadbeef
deadbeef
deadbeef
deadbeef
deadbeef
deadbeef
deadbeef
deadbeef
deadbeef
deadbeef
deadbeef
deadbeef
deadbeef
deadbeef
deadbeef
deadbeef
deadbeef
deadbeef
deadbeef
deadbeef
deadbeef
deadbeef
deadbeef
deadbeef
deadbeef
deadbeef
deadbeef
deadbeef
deadbeef
deadbeef
deadbeef
deadbeef
deadbeef
deadbeef
deadbeef
deadbeef
deadbeef
deadbeef
deadbeef
deadbeef
deadbeef
deadbeef
deadbeef
deadbeef
deadbeef
deadbeef
deadbeef
deadbeef
deadbeef
deadbeef
deadbeef
deadbeef
deadbeef
deadbeef
deadbeef
deadbeef
deadbeef
deadbeef
deadbeef
deadbeef
deadbeef
deadbeef
deadbeef
deadbeef
deadbeef
deadbeef
deadbeef
deadbeef
deadbeef
deadbeef
deadbeef
deadbeef
deadbeef
deadbeef
deadbeef
deadbeef
deadbeef
deadbeef
deadbeef
deadbeef
deadbeef
deadbeef
deadbeef
deadbeef
deadbeef
deadbeef
deadbeef
deadbeef
deadbeef
deadbeef
deadbeef
deadbeef
deadbeef
deadbeef
deadbeef
deadbeef
deadbeef
deadbeef
deadbeef
deadbeef
deadbeef
deadbeef
deadbeef
deadbeef
deadbeef
deadbeef
deadbeef
deadbeef
deadbeef
deadbeef
deadbeef
deadbeef
deadbeef
deadbeef
deadbeef
deadbeef
deadbeef
deadbeef
deadbeef
deadbeef
deadbeef
deadbeef
deadbeef
deadbeef
deadbeef
deadbeef
deadbeef
deadbeef
deadbeef
deadbeef
deadbeef
deadbeef
deadbeef
deadbeef
deadbeef
deadbeef
deadbeef
deadbeef
deadbeef
deadbeef
deadbeef
deadbeef
deadbeef
deadbeef
deadbeef
deadbeef
deadbeef
deadbeef
deadbeef
deadbeef
deadbeef
deadbeef
deadbeef
deadbeef
deadbeef
deadbeef
deadbeef
deadbeef
deadbeef
deadbeef
deadbeef
deadbeef
deadbeef
deadbeef
deadbeef
deadbeef
deadbeef
deadbeef
deadbeef
deadbeef
deadbeef
deadbeef
deadbeef
deadbeef
deadbeef
deadbeef
deadbeef
deadbeef
deadbeef
deadbeef
deadbeef
deadbeef
deadbeef
deadbeef
deadbeef
deadbeef
deadbeef
deadbeef
deadbeef
deadbeef
deadbeef
deadbeef
deadbeef
deadbeef
deadbeef
deadbeef
deadbeef
deadbeef
deadbeef
deadbeef
deadbeef
deadbeef
deadbeef
deadbeef
deadbeef
deadbeef
deadbeef
deadbeef
deadbeef
deadbeef
deadbeef
deadbeef
deadbeef
deadbeef
deadbeef
deadbeef
deadbeef
deadbeef
deadbeef
deadbeef
deadbeef
deadbeef
deadbeef
deadbeef
deadbeef
deadbeef
deadbeef
deadbeef
deadbeef
deadbeef
deadbeef
deadbeef
deadbeef
deadbeef
deadbeef
deadbeef
deadbeef
deadbeef
deadbeef
deadbeef
deadbeef
deadbeef
deadbeef
deadbeef
deadbeef
deadbeef
deadbeef
deadbeef
deadbeef
deadbeef
deadbeef
deadbeef
deadbeef
deadbeef
deadbeef
deadbeef
deadbeef
deadbeef
deadbeef
deadbeef
deadbeef
deadbeef
deadbeef
deadbeef
deadbeef
deadbeef
deadbeef
deadbeef
deadbeef
deadbeef
deadbeef
deadbeef
deadbeef
deadbeef
deadbeef
deadbeef
deadbeef
deadbeef
deadbeef
deadbeef
deadbeef
deadbeef
deadbeef
deadbeef
deadbeef
deadbeef
deadbeef
deadbeef
deadbeef
deadbeef
deadbeef
deadbeef
deadbeef
deadbeef
deadbeef
deadbeef
deadbeef
deadbeef
deadbeef
deadbeef
deadbeef
deadbeef
deadbeef
deadbeef
deadbeef
deadbeef
deadbeef
deadbeef
deadbeef
deadbeef
deadbeef
deadbeef
deadbeef
deadbeef
deadbeef
deadbeef
deadbeef
deadbeef
deadbeef
deadbeef
deadbeef
deadbeef
deadbeef
deadbeef
deadbeef
deadbeef
deadbeef
deadbeef
deadbeef
deadbeef
deadbeef
deadbeef
deadbeef
deadbeef
deadbeef
deadbeef
deadbeef
deadbeef
deadbeef
deadbeef
deadbeef
deadbeef
deadbeef
deadbeef
deadbeef
deadbeef
deadbeef
deadbeef
deadbeef
deadbeef
deadbeef
deadbeef
deadbeef
deadbeef
deadbeef
deadbeef
deadbeef
deadbeef
deadbeef
deadbeef
deadbeef
deadbeef
deadbeef
deadbeef
deadbeef
deadbeef
deadbeef
deadbeef
deadbeef
deadbeef
deadbeef
deadbeef
deadbeef
deadbeef
deadbeef
deadbeef
deadbeef
deadbeef
deadbeef
deadbeef
deadbeef
deadbeef
deadbeef
deadbeef
deadbeef
deadbeef
deadbeef
deadbeef
deadbeef
deadbeef
deadbeef
deadbeef
deadbeef
deadbeef
deadbeef
deadbeef
deadbeef
deadbeef
deadbeef
deadbeef
deadbeef
deadbeef
deadbeef
deadbeef
deadbeef
deadbeef
deadbeef
deadbeef
deadbeef
deadbeef
deadbeef
deadbeef
deadbeef
deadbeef
deadbeef
deadbeef
deadbeef
deadbeef
deadbeef
deadbeef
deadbeef
deadbeef
deadbeef
deadbeef
deadbeef
deadbeef
deadbeef
deadbeef
deadbeef
deadbeef
deadbeef
deadbeef
deadbeef
deadbeef
deadbeef
deadbeef
deadbeef
deadbeef
deadbeef
deadbeef
deadbeef
deadbeef
deadbeef
deadbeef
deadbeef
deadbeef
deadbeef
deadbeef
deadbeef
deadbeef
deadbeef
deadbeef
deadbeef
deadbeef
deadbeef
deadbeef
deadbeef
deadbeef
deadbeef
deadbeef
deadbeef
deadbeef
deadbeef
deadbeef
deadbeef
deadbeef
deadbeef
deadbeef
deadbeef
deadbeef
deadbeef
deadbeef
deadbeef
deadbeef
deadbeef
deadbeef
deadbeef
deadbeef
deadbeef
deadbeef
deadbeef
deadbeef
deadbeef
deadbeef
deadbeef
deadbeef
deadbeef
deadbeef
deadbeef
deadbeef
deadbeef
deadbeef
deadbeef
deadbeef
deadbeef
deadbeef
deadbeef
deadbeef
deadbeef
deadbeef
deadbeef
deadbeef
deadbeef
deadbeef
deadbeef
deadbeef
deadbeef
deadbeef
deadbeef
deadbeef
deadbeef
deadbeef
deadbeef
deadbeef
deadbeef
deadbeef
deadbeef
deadbeef
deadbeef
deadbeef
deadbeef
deadbeef
deadbeef
deadbeef
deadbeef
deadbeef
deadbeef
deadbeef
deadbeef
deadbeef
deadbeef
deadbeef
deadbeef
deadbeef
deadbeef
deadbeef
deadbeef
deadbeef
deadbeef
deadbeef
deadbeef
deadbeef
deadbeef
deadbeef
deadbeef
deadbeef
deadbeef
deadbeef
deadbeef
deadbeef
deadbeef
deadbeef
deadbeef
deadbeef
deadbeef
deadbeef
deadbeef
deadbeef
deadbeef
deadbeef
deadbeef
deadbeef
deadbeef
deadbeef
deadbeef
deadbeef
deadbeef
deadbeef
deadbeef
deadbeef
deadbeef
deadbeef
deadbeef
deadbeef
deadbeef
deadbeef
deadbeef
deadbeef
deadbeef
deadbeef
deadbeef
deadbeef
deadbeef
deadbeef
deadbeef
deadbeef
deadbeef
deadbeef
deadbeef
deadbeef
deadbeef
deadbeef
deadbeef
deadbeef
deadbeef
deadbeef
deadbeef
deadbeef
deadbeef
deadbeef
deadbeef
deadbeef
deadbeef
deadbeef
deadbeef
deadbeef
deadbeef
deadbeef
deadbeef
deadbeef
deadbeef
deadbeef
deadbeef
deadbeef
deadbeef
deadbeef
deadbeef
deadbeef
deadbeef
deadbeef
deadbeef
deadbeef
deadbeef
deadbeef
deadbeef
deadbeef
deadbeef
deadbeef
deadbeef
deadbeef
deadbeef
deadbeef
deadbeef
deadbeef
deadbeef
deadbeef
deadbeef
deadbeef
deadbeef
deadbeef
deadbeef
deadbeef
deadbeef
deadbeef
deadbeef
deadbeef
deadbeef
deadbeef
deadbeef
deadbeef
deadbeef
deadbeef
deadbeef
deadbeef
deadbeef
deadbeef
deadbeef
deadbeef
deadbeef
deadbeef
deadbeef
deadbeef
deadbeef
deadbeef
deadbeef
deadbeef
deadbeef
deadbeef
deadbeef
deadbeef
deadbeef
deadbeef
deadbeef
deadbeef
deadbeef
deadbeef
deadbeef
deadbeef
deadbeef
deadbeef
deadbeef
deadbeef
deadbeef
deadbeef
deadbeef
deadbeef
deadbeef
deadbeef
deadbeef
deadbeef
deadbeef
deadbeef
deadbeef
deadbeef
deadbeef
deadbeef
deadbeef
deadbeef
deadbeef
deadbeef
deadbeef
deadbeef
deadbeef
deadbeef
deadbeef
deadbeef
deadbeef
deadbeef
deadbeef
deadbeef
deadbeef
deadbeef
deadbeef
deadbeef
deadbeef
deadbeef
deadbeef
deadbeef
deadbeef
deadbeef
deadbeef
deadbeef
deadbeef
deadbeef
deadbeef
deadbeef
deadbeef
deadbeef
deadbeef
deadbeef
deadbeef
deadbeef
deadbeef
deadbeef
deadbeef
deadbeef
deadbeef
deadbeef
deadbeef
deadbeef
deadbeef
deadbeef
deadbeef
deadbeef
deadbeef
deadbeef
deadbeef
deadbeef
deadbeef
deadbeef
deadbeef
deadbeef
deadbeef
deadbeef
deadbeef
deadbeef
deadbeef
deadbeef
deadbeef
deadbeef
deadbeef
deadbeef
deadbeef
deadbeef
deadbeef
deadbeef
deadbeef
deadbeef
deadbeef
deadbeef
deadbeef
deadbeef
deadbeef
deadbeef
deadbeef
deadbeef
deadbeef
deadbeef
deadbeef
deadbeef
deadbeef
deadbeef
deadbeef
deadbeef
deadbeef
deadbeef
deadbeef
deadbeef
deadbeef
deadbeef
deadbeef
deadbeef
deadbeef
deadbeef
deadbeef
deadbeef
deadbeef
deadbeef
deadbeef
deadbeef
deadbeef
deadbeef
deadbeef
deadbeef
deadbeef
deadbeef
deadbeef
deadbeef
deadbeef
deadbeef
deadbeef
deadbeef
deadbeef
deadbeef
deadbeef
deadbeef
deadbeef
deadbeef
deadbeef
deadbeef
deadbeef
deadbeef
deadbeef
deadbeef
deadbeef
deadbeef
deadbeef
deadbeef
deadbeef
deadbeef
deadbeef
deadbeef
deadbeef
deadbeef
deadbeef
deadbeef
deadbeef
deadbeef
deadbeef
deadbeef
deadbeef
deadbeef
deadbeef
deadbeef
deadbeef
deadbeef
deadbeef
deadbeef
deadbeef
deadbeef
deadbeef
deadbeef
deadbeef
deadbeef
deadbeef
deadbeef
deadbeef
deadbeef
deadbeef
deadbeef
deadbeef
deadbeef
deadbeef
deadbeef
deadbeef
deadbeef
deadbeef
deadbeef
deadbeef
deadbeef
deadbeef
deadbeef
deadbeef
deadbeef
deadbeef
deadbeef
deadbeef
deadbeef
deadbeef
deadbeef
deadbeef
deadbeef
deadbeef
deadbeef
deadbeef
deadbeef
deadbeef
deadbeef
deadbeef
deadbeef
deadbeef
deadbeef
deadbeef
deadbeef
deadbeef
deadbeef
deadbeef
deadbeef
deadbeef
deadbeef
deadbeef
deadbeef
deadbeef
deadbeef
deadbeef
deadbeef
deadbeef
deadbeef
deadbeef
deadbeef
deadbeef
deadbeef
deadbeef
deadbeef
deadbeef
deadbeef
deadbeef
deadbeef
deadbeef
deadbeef
deadbeef
deadbeef
deadbeef
deadbeef
deadbeef
deadbeef
deadbeef
deadbeef
deadbeef
deadbeef
deadbeef
deadbeef
deadbeef
deadbeef
deadbeef
deadbeef
deadbeef
deadbeef
deadbeef
deadbeef
deadbeef
deadbeef
deadbeef
deadbeef
deadbeef
deadbeef
deadbeef
deadbeef
deadbeef
deadbeef
deadbeef
deadbeef
deadbeef
deadbeef
deadbeef
deadbeef
deadbeef
deadbeef
deadbeef
deadbeef
deadbeef
deadbeef
deadbeef
deadbeef
deadbeef
deadbeef
deadbeef
deadbeef
deadbeef
deadbeef
deadbeef
deadbeef
deadbeef
deadbeef
deadbeef
deadbeef
deadbeef
deadbeef
deadbeef
deadbeef
deadbeef
deadbeef
deadbeef
deadbeef
deadbeef
deadbeef
deadbeef
deadbeef
deadbeef
deadbeef
deadbeef
deadbeef
deadbeef
deadbeef
deadbeef
deadbeef
deadbeef
deadbeef
deadbeef
deadbeef
deadbeef
deadbeef
deadbeef
deadbeef
deadbeef
deadbeef
deadbeef
deadbeef
deadbeef
deadbeef
deadbeef
deadbeef
deadbeef
deadbeef
deadbeef
deadbeef
deadbeef
deadbeef
deadbeef
deadbeef
deadbeef
deadbeef
deadbeef
deadbeef
deadbeef
deadbeef
deadbeef
deadbeef
deadbeef
deadbeef
deadbeef
deadbeef
deadbeef
deadbeef
deadbeef
deadbeef
deadbeef
deadbeef
deadbeef
deadbeef
deadbeef
deadbeef
deadbeef
deadbeef
deadbeef
deadbeef
deadbeef
deadbeef
deadbeef
deadbeef
deadbeef
deadbeef
deadbeef
deadbeef
deadbeef
deadbeef
deadbeef
deadbeef
deadbeef
deadbeef
deadbeef
deadbeef
deadbeef
deadbeef
deadbeef
deadbeef
deadbeef
deadbeef
deadbeef
deadbeef
deadbeef
deadbeef
deadbeef
deadbeef
deadbeef
deadbeef
deadbeef
deadbeef
deadbeef
deadbeef
deadbeef
deadbeef
deadbeef
deadbeef
deadbeef
deadbeef
deadbeef
deadbeef
deadbeef
deadbeef
deadbeef
deadbeef
deadbeef
deadbeef
deadbeef
deadbeef
deadbeef
deadbeef
deadbeef
deadbeef
deadbeef
deadbeef
deadbeef
deadbeef
deadbeef
deadbeef
deadbeef
deadbeef
deadbeef
deadbeef
deadbeef
deadbeef
deadbeef
deadbeef
deadbeef
deadbeef
deadbeef
deadbeef
deadbeef
deadbeef
deadbeef
deadbeef
deadbeef
deadbeef
deadbeef
deadbeef
deadbeef
deadbeef
deadbeef
deadbeef
deadbeef
deadbeef
deadbeef
deadbeef
deadbeef
deadbeef
deadbeef
deadbeef
deadbeef
deadbeef
deadbeef
deadbeef
deadbeef
deadbeef
deadbeef
deadbeef
deadbeef
deadbeef
deadbeef
deadbeef
deadbeef
deadbeef
deadbeef
deadbeef
deadbeef
deadbeef
deadbeef
deadbeef
deadbeef
deadbeef
deadbeef
deadbeef
deadbeef
deadbeef
deadbeef
deadbeef
deadbeef
deadbeef
deadbeef
deadbeef
deadbeef
deadbeef
deadbeef
deadbeef
deadbeef
deadbeef
deadbeef
deadbeef
deadbeef
deadbeef
deadbeef
deadbeef
deadbeef
deadbeef
deadbeef
deadbeef
deadbeef
deadbeef
deadbeef
deadbeef
deadbeef
deadbeef
deadbeef
deadbeef
deadbeef
deadbeef
deadbeef
deadbeef
deadbeef
deadbeef
deadbeef
deadbeef
deadbeef
deadbeef
deadbeef
deadbeef
deadbeef
deadbeef
deadbeef
deadbeef
deadbeef
deadbeef
deadbeef
deadbeef
deadbeef
deadbeef
deadbeef
deadbeef
deadbeef
deadbeef
deadbeef
deadbeef
deadbeef
deadbeef
deadbeef
deadbeef
deadbeef
deadbeef
deadbeef
deadbeef
deadbeef
deadbeef
deadbeef
deadbeef
deadbeef
deadbeef
deadbeef
deadbeef
deadbeef
deadbeef
deadbeef
deadbeef
deadbeef
deadbeef
deadbeef
deadbeef
deadbeef
deadbeef
deadbeef
deadbeef
deadbeef
deadbeef
deadbeef
deadbeef
deadbeef
deadbeef
deadbeef
deadbeef
deadbeef
deadbeef
deadbeef
deadbeef
deadbeef
deadbeef
deadbeef
deadbeef
deadbeef
deadbeef
deadbeef
deadbeef
deadbeef
deadbeef
deadbeef
deadbeef
deadbeef
deadbeef
deadbeef
deadbeef
deadbeef
deadbeef
deadbeef
deadbeef
deadbeef
deadbeef
deadbeef
deadbeef
deadbeef
deadbeef
deadbeef
deadbeef
deadbeef
deadbeef
deadbeef
deadbeef
deadbeef
deadbeef
deadbeef
deadbeef
deadbeef
deadbeef
deadbeef
deadbeef
deadbeef
deadbeef
deadbeef
deadbeef
deadbeef
deadbeef
deadbeef
deadbeef
deadbeef
deadbeef
deadbeef
deadbeef
deadbeef
deadbeef
deadbeef
deadbeef
deadbeef
deadbeef
deadbeef
deadbeef
deadbeef
deadbeef
deadbeef
deadbeef
deadbeef
deadbeef
deadbeef
deadbeef
deadbeef
deadbeef
deadbeef
deadbeef
deadbeef
deadbeef
deadbeef
deadbeef
deadbeef
deadbeef
deadbeef
deadbeef
deadbeef
deadbeef
deadbeef
deadbeef
deadbeef
deadbeef
deadbeef
deadbeef
deadbeef
deadbeef
deadbeef
deadbeef
deadbeef
deadbeef
deadbeef
deadbeef
deadbeef
deadbeef
deadbeef
deadbeef
deadbeef
deadbeef
deadbeef
deadbeef
deadbeef
deadbeef
deadbeef
deadbeef
deadbeef
deadbeef
deadbeef
deadbeef
deadbeef
deadbeef
deadbeef
deadbeef
deadbeef
deadbeef
deadbeef
deadbeef
deadbeef
deadbeef
deadbeef
deadbeef
deadbeef
deadbeef
deadbeef
deadbeef
deadbeef
deadbeef
deadbeef
deadbeef
deadbeef
deadbeef
deadbeef
deadbeef
deadbeef
deadbeef
deadbeef
deadbeef
deadbeef
deadbeef
deadbeef
deadbeef
deadbeef
deadbeef
deadbeef
deadbeef
deadbeef
deadbeef
deadbeef
deadbeef
deadbeef
deadbeef
deadbeef
deadbeef
deadbeef
deadbeef
deadbeef
deadbeef
deadbeef
deadbeef
deadbeef
deadbeef
deadbeef
deadbeef
deadbeef
deadbeef
deadbeef
deadbeef
deadbeef
deadbeef
deadbeef
deadbeef
deadbeef
deadbeef
deadbeef
deadbeef
deadbeef
deadbeef
deadbeef
deadbeef
deadbeef
deadbeef
deadbeef
deadbeef
deadbeef
deadbeef
deadbeef
deadbeef
deadbeef
deadbeef
deadbeef
deadbeef
deadbeef
deadbeef
deadbeef
deadbeef
deadbeef
deadbeef
deadbeef
deadbeef
deadbeef
deadbeef
deadbeef
deadbeef
deadbeef
deadbeef
deadbeef
deadbeef
deadbeef
deadbeef
deadbeef
deadbeef
deadbeef
deadbeef
deadbeef
deadbeef
deadbeef
deadbeef
deadbeef
deadbeef
deadbeef
deadbeef
deadbeef
deadbeef
deadbeef
deadbeef
deadbeef
deadbeef
deadbeef
deadbeef
deadbeef
deadbeef
deadbeef
deadbeef
deadbeef
deadbeef
deadbeef
deadbeef
deadbeef
deadbeef
deadbeef
deadbeef
deadbeef
deadbeef
deadbeef
deadbeef
deadbeef
deadbeef
deadbeef
deadbeef
deadbeef
deadbeef
deadbeef
deadbeef
deadbeef
deadbeef
deadbeef
deadbeef
deadbeef
deadbeef
deadbeef
deadbeef
deadbeef
deadbeef
deadbeef
deadbeef
deadbeef
deadbeef
deadbeef
deadbeef
deadbeef
deadbeef
deadbeef
deadbeef
deadbeef
deadbeef
deadbeef
deadbeef
deadbeef
deadbeef
deadbeef
deadbeef
deadbeef
deadbeef
deadbeef
deadbeef
deadbeef
deadbeef
deadbeef
deadbeef
deadbeef
deadbeef
deadbeef
deadbeef
deadbeef
deadbeef
deadbeef
deadbeef
deadbeef
deadbeef
deadbeef
deadbeef
deadbeef
deadbeef
deadbeef
deadbeef
deadbeef
deadbeef
deadbeef
deadbeef
deadbeef
deadbeef
deadbeef
deadbeef
deadbeef
deadbeef
deadbeef
deadbeef
deadbeef
deadbeef
deadbeef
deadbeef
deadbeef
deadbeef
deadbeef
deadbeef
deadbeef
deadbeef
deadbeef
deadbeef
deadbeef
deadbeef
deadbeef
deadbeef
deadbeef
deadbeef
deadbeef
deadbeef
deadbeef
deadbeef
deadbeef
deadbeef
deadbeef
deadbeef
deadbeef
deadbeef
deadbeef
deadbeef
deadbeef
deadbeef
deadbeef
deadbeef
deadbeef
deadbeef
deadbeef
deadbeef
deadbeef
deadbeef
deadbeef
deadbeef
deadbeef
deadbeef
deadbeef
deadbeef
deadbeef
deadbeef
deadbeef
deadbeef
deadbeef
deadbeef
deadbeef
deadbeef
deadbeef
deadbeef
deadbeef
deadbeef
deadbeef
deadbeef
deadbeef
deadbeef
deadbeef
deadbeef
deadbeef
deadbeef
deadbeef
deadbeef
deadbeef
deadbeef
deadbeef
deadbeef
deadbeef
deadbeef
deadbeef
deadbeef
deadbeef
deadbeef
deadbeef
deadbeef
deadbeef
deadbeef
deadbeef
deadbeef
deadbeef
deadbeef
deadbeef
deadbeef
deadbeef
deadbeef
deadbeef
deadbeef
deadbeef
deadbeef
deadbeef
deadbeef
deadbeef
deadbeef
deadbeef
deadbeef
deadbeef
deadbeef
deadbeef
deadbeef
deadbeef
deadbeef
deadbeef
deadbeef
deadbeef
deadbeef
deadbeef
deadbeef
deadbeef
deadbeef
deadbeef
deadbeef
deadbeef
deadbeef
deadbeef
deadbeef
deadbeef
deadbeef
deadbeef
deadbeef
deadbeef
deadbeef
deadbeef
deadbeef
deadbeef
deadbeef
deadbeef
deadbeef
deadbeef
deadbeef
deadbeef
deadbeef
deadbeef
deadbeef
deadbeef
deadbeef
deadbeef
deadbeef
deadbeef
deadbeef
deadbeef
deadbeef
deadbeef
deadbeef
deadbeef
deadbeef
deadbeef
deadbeef
deadbeef
deadbeef
deadbeef
deadbeef
deadbeef
deadbeef
deadbeef
deadbeef
deadbeef
deadbeef
deadbeef
deadbeef
deadbeef
deadbeef
deadbeef
deadbeef
deadbeef
deadbeef
deadbeef
deadbeef
deadbeef
deadbeef
deadbeef
deadbeef
deadbeef
deadbeef
deadbeef
deadbeef
deadbeef
deadbeef
deadbeef
deadbeef
deadbeef
deadbeef
deadbeef
deadbeef
deadbeef
deadbeef
deadbeef
deadbeef
deadbeef
deadbeef
deadbeef
deadbeef
deadbeef
deadbeef
deadbeef
deadbeef
deadbeef
deadbeef
deadbeef
deadbeef
deadbeef
deadbeef
deadbeef
deadbeef
deadbeef
deadbeef
deadbeef
deadbeef
deadbeef
deadbeef
deadbeef
deadbeef
deadbeef
deadbeef
deadbeef
deadbeef
deadbeef
deadbeef
deadbeef
deadbeef
deadbeef
deadbeef
deadbeef
deadbeef
deadbeef
deadbeef
deadbeef
deadbeef
deadbeef
deadbeef
deadbeef
deadbeef
deadbeef
deadbeef
deadbeef
deadbeef
deadbeef
deadbeef
deadbeef
deadbeef
deadbeef
deadbeef
deadbeef
deadbeef
deadbeef
deadbeef
deadbeef
deadbeef
deadbeef
deadbeef
deadbeef
deadbeef
deadbeef
deadbeef
deadbeef
deadbeef
deadbeef
deadbeef
deadbeef
deadbeef
deadbeef
deadbeef
deadbeef
deadbeef
deadbeef
deadbeef
deadbeef
deadbeef
deadbeef
deadbeef
deadbeef
deadbeef
deadbeef
deadbeef
deadbeef
deadbeef
deadbeef
deadbeef
deadbeef
deadbeef
deadbeef
deadbeef
deadbeef
deadbeef
deadbeef
deadbeef
deadbeef
deadbeef
deadbeef
deadbeef
deadbeef
deadbeef
deadbeef
deadbeef
deadbeef
deadbeef
deadbeef
deadbeef
deadbeef
deadbeef
deadbeef
deadbeef
deadbeef
deadbeef
deadbeef
deadbeef
deadbeef
deadbeef
deadbeef
deadbeef
deadbeef
deadbeef
deadbeef
deadbeef
deadbeef
deadbeef
deadbeef
deadbeef
deadbeef
deadbeef
deadbeef
deadbeef
deadbeef
deadbeef
deadbeef
deadbeef
deadbeef
deadbeef
deadbeef
deadbeef
deadbeef
deadbeef
deadbeef
deadbeef
deadbeef
deadbeef
deadbeef
deadbeef
deadbeef
deadbeef
deadbeef
deadbeef
deadbeef
deadbeef
deadbeef
deadbeef
deadbeef
deadbeef
deadbeef
deadbeef
deadbeef
deadbeef
deadbeef
deadbeef
deadbeef
deadbeef
deadbeef
deadbeef
deadbeef
deadbeef
deadbeef
deadbeef
deadbeef
deadbeef
deadbeef
deadbeef
deadbeef
deadbeef
deadbeef
deadbeef
deadbeef
deadbeef
deadbeef
deadbeef
deadbeef
deadbeef
deadbeef
deadbeef
deadbeef
deadbeef
deadbeef
deadbeef
deadbeef
deadbeef
deadbeef
deadbeef
deadbeef
deadbeef
deadbeef
deadbeef
deadbeef
deadbeef
deadbeef
deadbeef
deadbeef
deadbeef
deadbeef
deadbeef
deadbeef
deadbeef
deadbeef
deadbeef
deadbeef
deadbeef
deadbeef
deadbeef
deadbeef
deadbeef
deadbeef
deadbeef
deadbeef
deadbeef
deadbeef
deadbeef
deadbeef
deadbeef
deadbeef
deadbeef
deadbeef
deadbeef
deadbeef
deadbeef
deadbeef
deadbeef
deadbeef
deadbeef
deadbeef
deadbeef
deadbeef
deadbeef
deadbeef
deadbeef
deadbeef
deadbeef
deadbeef
deadbeef
deadbeef
deadbeef
deadbeef
deadbeef
deadbeef
deadbeef
deadbeef
deadbeef
deadbeef
deadbeef
deadbeef
deadbeef
deadbeef
deadbeef
deadbeef
deadbeef
deadbeef
deadbeef
deadbeef
deadbeef
deadbeef
deadbeef
deadbeef
deadbeef
deadbeef
deadbeef
deadbeef
deadbeef
deadbeef
deadbeef
deadbeef
deadbeef
deadbeef
deadbeef
deadbeef
deadbeef
deadbeef
deadbeef
deadbeef
deadbeef
deadbeef
deadbeef
deadbeef
deadbeef
deadbeef
deadbeef
deadbeef
deadbeef
deadbeef
deadbeef
deadbeef
deadbeef
deadbeef
deadbeef
deadbeef
deadbeef
deadbeef
deadbeef
deadbeef
deadbeef
deadbeef
deadbeef
deadbeef
deadbeef
deadbeef
deadbeef
deadbeef
deadbeef
deadbeef
deadbeef
deadbeef
deadbeef
deadbeef
deadbeef
deadbeef
deadbeef
deadbeef
deadbeef
deadbeef
deadbeef
deadbeef
deadbeef
deadbeef
deadbeef
deadbeef
deadbeef
deadbeef
deadbeef
deadbeef
deadbeef
deadbeef
deadbeef
deadbeef
deadbeef
deadbeef
deadbeef
deadbeef
deadbeef
deadbeef
deadbeef
deadbeef
deadbeef
deadbeef
deadbeef
deadbeef
deadbeef
deadbeef
deadbeef
deadbeef
deadbeef
deadbeef
deadbeef
deadbeef
deadbeef
deadbeef
deadbeef
deadbeef
deadbeef
deadbeef
deadbeef
deadbeef
deadbeef
deadbeef
deadbeef
deadbeef
deadbeef
deadbeef
deadbeef
deadbeef
deadbeef
deadbeef
deadbeef
deadbeef
deadbeef
deadbeef
deadbeef
deadbeef
deadbeef
deadbeef
deadbeef
deadbeef
deadbeef
deadbeef
deadbeef
deadbeef
deadbeef
deadbeef
deadbeef
deadbeef
deadbeef
deadbeef
deadbeef
deadbeef
deadbeef
deadbeef
deadbeef
deadbeef
deadbeef
deadbeef
deadbeef
deadbeef
deadbeef
deadbeef
deadbeef
deadbeef
deadbeef
deadbeef
deadbeef
deadbeef
deadbeef
deadbeef
deadbeef
deadbeef
deadbeef
deadbeef
deadbeef
deadbeef
deadbeef
deadbeef
deadbeef
deadbeef
deadbeef
deadbeef
deadbeef
deadbeef
deadbeef
deadbeef
deadbeef
deadbeef
deadbeef
deadbeef
deadbeef
deadbeef
deadbeef
deadbeef
deadbeef
deadbeef
deadbeef
deadbeef
deadbeef
deadbeef
deadbeef
deadbeef
deadbeef
deadbeef
deadbeef
deadbeef
deadbeef
deadbeef
deadbeef
deadbeef
deadbeef
deadbeef
deadbeef
deadbeef
deadbeef
deadbeef
deadbeef
deadbeef
deadbeef
deadbeef
deadbeef
deadbeef
deadbeef
deadbeef
deadbeef
deadbeef
deadbeef
deadbeef
deadbeef
deadbeef
deadbeef
deadbeef
deadbeef
deadbeef
deadbeef
deadbeef
deadbeef
deadbeef
deadbeef
deadbeef
deadbeef
deadbeef
deadbeef
deadbeef
deadbeef
deadbeef
deadbeef
deadbeef
deadbeef
deadbeef
deadbeef
deadbeef
deadbeef
6f5ca309
00000000
00000000
00000000
00000000
00000000
00000000
00000000
00000000
00000000
00000000
00000000
00000000
00000000
00000000
00000000
00000000
00000000
00000000
00000000
00000000
00000000
00000000
00000000
00000000
00000000
00000000
00000000
00000000
00000000
00000000
00000000
00000000
00000000
00000000
00000000
00000000
00000000
00000000
00000000
00000000
00000000
00000000
00000000
00000000
00000000
00000000
00000000
00000000
00000000
00000000
00000000
00000000
00000000
00000000
00000000
00800393
15000537
02450513
00752023
bcde306f
fff00513
020043b7
00a3a023
00a3a223
bb9e306f
000013b7
80038393
15000537
02450513
00752023
ba1e306f
00200393
3443b073
b95e306f
b91e306f
20000413
34443073
34402473
00001337
80030313
00647433
00830263
b71e306f
cc8e306f
b69e306f
cc0e306f
b61e306f
cb8e306f
b59e306f
30401073
34401073
34101073
34301073
34201073
00000013
fffe8317
07030313
00000013
00000013
00000013
00000013
00000013
00000013
34031473
24832823
fff00393
020044b7
0074a023
0074a223
00000013
00000393
22732c23
30502473
24832423
00347393
00106393
23032483
e2848493
0074e3b3
24732023
30539073
30502573
08750c63
30541073
04040663
24832023
ffc47393
1d838413
00030113
0003a583
00b32023
0004a503
00a3a023
0003a583
00a59a63
00438393
00430313
00448493
fc741ee3
00000013
34002373
22932823
04740463
00038413
00000013
00000013
00000013
00000013
00000013
00000013
00000013
fffe3597
3bc58593
00000013
00000013
00000013
00000013
00000013
00000013
00058067
00000013
000022b7
80028293
30029073
31001073
32001073
32301073
32401073
32501073
32601073
32701073
32801073
32901073
32a01073
32b01073
32c01073
32d01073
32e01073
32f01073
33001073
33101073
33201073
33301073
33401073
33501073
33601073
33701073
33801073
33901073
33a01073
33b01073
33c01073
33d01073
33e01073
33f01073
feedc0b7
ead08093
01909793
0070d113
00f16133
01911793
00715193
00f1e1b3
01919793
0071d213
00f26233
01921793
00725293
00f2e2b3
01929793
0072d313
00f36333
01931793
00735393
00f3e3b3
01939793
0073d413
00f46433
01941793
00745493
00f4e4b3
01949793
0074d513
00f56533
01951793
00755593
00f5e5b3
01959793
0075d613
00f66633
01961793
00765693
00f6e6b3
01969793
0076d713
00f76733
fab807b7
bb678793
7d5c0837
ddb80813
01981793
00785893
00f8e8b3
01989793
0078d913
00f96933
01991793
00795993
00f9e9b3
01999793
0079da13
00fa6a33
019a1793
007a5a93
00faeab3
019a9793
007adb13
00fb6b33
019b1793
007b5b93
00fbebb3
019b9793
007bdc13
00fc6c33
019c1793
007c5c93
00fcecb3
019c9793
007cdd13
00fd6d33
019d1793
007d5d93
00fdedb3
019d9793
007dde13
00fe6e33
019e1793
007e5e93
00feeeb3
019e9793
007edf13
00ff6f33
019f1793
007f5f93
00ffefb3
00000013
00000013
ffff1117
b3010113
00000013
00000013
00000013
00000013
00000013
00000013
6f5ca337
30930313
00012203
00620863
b09e32ef
000243c0
0001444c
00410113
fffe8197
fd018193
00000013
00000013
00000013
00000013
00000013
00000013
fffe0317
d0030313
00000013
00000013
00000013
00000013
00000013
00000013
00030067
00054303
00030a63
100003b7
0063a023
00150513
fedff06f
00008067
075bd0b7
d1508093
200002b7
0012a023
0002a223
0000006f
0000006f
00100093
200002b7
0012a023
0002a223
0000006f
0000006f
800003b7
00838393
15000537
02450513
00752023
00008067
00800393
15000537
02450513
00752023
00008067
800013b7
80038393
15000537
02450513
00752023
00008067
000013b7
80038393
15000537
02450513
00752023
00008067
00000013
00000013
00000013
00000013
