00021097
08808093
00000013
00000013
00000013
00000013
00000013
00000013
000080e7
00000013
00000013
00000013
00000013
00000013
00000013
00000013
00000000
00000000
00000000
00000000
00000000
00000000
00000000
00000000
00000000
00000000
00000000
00000000
00000000
00000000
00000000
00000000
00000000
00000000
00000000
00000000
00000000
00000000
00000000
00000000
00000000
00000000
00000000
00000000
00000000
00000000
00000000
00000000
00000000
00000000
00000000
00000000
00000000
00000000
00000000
00000000
00000000
00000000
00000000
00000000
00000000
00000000
00000000
00000000
0001a003
00418193
0001ae83
00418193
01d00e33
00012203
01c20863
5bd042ef
00004110
0000cff0
00410113
0001a083
00418193
0001a503
00418193
00a08cb3
00012203
01920863
591042ef
0000413c
0000d01d
00410113
00010f13
0001a103
00418193
0001a483
00418193
00910d33
000f2203
01a20863
561042ef
0000416c
0000d04a
004f0f13
00018593
0005a183
00458593
0005aa83
00458593
01518cb3
000f2203
01920863
531042ef
0000419c
0000d077
004f0f13
00020613
00028693
0005a203
00458593
0005a483
00458593
00920833
000f2603
01060863
53d046ef
000041d0
0000d0a4
004f0f13
0005a283
00458593
0005ac83
00458593
01928db3
000f2603
01b60863
511046ef
000041fc
0000d0d1
004f0f13
0005a303
00458593
0005ae83
00458593
01d30033
000f2603
00060863
4e5046ef
00004228
0000d0fe
004f0f13
0005a383
00458593
0005ad03
00458593
01a387b3
000f2603
00f60863
4b9046ef
00004254
0000d12b
004f0f13
0005a403
00458593
0005ad03
00458593
01a40cb3
000f2603
01960863
48d046ef
00004280
0000d158
004f0f13
0005a483
00458593
0005a283
00458593
005481b3
000f2603
00360863
461046ef
000042ac
0000d185
004f0f13
0005a503
00458593
0005af83
00458593
01f50d33
000f2603
01a60863
435046ef
000042d8
0000d1b3
004f0f13
00058a13
000a2583
004a0a13
000a2403
004a0a13
00858233
000f2603
00460863
405046ef
00004308
0000d1e2
004f0f13
00060393
00068413
000a2603
004a0a13
000a2e83
004a0a13
01d606b3
000f2383
00d38863
3a90446f
0000433c
0000d211
004f0f13
000a2683
004a0a13
000a2583
004a0a13
00b68db3
000f2383
01b38863
37d0446f
00004368
0000d240
004f0f13
000a2703
004a0a13
000a2983
004a0a13
013705b3
000f2383
00b38863
3510446f
00004394
0000d26f
004f0f13
000a2783
004a0a13
000a2e83
004a0a13
01d78e33
000f2383
01c38863
3250446f
000043c0
0000d29e
004f0f13
000a2803
004a0a13
000a2b03
004a0a13
016808b3
000f2383
01138863
2f90446f
000043ec
0000d2cd
004f0f13
000a2883
004a0a13
000a2103
004a0a13
00288db3
000f2383
01b38863
2cd0446f
00004418
0000d2fc
004f0f13
000a2903
004a0a13
000a2c03
004a0a13
01890d33
000f2383
01a38863
2a10446f
00004444
0000d32b
004f0f13
000a2983
004a0a13
000a2683
004a0a13
00d984b3
000f2383
00938863
2750446f
00004470
0000d35a
004f0f13
000a0d93
000daa03
004d8d93
000dab03
004d8d93
016a0333
000f2383
00638863
2450446f
000044a0
0000d389
004f0f13
000daa83
004d8d93
000dad03
004d8d93
01aa82b3
000f2383
00538863
2190446f
000044cc
0000d3b8
004f0f13
000dab03
004d8d93
000da203
004d8d93
004b0d33
000f2383
01a38863
1ed0446f
000044f8
0000d3e7
004f0f13
000dab83
004d8d93
000da983
004d8d93
013b81b3
000f2383
00338863
1c10446f
00004524
0000d416
004f0f13
000dac03
004d8d93
000daa03
004d8d93
014c0833
000f2383
01038863
1950446f
00004550
0000d445
004f0f13
000dac83
004d8d93
000da103
004d8d93
002c84b3
000f2383
00938863
1690446f
0000457c
0000d474
004f0f13
000dad03
004d8d93
000da283
004d8d93
005d0533
000f2383
00a38863
13d0446f
000045a8
0000d4a3
004f0f13
000d8593
0005ad83
00458593
0005a983
00458593
013d8533
000f2383
00a38863
10d0446f
000045d8
0000d4d2
004f0f13
0005ae03
00458593
0005a083
00458593
001e06b3
000f2383
00d38863
0e10446f
00004604
0000d501
004f0f13
0005ae83
00458593
0005a003
00458593
000e8e33
000f2383
01c38863
0b50446f
00004630
0000d530
004f0f13
000f0f93
0005af03
00458593
0005a983
00458593
013f0c33
000fa383
01838863
0850446f
00004660
0000d55f
004f8f93
000f8093
0005af83
00458593
0005ad03
00458593
01af8733
0000a383
00e38863
0550446f
00004690
0000d58e
00408093
0005af03
00458593
0005a003
00458593
000f0833
0000a383
01038863
0290446f
000046bc
0000d5bd
00408093
00008a93
0005af83
00458593
0005a083
00458593
001f8db3
000aa383
01b38863
7f80446f
000046ec
0000d5eb
004a8a93
0005a183
00458593
0005a103
00458593
00218333
000aa383
00638863
7cc0446f
00004718
0000d619
004a8a93
0005a103
00458593
0005a183
00458593
00310cb3
000aa383
01938863
7a00446f
00004744
0000d647
004a8a93
0005a483
00458593
0005a203
00458593
00448633
000aa383
00c38863
7740446f
00004770
0000d675
004a8a93
0005a483
00458593
0005a283
00458593
00548033
000aa383
00038863
7480446f
0000479c
0000d6a3
004a8a93
0005ab03
00458593
0005a303
00458593
006b0db3
000aa383
01b38863
71c0446f
000047c8
0000d6d1
004a8a93
00038213
00040293
0005a883
00458593
0005a383
00458593
00788fb3
000aa203
01f20863
6d0042ef
000047fc
0000d6ff
004a8a93
0005af03
00458593
0005a403
00458593
008f08b3
000aa203
01120863
6a4042ef
00004828
0000d72d
004a8a93
0005a083
00458593
0005a483
00458593
00908f33
000aa203
01e20863
678042ef
00004854
0000d75b
004a8a93
0005a683
00458593
0005a503
00458593
00a683b3
000aa203
00720863
64c042ef
00004880
0000d789
004a8a93
00058493
0004a783
00448493
0004a583
00448493
00b78633
000aa203
00c20863
61c042ef
000048b0
0000d7b8
004a8a93
0004ae83
00448493
0004a603
00448493
00ce85b3
000aa203
00b20863
5f0042ef
000048dc
0000d7e7
004a8a93
0004a183
00448493
0004a683
00448493
00d18f33
000aa203
01e20863
5c4042ef
00004908
0000d816
004a8a93
0004a983
00448493
0004a703
00448493
00e98fb3
000aa203
01f20863
598042ef
00004934
0000d845
004a8a93
0004a683
00448493
0004a783
00448493
00f68eb3
000aa203
01d20863
56c042ef
00004960
0000d874
004a8a93
0004ab03
00448493
0004a803
00448493
010b0eb3
000aa203
01d20863
540042ef
0000498c
0000d8a3
004a8a93
0004a703
00448493
0004a883
00448493
01170833
000aa203
01020863
514042ef
000049b8
0000d8d2
004a8a93
0004a383
00448493
0004a903
00448493
012385b3
000aa203
00b20863
4e8042ef
000049e4
0000d901
004a8a93
0004a883
00448493
0004a983
00448493
013886b3
000aa203
00d20863
4bc042ef
00004a10
0000d930
004a8a93
0004a583
00448493
0004aa03
00448493
01458633
000aa203
00c20863
490042ef
00004a3c
0000d95f
004a8a93
000a8713
0004aa03
00448493
0004aa83
00448493
015a0133
00072203
00220863
460042ef
00004a6c
0000d98e
00470713
0004ab83
00448493
0004ab03
00448493
016b8f33
00072203
01e20863
434042ef
00004a98
0000d9bd
00470713
0004af03
00448493
0004ab83
00448493
017f0db3
00072203
01b20863
408042ef
00004ac4
0000d9ec
00470713
0004af03
00448493
0004ac03
00448493
018f0633
00072203
00c20863
3dc042ef
00004af0
0000da1b
00470713
0004ad83
00448493
0004ac83
00448493
019d8eb3
00072203
01d20863
3b0042ef
00004b1c
0000da4a
00470713
0004a603
00448493
0004ad03
00448493
01a60bb3
00072203
01720863
384042ef
00004b48
0000da79
00470713
0004a783
00448493
0004ad83
00448493
01b78933
00072203
01220863
358042ef
00004b74
0000daa8
00470713
0004ac03
00448493
0004ae03
00448493
01cc03b3
00072203
00720863
32c042ef
00004ba0
0000dad7
00470713
0004a803
00448493
0004ae83
00448493
01d80633
00072203
00c20863
300042ef
00004bcc
0000db06
00470713
0004a783
00448493
0004af03
00448493
01e78fb3
00072203
01f20863
2d4042ef
00004bf8
0000db35
00470713
0004a783
00448493
0004af83
00448493
01f78d33
00072203
01a20863
2a8042ef
00004c24
0000db64
00470713
0004ab83
00448493
0004a303
00448493
006b8033
00072203
00020863
27c042ef
00004c50
0000db93
00470713
0004ae83
00448493
0004ac83
00448493
019e80b3
00072203
00120863
250042ef
00004c7c
0000dbc0
00470713
0004ad83
00448493
0004af83
00448493
01fd8133
00072203
00220863
224042ef
00004ca8
0000dbed
00470713
0004a303
00448493
0004ae83
00448493
01d301b3
00072203
00320863
1f8042ef
00004cd4
0000dc1a
00470713
00020613
00028693
0004a983
00448493
0004ae83
00448493
01d98233
00072603
00460863
204046ef
00004d08
0000dc47
00470713
0004ad03
00448493
0004a003
00448493
000d02b3
00072603
00560863
1d8046ef
00004d34
0000dc74
00470713
0004a403
00448493
0004a803
00448493
01040333
00072603
00660863
1ac046ef
00004d60
0000dca1
00470713
0004ae83
00448493
0004a303
00448493
006e83b3
00072603
00760863
180046ef
00004d8c
0000dcce
00470713
0004a883
00448493
0004a503
00448493
00a88433
00072603
00860863
154046ef
00004db8
0000dcfb
00470713
00048a13
000a2983
004a0a13
000a2a83
004a0a13
015984b3
00072603
00960863
124046ef
00004de8
0000dd28
00470713
000a2e03
004a0a13
000a2b83
004a0a13
017e0533
00072603
00a60863
0f8046ef
00004e14
0000dd55
00470713
000a2c03
004a0a13
000a2183
004a0a13
003c05b3
00072603
00b60863
0cc046ef
00004e40
0000dd83
00470713
00060393
00068413
000a2903
004a0a13
000a2983
004a0a13
01390633
00072383
00c38863
0700446f
00004e74
0000ddb1
00470713
000a2883
004a0a13
000a2003
004a0a13
000886b3
00072383
00d38863
0440446f
00004ea0
0000dddf
00470713
00070913
000a2a83
004a0a13
000a2183
004a0a13
003a8733
00092383
00e38863
0140446f
00004ed0
0000de0d
00490913
000a2703
004a0a13
000a2b83
004a0a13
017707b3
00092383
00f38863
7e90346f
00004efc
0000de3b
00490913
000a2783
004a0a13
000a2b03
004a0a13
01678833
00092383
01038863
7bd0346f
00004f28
0000de69
00490913
000a2003
004a0a13
000a2b83
004a0a13
017008b3
00092383
01138863
7910346f
00004f54
0000de97
00490913
00090b13
000a2b83
004a0a13
000a2203
004a0a13
004b8933
000b2383
01238863
7610346f
00004f84
0000dec5
004b0b13
000a2283
004a0a13
000a2d83
004a0a13
01b289b3
000b2383
01338863
7350346f
00004fb0
0000def3
004b0b13
000a0d13
000d2b83
004d0d13
000d2c03
004d0d13
018b8a33
000b2383
01438863
7050346f
00004fe0
0000df21
004b0b13
000d2983
004d0d13
000d2783
004d0d13
00f98ab3
000b2383
01538863
6d90346f
0000500c
0000df4f
004b0b13
000b0c93
000d2283
004d0d13
000d2603
004d0d13
00c28b33
000ca383
01638863
6a90346f
0000503c
0000df7d
004c8c93
000d2a03
004d0d13
000d2b03
004d0d13
016a0bb3
000ca383
01738863
67d0346f
00005068
0000dfab
004c8c93
000d2e03
004d0d13
000d2e83
004d0d13
01de0c33
000ca383
01838863
6510346f
00005094
0000dfd9
004c8c93
000c8913
000d2803
004d0d13
000d2083
004d0d13
00180cb3
00092383
01938863
6210346f
000050c4
0000e007
00490913
000d0113
00012783
00410113
00012e03
00410113
01c78d33
00092383
01a38863
5f10346f
000050f4
0000e035
00490913
00012803
00410113
00012b03
00410113
01680db3
00092383
01b38863
5c50346f
00005120
0000e063
00490913
00012c83
00410113
00012603
00410113
00cc8e33
00092383
01c38863
5990346f
0000514c
0000e091
00490913
00012e03
00410113
00012083
00410113
001e0eb3
00092383
01d38863
56d0346f
00005178
0000e0bf
00490913
00012b83
00410113
00012583
00410113
00bb8f33
00092383
01e38863
5410346f
000051a4
0000e0ed
00490913
00012a03
00410113
00012e83
00410113
01da0fb3
00092383
01f38863
5150346f
000051d0
0000e11b
00490913
00012703
00410113
00012c03
00410113
01870233
00092383
00438863
4e90346f
000051fc
0000e149
00490913
00012e83
00410113
00012483
00410113
009e87b3
00092383
00f38863
4bd0346f
00005228
0000e17e
00490913
00012183
00410113
00012a83
00410113
015187b3
00092383
00f38863
4910346f
00005254
0000e1b3
00490913
00012d83
00410113
00012203
00410113
004d86b3
00092383
00d38863
4650346f
00005280
0000e1e8
00490913
00012b03
00410113
00012c03
00410113
018b05b3
00092383
00b38863
4390346f
000052ac
0000e225
00490913
00012d83
00410113
00012b03
00410113
016d86b3
00092383
00d38863
40d0346f
000052d8
0000e262
00490913
00012803
00410113
00012683
00410113
00d802b3
00092383
00538863
3e10346f
00005304
0000e29f
00490913
00012683
00410113
00012d03
00410113
01a68e33
00092383
01c38863
3b50346f
00005330
0000e2dc
00490913
00012503
00410113
00012f03
00410113
01e50633
00092383
00c38863
3890346f
0000535c
0000e319
00490913
00012e03
00410113
00012803
00410113
010e0f33
00092383
01e38863
35d0346f
00005388
0000e356
00490913
00012503
00410113
00012583
00410113
00b508b3
00092383
01138863
3310346f
000053b4
0000e393
00490913
00012583
00410113
00012e83
00410113
01d58b33
00092383
01638863
3050346f
000053e0
0000e3d0
00490913
00012283
00410113
00012c83
00410113
019287b3
00092383
00f38863
2d90346f
0000540c
0000e40d
00490913
00012303
00410113
00012b83
00410113
017304b3
00092383
00938863
2ad0346f
00005438
0000e443
00490913
00012583
00410113
00012b83
00410113
01758fb3
00092383
01f38863
2810346f
00005464
0000e479
00490913
00012e83
00410113
00012b03
00410113
016e88b3
00092383
01138863
2550346f
00005490
0000e4af
00490913
00012b83
00410113
00012483
00410113
009b8ab3
00092383
01538863
2290346f
000054bc
0000e4ec
00490913
00012a03
00410113
00012083
00410113
001a0d33
00092383
01a38863
1fd0346f
000054e8
0000e529
00490913
00012b03
00410113
00012a83
00410113
015b0fb3
00092383
01f38863
1d10346f
00005514
0000e566
00490913
00012e83
00410113
00012183
00410113
003e89b3
00092383
01338863
1a50346f
00005540
0000e5a3
00490913
00012603
00410113
00012c03
00410113
01860e33
00092383
01c38863
1790346f
0000556c
0000e5e0
00490913
00012203
00410113
00012803
00410113
010205b3
00092383
00b38863
14d0346f
00005598
0000e61d
00490913
00012d03
00410113
00012603
00410113
00cd0b33
00092383
01638863
1210346f
000055c4
0000e65a
00490913
00012b83
00410113
00012a03
00410113
014b8eb3
00092383
01d38863
0f50346f
000055f0
0000e697
00490913
00012b83
00410113
00012a83
00410113
015b85b3
00092383
00b38863
0c90346f
0000561c
0000e6d4
00490913
00012183
00410113
00012d83
00410113
01b189b3
00092383
01338863
09d0346f
00005648
0000e721
00490913
00012e03
00410113
00012c83
00410113
019e0c33
00092383
01838863
0710346f
00005674
0000e76e
00490913
00012883
00410113
00012b83
00410113
017882b3
00092383
00538863
0450346f
000056a0
0000e7bb
00490913
00012803
00410113
00012603
00410113
00c80fb3
00092383
01f38863
0190346f
000056cc
0000e80f
00490913
00012603
00410113
00012c83
00410113
019604b3
00092383
00938863
7ec0346f
000056f8
0000e863
00490913
00012083
00410113
00012a83
00410113
015086b3
00092383
00d38863
7c00346f
00005724
0000e8b7
00490913
00012283
00410113
00012983
00410113
01328ab3
00092383
01538863
7940346f
00005750
0000e90b
00490913
00012c83
00410113
00012583
00410113
00bc8bb3
00092383
01738863
7680346f
0000577c
0000e95f
00490913
00012803
00410113
00012303
00410113
00680b33
00092383
01638863
73c0346f
000057a8
0000e9b3
00490913
00012c83
00410113
00012883
00410113
011c8633
00092383
00c38863
7100346f
000057d4
0000ea07
00490913
00012d83
00410113
00012c03
00410113
018d8cb3
00092383
01938863
6e40346f
00005800
0000ea5b
00490913
00012783
00410113
00012f83
00410113
01f784b3
00092383
00938863
6b80346f
0000582c
0000eaaf
00490913
00012a83
00410113
00012783
00410113
00fa80b3
00092383
00138863
68c0346f
00005858
0000eafc
00490913
00012d03
00410113
00012d83
00410113
01bd0c33
00092383
01838863
6600346f
00005884
0000eb49
00490913
00012783
00410113
00012303
00410113
00678eb3
00092383
01d38863
6340346f
000058b0
0000eb96
00490913
00012483
00410113
00012a83
00410113
01548c33
00092383
01838863
6080346f
000058dc
0000ebea
00490913
00012d83
00410113
00012e83
00410113
01dd8333
00092383
00638863
5dc0346f
00005908
0000ec3e
00490913
00012e03
00410113
00012603
00410113
00ce02b3
00092383
00538863
5b00346f
00005934
0000ec92
00490913
00012a03
00410113
00012e83
00410113
01da0833
00092383
01038863
5840346f
00005960
0000ece6
00490913
00012c03
00410113
00012583
00410113
00bc04b3
00092383
00938863
5580346f
0000598c
0000ed3a
00490913
00012983
00410113
00012b83
00410113
017987b3
00092383
00f38863
52c0346f
000059b8
0000ed8e
00490913
00012203
00410113
00012b03
00410113
016209b3
00092383
01338863
5000346f
000059e4
0000ede2
00490913
00012e03
00410113
00012483
00410113
009e0eb3
00092383
01d38863
4d40346f
00005a10
0000ee36
00490913
00012d83
00410113
00012e03
00410113
01cd87b3
00092383
00f38863
4a80346f
00005a3c
0000ee8a
00490913
00012283
00410113
00012a83
00410113
015286b3
00092383
00d38863
47c0346f
00005a68
0000eed7
00490913
00012d83
00410113
00012603
00410113
00cd8f33
00092383
01e38863
4500346f
00005a94
0000ef24
00490913
00012603
00410113
00012883
00410113
01160c33
00092383
01838863
4240346f
00005ac0
0000ef71
00490913
00012a83
00410113
00012f03
00410113
01ea8bb3
00092383
01738863
3f80346f
00005aec
0000efc5
00490913
00012c83
00410113
00012303
00410113
006c81b3
00092383
00338863
3cc0346f
00005b18
0000f019
00490913
00012b03
00410113
00012d83
00410113
01bb05b3
00092383
00b38863
3a00346f
00005b44
0000f06d
00490913
00012a03
00410113
00012883
00410113
011a0233
00092383
00438863
3740346f
00005b70
0000f0c1
00490913
00012703
00410113
00012c83
00410113
01970fb3
00092383
01f38863
3480346f
00005b9c
0000f115
00490913
00012a03
00410113
00012703
00410113
00ea0333
00092383
00638863
31c0346f
00005bc8
0000f169
00490913
00012703
00410113
00012803
00410113
01070333
00092383
00638863
2f00346f
00005bf4
0000f1bd
00490913
00012583
00410113
00012083
00410113
00158333
00092383
00638863
2c40346f
00005c20
0000f211
00490913
00012f03
00410113
00012803
00410113
010f0533
00092383
00a38863
2980346f
00005c4c
0000f265
00490913
00012d03
00410113
00012f03
00410113
01ed0533
00092383
00a38863
26c0346f
00005c78
0000f2b9
00490913
00012e03
00410113
00012e83
00410113
01de0cb3
00092383
01938863
2400346f
00005ca4
0000f30d
00490913
00012603
00410113
00012703
00410113
00e60b33
00092383
01638863
2140346f
00005cd0
0000f361
00490913
00012d03
00410113
00012303
00410113
006d0f33
00092383
01e38863
1e80346f
00005cfc
0000f3bc
00490913
00012e83
00410113
00012c83
00410113
019e85b3
00092383
00b38863
1bc0346f
00005d28
0000f417
00490913
00012503
00410113
00012883
00410113
01150e33
00092383
01c38863
1900346f
00005d54
0000f472
00490913
00012203
00410113
00012703
00410113
00e20833
00092383
01038863
1640346f
00005d80
0000f4cd
00490913
00012d83
00410113
00012a03
00410113
014d8ab3
00092383
01538863
1380346f
00005dac
0000f528
00490913
00012803
00410113
00012203
00410113
00480cb3
00092383
01938863
10c0346f
00005dd8
0000f583
00490913
00012583
00410113
00012283
00410113
005581b3
00092383
00338863
0e00346f
00005e04
0000f5de
00490913
00012083
00410113
00012803
00410113
010082b3
00092383
00538863
0b40346f
00005e30
0000f639
00490913
00012783
00410113
00012183
00410113
00378f33
00092383
01e38863
0880346f
00005e5c
0000f694
00490913
00012683
00410113
00012c83
00410113
01968a33
00092383
01438863
05c0346f
00005e88
0000f6e8
00490913
00012983
00410113
00012203
00410113
00498bb3
00092383
01738863
0300346f
00005eb4
0000f73c
00490913
00012e03
00410113
00012b03
00410113
016e02b3
00092383
00538863
0040346f
00005ee0
0000f790
00490913
00012803
00410113
00012d83
00410113
01b807b3
00092383
00f38863
7d90246f
00005f0c
0000f7eb
00490913
00012803
00410113
00012883
00410113
01180c33
00092383
01838863
7ad0246f
00005f38
0000f846
00490913
00012d83
00410113
00012283
00410113
005d81b3
00092383
00338863
7810246f
00005f64
0000f8a1
00490913
00012183
00410113
00012a83
00410113
01518833
00092383
01038863
7550246f
00005f90
0000f8fc
00490913
00012483
00410113
00012803
00410113
01048d33
00092383
01a38863
7290246f
00005fbc
0000f957
00490913
00012783
00410113
00012c03
00410113
018788b3
00092383
01138863
6fd0246f
00005fe8
0000f9b2
00490913
00012e03
00410113
00012503
00410113
00ae0333
00092383
00638863
6d10246f
00006014
0000fa0d
00490913
00012983
00410113
00012b83
00410113
01798833
00092383
01038863
6a50246f
00006040
0000fa68
00490913
00012d83
00410113
00012883
00410113
011d8eb3
00092383
01d38863
6790246f
0000606c
0000fac3
00490913
00012d03
00410113
00012e03
00410113
01cd0ab3
00092383
01538863
64d0246f
00006098
0000fb17
00490913
00012c03
00410113
00012483
00410113
009c0533
00092383
00a38863
6210246f
000060c4
0000fb6b
00490913
00012f03
00410113
00012a83
00410113
015f0bb3
00092383
01738863
5f50246f
000060f0
0000fbbf
00490913
00012983
00410113
00012283
00410113
00598233
00092383
00438863
5c90246f
0000611c
0000fc1a
00490913
00012f83
00410113
00012b83
00410113
017f80b3
00092383
00138863
59d0246f
00006148
0000fc75
00490913
00012b03
00410113
00012583
00410113
00bb0db3
00092383
01b38863
5710246f
00006174
0000fcd0
00490913
00012083
00410113
00012a83
00410113
015082b3
00092383
00538863
5450246f
000061a0
0000fd2b
00490913
00012d03
00410113
00012a83
00410113
015d04b3
00092383
00938863
5190246f
000061cc
0000fd86
00490913
00012d03
00410113
00012a83
00410113
015d00b3
00092383
00138863
4ed0246f
000061f8
0000fde1
00490913
00012703
00410113
00012603
00410113
00c70a33
00092383
01438863
4c10246f
00006224
0000fe3c
00490913
00012683
00410113
00012983
00410113
013682b3
00092383
00538863
4950246f
00006250
0000fe97
00490913
00012803
00410113
00012e03
00410113
01c805b3
00092383
00b38863
4690246f
0000627c
0000fef2
00490913
00012703
00410113
00012b83
00410113
01770d33
00092383
01a38863
43d0246f
000062a8
0000ff46
00490913
00012503
00410113
00012183
00410113
00350fb3
00092383
01f38863
4110246f
000062d4
0000ff9a
00490913
00012283
00410113
00012c03
00410113
01828bb3
00092383
01738863
3e50246f
00006300
0000ffee
00490913
00012c83
00410113
00012a03
00410113
014c86b3
00092383
00d38863
3b90246f
0000632c
00010049
00490913
00012783
00410113
00012b03
00410113
01678db3
00092383
01b38863
38d0246f
00006358
000100a4
00490913
00012503
00410113
00012183
00410113
003500b3
00092383
00138863
3610246f
00006384
000100ff
00490913
00012c83
00410113
00012683
00410113
00dc8b33
00092383
01638863
3350246f
000063b0
0001015a
00490913
00012683
00410113
00012f03
00410113
01e68c33
00092383
01838863
3090246f
000063dc
000101b5
00490913
00012e03
00410113
00012583
00410113
00be0cb3
00092383
01938863
2dd0246f
00006408
00010210
00490913
00012583
00410113
00012503
00410113
00a58db3
00092383
01b38863
2b10246f
00006434
0001026b
00490913
00012e03
00410113
00012303
00410113
006e0bb3
00092383
01738863
2850246f
00006460
000102c6
00490913
00012783
00410113
00012203
00410113
004786b3
00092383
00d38863
2590246f
0000648c
00010321
00490913
00012583
00410113
00012303
00410113
006586b3
00092383
00d38863
22d0246f
000064b8
00010375
00490913
00012203
00410113
00012983
00410113
013201b3
00092383
00338863
2010246f
000064e4
000103c9
00490913
00012f03
00410113
00012203
00410113
004f0eb3
00092383
01d38863
1d50246f
00006510
0001041d
00490913
00012d03
00410113
00012d83
00410113
01bd0633
00092383
00c38863
1a90246f
0000653c
00010478
00490913
00012583
00410113
00012d83
00410113
01b581b3
00092383
00338863
17d0246f
00006568
000104d3
00490913
00012883
00410113
00012a83
00410113
01588c33
00092383
01838863
1510246f
00006594
0001052e
00490913
00012783
00410113
00012c83
00410113
01978733
00092383
00e38863
1250246f
000065c0
00010589
00490913
00012b83
00410113
00012b03
00410113
016b8633
00092383
00c38863
0f90246f
000065ec
000105e4
00490913
00012803
00410113
00012a03
00410113
014808b3
00092383
01138863
0cd0246f
00006618
0001063f
00490913
00012b83
00410113
00012f83
00410113
01fb8f33
00092383
01e38863
0a10246f
00006644
0001069a
00490913
00012d83
00410113
00012183
00410113
003d86b3
00092383
00d38863
0750246f
00006670
000106f5
00490913
00012683
00410113
00012e03
00410113
01c68a33
00092383
01438863
0490246f
0000669c
00010750
00490913
00012503
00410113
00012703
00410113
00e50bb3
00092383
01738863
01d0246f
000066c8
000107a4
00490913
00012203
00410113
00012983
00410113
013207b3
00092383
00f38863
7f00246f
000066f4
000107f8
00490913
00012703
00410113
00012d03
00410113
01a701b3
00092383
00338863
7c40246f
00006720
0001084c
00490913
00012303
00410113
00012e03
00410113
01c30cb3
00092383
01938863
7980246f
0000674c
000108a7
00490913
00012c83
00410113
00012b83
00410113
017c81b3
00092383
00338863
76c0246f
00006778
00010902
00490913
00012983
00410113
00012203
00410113
004986b3
00092383
00d38863
7400246f
000067a4
0001095d
00490913
00012b03
00410113
00012283
00410113
005b0cb3
00092383
01938863
7140246f
000067d0
000109b8
00490913
00012a03
00410113
00012603
00410113
00ca0ab3
00092383
01538863
6e80246f
000067fc
00010a13
00490913
00012283
00410113
00012203
00410113
004285b3
00092383
00b38863
6bc0246f
00006828
00010a6e
00490913
00012a03
00410113
00012203
00410113
004a0633
00092383
00c38863
6900246f
00006854
00010ac9
00490913
00012a03
00410113
00012d83
00410113
01ba0333
00092383
00638863
6640246f
00006880
00010b24
00490913
00012503
00410113
00012d03
00410113
01a505b3
00092383
00b38863
6380246f
000068ac
00010b7f
00490913
00012203
00410113
00012983
00410113
01320633
00092383
00c38863
60c0246f
000068d8
00010bd3
00490913
00012e03
00410113
00012583
00410113
00be0a33
00092383
01438863
5e00246f
00006904
00010c27
00490913
00012703
00410113
00012203
00410113
00470fb3
00092383
01f38863
5b40246f
00006930
00010c7b
00490913
00012b03
00410113
00012c03
00410113
018b00b3
00092383
00138863
5880246f
0000695c
00010cd6
00490913
00012083
00410113
00012b03
00410113
01608bb3
00092383
01738863
55c0246f
00006988
00010d31
00490913
00012b03
00410113
00012e83
00410113
01db0533
00092383
00a38863
5300246f
000069b4
00010d8c
00490913
00012583
00410113
00012b83
00410113
017584b3
00092383
00938863
5040246f
000069e0
00010de7
00490913
00012783
00410113
00012603
00410113
00c78533
00092383
00a38863
4d80246f
00006a0c
00010e42
00490913
00012283
00410113
00012c03
00410113
01828533
00092383
00a38863
4ac0246f
00006a38
00010e9d
00490913
00012e03
00410113
00012983
00410113
013e06b3
00092383
00d38863
4800246f
00006a64
00010ef8
00490913
00012d03
00410113
00012083
00410113
001d0eb3
00092383
01d38863
4540246f
00006a90
00010f53
00490913
00012703
00410113
00012203
00410113
004704b3
00092383
00938863
4280246f
00006abc
00010fae
00490913
00012503
00410113
00012b83
00410113
01750db3
00092383
01b38863
3fc0246f
00006ae8
00011002
00490913
00012083
00410113
00012a83
00410113
01508533
00092383
00a38863
3d00246f
00006b14
00011056
00490913
00012603
00410113
00012d83
00410113
01b60c33
00092383
01838863
3a40246f
00006b40
000110aa
00490913
00012c83
00410113
00012683
00410113
00dc89b3
00092383
01338863
3780246f
00006b6c
00011105
00490913
00012483
00410113
00012c03
00410113
018489b3
00092383
01338863
34c0246f
00006b98
00011160
00490913
00012d03
00410113
00012c83
00410113
019d07b3
00092383
00f38863
3200246f
00006bc4
000111bb
00490913
00012c03
00410113
00012283
00410113
005c0633
00092383
00c38863
2f40246f
00006bf0
00011216
00490913
00012683
00410113
00012883
00410113
01168233
00092383
00438863
2c80246f
00006c1c
00011271
00490913
00012c03
00410113
00012a83
00410113
015c0fb3
00092383
01f38863
29c0246f
00006c48
000112cc
00490913
00012603
00410113
00012283
00410113
00560833
00092383
01038863
2700246f
00006c74
00011327
00490913
00012783
00410113
00012303
00410113
006781b3
00092383
00338863
2440246f
00006ca0
00011382
00490913
00012783
00410113
00012d83
00410113
01b78c33
00092383
01838863
2180246f
00006ccc
000113dd
00490913
00012283
00410113
00012703
00410113
00e288b3
00092383
01138863
1ec0246f
00006cf8
00011431
00490913
00012d03
00410113
00012b03
00410113
016d09b3
00092383
01338863
1c00246f
00006d24
00011485
00490913
00012083
00410113
00012603
00410113
00c085b3
00092383
00b38863
1940246f
00006d50
000114d9
00490913
00012203
00410113
00012c83
00410113
019208b3
00092383
01138863
1680246f
00006d7c
00011534
00490913
00012a03
00410113
00012a83
00410113
015a0b33
00092383
01638863
13c0246f
00006da8
0001158f
00490913
00012183
00410113
00012a03
00410113
01418d33
00092383
01a38863
1100246f
00006dd4
000115ea
00490913
00012883
00410113
00012803
00410113
01088cb3
00092383
01938863
0e40246f
00006e00
00011645
00490913
00012d83
00410113
00012d03
00410113
01ad8633
00092383
00c38863
0b80246f
00006e2c
000116a0
00490913
00012483
00410113
00012e83
00410113
01d48533
00092383
00a38863
08c0246f
00006e58
000116fb
00490913
00012203
00410113
00012503
00410113
00a20833
00092383
01038863
0600246f
00006e84
00011756
00490913
00012e83
00410113
00012303
00410113
006e86b3
00092383
00d38863
0340246f
00006eb0
000117b1
00490913
00012003
00410113
00012003
00410113
00000b33
00092383
01638863
0080246f
00006edc
0001180c
00490913
00012083
00410113
00012083
00410113
00108233
00092383
00438863
7dd0146f
00006f08
00011840
00490913
00010a13
000a2103
004a0a13
000a2103
004a0a13
00210733
00092383
00e38863
7ad0146f
00006f38
00011874
00490913
000a2183
004a0a13
000a2183
004a0a13
00318833
00092383
01038863
7810146f
00006f64
000118a8
00490913
000a2203
004a0a13
000a2203
004a0a13
00420333
00092383
00638863
7550146f
00006f90
000118dc
00490913
000a2283
004a0a13
000a2283
004a0a13
00528cb3
00092383
01938863
7290146f
00006fbc
00011910
00490913
000a2303
004a0a13
000a2303
004a0a13
00630833
00092383
01038863
6fd0146f
00006fe8
00011944
00490913
00038213
00040293
000a2383
004a0a13
000a2383
004a0a13
007384b3
00092203
00920863
6b1012ef
0000701c
00011978
00490913
000a2403
004a0a13
000a2403
004a0a13
008404b3
00092203
00920863
685012ef
00007048
000119ac
00490913
000a2483
004a0a13
000a2483
004a0a13
00948f33
00092203
01e20863
659012ef
00007074
000119e0
00490913
000a2503
004a0a13
000a2503
004a0a13
00a50133
00092203
00220863
62d012ef
000070a0
00011a14
00490913
000a2583
004a0a13
000a2583
004a0a13
00b58db3
00092203
01b20863
601012ef
000070cc
00011a49
00490913
000a2603
004a0a13
000a2603
004a0a13
00c60ab3
00092203
01520863
5d5012ef
000070f8
00011a7e
00490913
000a2683
004a0a13
000a2683
004a0a13
00d688b3
00092203
01120863
5a9012ef
00007124
00011ab3
00490913
000a2703
004a0a13
000a2703
004a0a13
00e70cb3
00092203
01920863
57d012ef
00007150
00011ae8
00490913
000a2783
004a0a13
000a2783
004a0a13
00f783b3
00092203
00720863
551012ef
0000717c
00011b1d
00490913
000a2803
004a0a13
000a2803
004a0a13
01080b33
00092203
01620863
525012ef
000071a8
00011b52
00490913
000a2883
004a0a13
000a2883
004a0a13
011884b3
00092203
00920863
4f9012ef
000071d4
00011b87
00490913
00090813
000a2903
004a0a13
000a2903
004a0a13
012900b3
00082203
00120863
4c9012ef
00007204
00011bbc
00480813
000a2983
004a0a13
000a2983
004a0a13
013980b3
00082203
00120863
49d012ef
00007230
00011bf1
00480813
000a0493
0004aa03
00448493
0004aa03
00448493
014a08b3
00082203
01120863
46d012ef
00007260
00011c26
00480813
0004aa83
00448493
0004aa83
00448493
015a8f33
00082203
01e20863
441012ef
0000728c
00011c5b
00480813
0004ab03
00448493
0004ab03
00448493
016b07b3
00082203
00f20863
415012ef
000072b8
00011c90
00480813
0004ab83
00448493
0004ab83
00448493
017b8d33
00082203
01a20863
3e9012ef
000072e4
00011cc5
00480813
0004ac03
00448493
0004ac03
00448493
018c0a33
00082203
01420863
3bd012ef
00007310
00011cfa
00480813
0004ac83
00448493
0004ac83
00448493
019c8fb3
00082203
01f20863
391012ef
0000733c
00011d2f
00480813
0004ad03
00448493
0004ad03
00448493
01ad0e33
00082203
01c20863
365012ef
00007368
00011d64
00480813
0004ad83
00448493
0004ad83
00448493
01bd85b3
00082203
00b20863
339012ef
00007394
00011d99
00480813
0004ae03
00448493
0004ae03
00448493
01ce08b3
00082203
01120863
30d012ef
000073c0
00011dce
00480813
0004ae83
00448493
0004ae83
00448493
01de89b3
00082203
01320863
2e1012ef
000073ec
00011e03
00480813
0004af03
00448493
0004af03
00448493
01ef0db3
00082203
01b20863
2b5012ef
00007418
00011e38
00480813
0004af83
00448493
0004af83
00448493
01ff88b3
00082203
01120863
289012ef
00007444
00011e6d
00480813
0004a003
00448493
0004af83
00448493
01f00033
00082203
00020863
25d012ef
00007470
00011ea2
00480813
0004a083
00448493
0004ad83
00448493
01b080b3
00082203
00120863
231012ef
0000749c
00011ed5
00480813
0004a103
00448493
0004aa83
00448493
01510133
00082203
00220863
205012ef
000074c8
00011f08
00480813
0004a183
00448493
0004a883
00448493
011181b3
00082203
00320863
1d9012ef
000074f4
00011f3b
00480813
00020613
00028693
0004a203
00448493
0004a083
00448493
00120233
00082603
00460863
1e5016ef
00007528
00011f6e
00480813
0004a283
00448493
0004ac03
00448493
018282b3
00082603
00560863
1b9016ef
00007554
00011fa1
00480813
0004a303
00448493
0004a203
00448493
00430333
00082603
00660863
18d016ef
00007580
00011fd4
00480813
0004a383
00448493
0004a183
00448493
003383b3
00082603
00760863
161016ef
000075ac
00012007
00480813
0004a403
00448493
0004a203
00448493
00440433
00082603
00860863
135016ef
000075d8
0001203a
00480813
00048d93
000da483
004d8d93
000da183
004d8d93
003484b3
00082603
00960863
105016ef
00007608
0001206d
00480813
000da503
004d8d93
000da403
004d8d93
00850533
00082603
00a60863
0d9016ef
00007634
000120a0
00480813
000da583
004d8d93
000da103
004d8d93
002585b3
00082603
00b60863
0ad016ef
00007660
000120d4
00480813
00060213
00068293
000da603
004d8d93
000da903
004d8d93
01260633
00082203
00c20863
039012ef
00007694
00012108
00480813
000da683
004d8d93
000daa83
004d8d93
015686b3
00082203
00d20863
00d012ef
000076c0
0001213c
00480813
000da703
004d8d93
000da403
004d8d93
00870733
00082203
00e20863
7e0012ef
000076ec
00012170
00480813
000da783
004d8d93
000dab83
004d8d93
017787b3
00082203
00f20863
7b4012ef
00007718
000121a4
00480813
00080c13
000da803
004d8d93
000da983
004d8d93
01380833
000c2203
01020863
784012ef
00007748
000121d8
004c0c13
000da883
004d8d93
000dae83
004d8d93
01d888b3
000c2203
01120863
758012ef
00007774
0001220c
004c0c13
000da903
004d8d93
000da503
004d8d93
00a90933
000c2203
01220863
72c012ef
000077a0
00012240
004c0c13
000da983
004d8d93
000dad03
004d8d93
01a989b3
000c2203
01320863
700012ef
000077cc
00012274
004c0c13
000daa03
004d8d93
000dab03
004d8d93
016a0a33
000c2203
01420863
6d4012ef
000077f8
000122a8
004c0c13
000daa83
004d8d93
000dae03
004d8d93
01ca8ab3
000c2203
01520863
6a8012ef
00007824
000122dc
004c0c13
000dab03
004d8d93
000da683
004d8d93
00db0b33
000c2203
01620863
67c012ef
00007850
00012310
004c0c13
000dab83
004d8d93
000da583
004d8d93
00bb8bb3
000c2203
01720863
650012ef
0000787c
00012344
004c0c13
000c0a13
000dac03
004d8d93
000da703
004d8d93
00ec0c33
000a2203
01820863
620012ef
000078ac
00012378
004a0a13
000dac83
004d8d93
000da303
004d8d93
006c8cb3
000a2203
01920863
5f4012ef
000078d8
000123ac
004a0a13
000dad03
004d8d93
000da383
004d8d93
007d0d33
000a2203
01a20863
5c8012ef
00007904
000123e0
004a0a13
000d8493
0004ad83
00448493
0004ab03
00448493
016d8db3
000a2203
01b20863
598012ef
00007934
00012414
004a0a13
0004ae03
00448493
0004a103
00448493
002e0e33
000a2203
01c20863
56c012ef
00007960
00012448
004a0a13
0004ae83
00448493
0004af83
00448493
01fe8eb3
000a2203
01d20863
540012ef
0000798c
0001247c
004a0a13
0004af03
00448493
0004af83
00448493
01ff0f33
000a2203
01e20863
514012ef
000079b8
000124b0
004a0a13
0004af83
00448493
0004a403
00448493
008f8fb3
000a2203
01f20863
4e8012ef
000079e4
000124e4
004a0a13
0004a783
00448493
0004a003
00448493
00078033
000a2203
00020863
4bc012ef
00007a10
00012518
004a0a13
0004ad03
00448493
0004a083
00448493
001d00b3
000a2203
00120863
490012ef
00007a3c
0001254b
004a0a13
0004aa83
00448493
0004a103
00448493
002a8133
000a2203
00220863
464012ef
00007a68
0001257e
004a0a13
0004a503
00448493
0004a183
00448493
003501b3
000a2203
00320863
438012ef
00007a94
000125b1
004a0a13
00020393
00028413
0004a803
00448493
0004a203
00448493
00480233
000a2383
00438863
41c0146f
00007ac8
000125e4
004a0a13
0004ad83
00448493
0004a283
00448493
005d82b3
000a2383
00538863
3f00146f
00007af4
00012617
004a0a13
0004ac03
00448493
0004a303
00448493
006c0333
000a2383
00638863
3c40146f
00007b20
0001264a
004a0a13
00038613
00040693
0004a203
00448493
0004a383
00448493
007203b3
000a2603
00760863
3b8016ef
00007b54
0001267d
004a0a13
0004a983
00448493
0004a403
00448493
00898433
000a2603
00860863
38c016ef
00007b80
000126b0
004a0a13
00048793
0007a503
00478793
0007a483
00478793
009504b3
000a2603
00960863
35c016ef
00007bb0
000126e3
004a0a13
0007a203
00478793
0007a503
00478793
00a20533
000a2603
00a60863
330016ef
00007bdc
00012716
004a0a13
0007a883
00478793
0007a583
00478793
00b885b3
000a2603
00b60863
304016ef
00007c08
0001274a
004a0a13
00060213
00068293
0007ae03
00478793
0007a603
00478793
00ce0633
000a2203
00c20863
290012ef
00007c3c
0001277e
004a0a13
0007a103
00478793
0007a683
00478793
00d106b3
000a2203
00d20863
264012ef
00007c68
000127b2
004a0a13
0007a403
00478793
0007a703
00478793
00e40733
000a2203
00e20863
238012ef
00007c94
000127e6
004a0a13
00078f93
000fa803
004f8f93
000fa783
004f8f93
00f807b3
000a2203
00f20863
208012ef
00007cc4
0001281a
004a0a13
000fac83
004f8f93
000fa803
004f8f93
010c8833
000a2203
01020863
1dc012ef
00007cf0
0001284e
004a0a13
000fac83
004f8f93
000fa883
004f8f93
011c88b3
000a2203
01120863
1b0012ef
00007d1c
00012882
004a0a13
000fa583
004f8f93
000fa903
004f8f93
01258933
000a2203
01220863
184012ef
00007d48
000128b6
004a0a13
000fa103
004f8f93
000fa983
004f8f93
013109b3
000a2203
01320863
158012ef
00007d74
000128ea
004a0a13
000a0713
000fad83
004f8f93
000faa03
004f8f93
014d8a33
00072203
01420863
128012ef
00007da4
0001291e
00470713
000faf03
004f8f93
000faa83
004f8f93
015f0ab3
00072203
01520863
0fc012ef
00007dd0
00012952
00470713
000fa683
004f8f93
000fab03
004f8f93
01668b33
00072203
01620863
0d0012ef
00007dfc
00012986
00470713
000fa783
004f8f93
000fab83
004f8f93
01778bb3
00072203
01720863
0a4012ef
00007e28
000129ba
00470713
000fa483
004f8f93
000fac03
004f8f93
01848c33
00072203
01820863
078012ef
00007e54
000129ee
00470713
000fad03
004f8f93
000fac83
004f8f93
019d0cb3
00072203
01920863
04c012ef
00007e80
00012a22
00470713
000fa103
004f8f93
000fad03
004f8f93
01a10d33
00072203
01a20863
020012ef
00007eac
00012a56
00470713
000fa983
004f8f93
000fad83
004f8f93
01b98db3
00072203
01b20863
7f5002ef
00007ed8
00012a8a
00470713
000fa003
004f8f93
000fae03
004f8f93
01c00e33
00072203
01c20863
7c9002ef
00007f04
00012abe
00470713
000fa403
004f8f93
000fae83
004f8f93
01d40eb3
00072203
01d20863
79d002ef
00007f30
00012af2
00470713
000fac03
004f8f93
000faf03
004f8f93
01ec0f33
00072203
01e20863
771002ef
00007f5c
00012b26
00470713
000f8993
0009a183
00498993
0009af83
00498993
01f18fb3
00072203
01f20863
741002ef
00007f8c
00012b5a
00470713
0009a003
00498993
0009a003
00498993
00000033
00072203
00020863
715002ef
00007fb8
00012b8e
00470713
0009a083
00498993
0009a083
00498993
001080b3
00072203
00120863
6e9002ef
00007fe4
00012bc5
00470713
0009a103
00498993
0009a103
00498993
00210133
00072203
00220863
6bd002ef
00008010
00012bfc
00470713
0009a183
00498993
0009a183
00498993
003181b3
00072203
00320863
691002ef
0000803c
00012c33
00470713
00020613
00028693
0009a203
00498993
0009a203
00498993
00420233
00072603
00460863
69d006ef
00008070
00012c6a
00470713
0009a283
00498993
0009a283
00498993
005282b3
00072603
00560863
671006ef
0000809c
00012ca1
00470713
0009a303
00498993
0009a303
00498993
00630333
00072603
00660863
645006ef
000080c8
00012cd8
00470713
0009a383
00498993
0009a383
00498993
007383b3
00072603
00760863
619006ef
000080f4
00012d0f
00470713
0009a403
00498993
0009a403
00498993
00840433
00072603
00860863
5ed006ef
00008120
00012d46
00470713
0009a483
00498993
0009a483
00498993
009484b3
00072603
00960863
5c1006ef
0000814c
00012d7d
00470713
0009a503
00498993
0009a503
00498993
00a50533
00072603
00a60863
595006ef
00008178
00012db4
00470713
0009a583
00498993
0009a583
00498993
00b585b3
00072603
00b60863
569006ef
000081a4
00012dec
00470713
00060213
00068293
0009a603
00498993
0009a603
00498993
00c60633
00072203
00c20863
4f5002ef
000081d8
00012e24
00470713
0009a683
00498993
0009a683
00498993
00d686b3
00072203
00d20863
4c9002ef
00008204
00012e5c
00470713
00070e13
0009a703
00498993
0009a703
00498993
00e70733
000e2203
00e20863
499002ef
00008234
00012e94
004e0e13
0009a783
00498993
0009a783
00498993
00f787b3
000e2203
00f20863
46d002ef
00008260
00012ecc
004e0e13
0009a803
00498993
0009a803
00498993
01080833
000e2203
01020863
441002ef
0000828c
00012f04
004e0e13
0009a883
00498993
0009a883
00498993
011888b3
000e2203
01120863
415002ef
000082b8
00012f3c
004e0e13
0009a903
00498993
0009a903
00498993
01290933
000e2203
01220863
3e9002ef
000082e4
00012f74
004e0e13
00098b13
000b2983
004b0b13
000b2983
004b0b13
013989b3
000e2203
01320863
3b9002ef
00008314
00012fac
004e0e13
000b2a03
004b0b13
000b2a03
004b0b13
014a0a33
000e2203
01420863
38d002ef
00008340
00012fe4
004e0e13
000b2a83
004b0b13
000b2a83
004b0b13
015a8ab3
000e2203
01520863
361002ef
0000836c
0001301c
004e0e13
000b0993
0009ab03
00498993
0009ab03
00498993
016b0b33
000e2203
01620863
331002ef
0000839c
00013054
004e0e13
0009ab83
00498993
0009ab83
00498993
017b8bb3
000e2203
01720863
305002ef
000083c8
0001308c
004e0e13
0009ac03
00498993
0009ac03
00498993
018c0c33
000e2203
01820863
2d9002ef
000083f4
000130c4
004e0e13
0009ac83
00498993
0009ac83
00498993
019c8cb3
000e2203
01920863
2ad002ef
00008420
000130fc
004e0e13
0009ad03
00498993
0009ad03
00498993
01ad0d33
000e2203
01a20863
281002ef
0000844c
00013134
004e0e13
0009ad83
00498993
0009ad83
00498993
01bd8db3
000e2203
01b20863
255002ef
00008478
0001316c
004e0e13
000e0913
0009ae03
00498993
0009ae03
00498993
01ce0e33
00092203
01c20863
225002ef
000084a8
000131a4
00490913
0009ae83
00498993
0009ae83
00498993
01de8eb3
00092203
01d20863
1f9002ef
000084d4
000131dc
00490913
0009af03
00498993
0009af03
00498993
01ef0f33
00092203
01e20863
1cd002ef
00008500
00013214
00490913
0009af83
00498993
0009af83
00498993
01ff8fb3
00092203
01f20863
1a1002ef
0000852c
0001324c
00490913
00090113
00018293
00000193
00000073
00028193
1d800413
34002373
23832383
23c32483
22032383
25032483
34049073
24832483
305493f3
ffc4f493
ffc3f393
00749e63
00030493
0004a583
00b3a023
00438393
00448493
fe83c8e3
00000013
bad0e4b7
ead48493
00a49a63
18d003ef
00008690
0001397f
00000341
00000013
00000013
00000013
00000013
00000013
00000013
00000013
00004317
d4830313
00000013
00000013
00000013
00000013
00000013
00000013
00032303
00000013
00000013
00000013
00000013
00000013
00000013
00000013
0000d397
f8038393
00000013
00000013
00000013
00000013
00000013
00000013
40730333
00012203
00620863
08d002ef
000085c4
00013aba
00410113
00000013
0000b517
29450513
00000013
00000013
00000013
00000013
00000013
00000013
0001d097
da4080e7
0001d097
db8080e7
bad0e537
ead50513
ec5ff06f
00000013
00000013
00000013
00000013
00000013
00000013
00000013
00000013
00000013
00000013
00000013
00000013
00000013
00000013
00000013
00000013
00000013
00000013
00000013
00000013
00000013
00000013
00000013
00000013
00000013
0800006f
0880006f
0900006f
0980006f
0a00006f
0a80006f
0b00006f
0b80006f
0c00006f
0c80006f
0d00006f
0d80006f
0e00006f
0e80006f
0f00006f
0f80006f
1000006f
1080006f
1100006f
1180006f
1200006f
1280006f
1300006f
1380006f
1400006f
13c0006f
1380006f
1340006f
1300006f
12c0006f
1280006f
1240006f
34011173
26b12823
13c005ef
34011173
26b12823
130005ef
34011173
26b12823
124005ef
34011173
26b12823
118005ef
34011173
26b12823
10c005ef
34011173
26b12823
100005ef
34011173
26b12823
0f4005ef
34011173
26b12823
0e8005ef
34011173
26b12823
0dc005ef
34011173
26b12823
0d0005ef
34011173
26b12823
0c4005ef
34011173
26b12823
0b8005ef
34011173
26b12823
0ac005ef
34011173
26b12823
0a0005ef
34011173
26b12823
094005ef
34011173
26b12823
088005ef
34011173
26b12823
07c005ef
34011173
26b12823
070005ef
34011173
26b12823
064005ef
34011173
26b12823
058005ef
34011173
26b12823
04c005ef
34011173
26b12823
040005ef
34011173
26b12823
034005ef
34011173
26b12823
028005ef
00000317
d0830313
00000013
00000013
00000013
00000013
00000013
00000013
00030067
26a12623
34011573
26a12a23
23012503
00050067
26912423
26812223
26712023
24612e23
34202573
800014b7
fff48493
00a4f4b3
ffe48413
00041663
56018463
1100006f
ff848413
00245413
10041263
54018a63
26c12403
fff40493
00500393
0474e863
07300393
02740a63
07f47393
07300493
00939a63
00c45393
0073f393
00038463
0940006f
fff00513
34102473
00440413
34141073
2800006f
34102573
34102473
00440413
34141073
26c0006f
341024f3
00448493
34149073
00100393
00740e63
00200393
02740263
00300393
02740c63
fff00513
2400006f
000024b7
80048493
3004a073
2300006f
000024b7
80048493
3004b073
000014b7
80048493
3004a073
2140006f
000024b7
80048493
3004b073
2040006f
00040493
29810393
0093a023
00008437
06740413
0083a223
00000013
27012583
000380e7
34102473
00440413
34141073
1d00006f
00000013
01000393
00055c63
00151413
ff240413
00045663
00c00393
0040006f
d6810113
4b012303
007304b3
4a912823
49012403
40830333
29810113
1f812403
00830333
24012403
408585b3
00159493
009585b3
0055d593
00659593
0075e5b3
00358593
02055a63
00f00413
00857433
304024f3
0084d4b3
0014f493
00b49493
0095e5b3
344024f3
0084d4b3
0014f493
00c49493
0095e5b3
300023f3
00f39393
0023d393
0021a437
fe540413
fff44413
0083f433
0085e433
310024f3
1c04f493
00849493
00946433
00032483
00848a63
460003ef
00008a54
00013b1e
00000341
00050413
00432483
00848a63
444003ef
00008af0
00013c20
00000341
0e054863
34102473
0000b397
8e438393
0083a023
00010493
0040006f
2084a383
2104a583
007585b3
00b47463
02747663
1d84a383
1e04a583
007585b3
00b47463
00747c63
1e84a383
1f04a583
007585b3
b2b47ae3
b27468e3
40740433
00832483
00848a63
3d0003ef
00008b68
00013d1b
00000341
34102473
ffc47413
00840413
34141073
34302473
00c32483
00848a63
3a4003ef
00008b94
00013e0e
00000341
30102473
01841413
00045263
d6810113
4b012483
49012383
49812303
29810113
00730333
ac9360e3
10000393
0540006f
25c12303
26012383
26412403
26812483
26c12503
27012583
27412103
30200073
00100413
01f57393
00741433
304434f3
34443473
00832483
00848a63
328003ef
00008c10
00013f81
00000341
00000393
00000417
03c40413
00740433
00351393
00740433
ff847413
00042403
00040a63
01f41393
0003d863
00145413
f88502e3
a35ff06f
00040067
00000013
00000000
00000000
00000001
00000000
00000001
00000000
00025000
00000000
00000000
00000000
00000001
00000000
00000001
00000000
00025014
00000000
00000000
00000000
00000001
00000000
00000001
00000000
00025028
00000000
00000001
00000000
00000001
00000000
00000001
00000000
00000001
00000000
00000001
00000000
00000001
00000000
00000001
00000000
00000001
00000000
00000001
00000000
00000001
00000000
00000001
00000000
00000001
00000000
00000000
00000000
00000000
00000000
00000000
00000000
00000000
00000000
00000000
00000000
00000000
00000000
00000000
00000000
00000000
00000000
00000001
00000000
00000003
00000000
00000005
00000000
00000007
00000000
00000009
00000000
0000000b
00000000
0000000d
00000000
0000000f
00000000
00000011
00000000
00000013
00000000
00000015
00000000
00000017
00000000
00000019
00000000
0000001b
00000000
0000001d
00000000
0000001f
00000000
00000021
00000000
00000023
00000000
00000025
00000000
00000027
00000000
00000029
00000000
0000002b
00000000
0000002d
00000000
0000002f
00000000
00000000
00000000
00000000
00000000
00000000
00000000
00000000
00000000
00000000
00000000
00000000
00000000
00000000
00000000
00000000
00000000
300023f3
00b3d493
0034f493
ffd48413
341023f3
00000493
02040c63
29810113
310023f3
01839393
0003da63
29810113
47012583
d6810113
0080006f
f4012583
341023f3
40b383b3
d6810113
1d812483
007483b3
25c12303
26412403
26812483
26c12503
27012583
27412103
00438067
0000a217
3b820213
02522423
00122423
00022023
0b00006f
0000a397
3a038393
0483a023
0243a023
0253a423
0013a423
0003a023
00038213
00040293
0880006f
0000a617
37860613
06d62423
02462023
02562423
00162423
00062023
00060213
00068293
0600006f
0000a497
35048493
0674a423
0244a023
0254a423
0014a423
00300093
0014a023
00048213
00038293
342020f3
0000a497
49448493
0014a023
343020f3
0000a497
48c48493
0014a023
300020f3
0000a497
48448493
0014a023
0040006f
00222823
00322c23
02622823
02722c23
04822023
04922423
04a22823
04b22c23
06c22023
06d22423
06e22823
06f22c23
09022023
09122423
09222823
09322c23
0b422023
0b522423
0b622823
0b722c23
0d822023
0d922423
0da22823
0db22c23
0fc22023
0fd22423
0fe22823
0ff22c23
0000a497
2844a483
00300513
06a48863
ffa2d303
ff82d383
01031313
00736333
00f35393
01f3f393
01435413
01f47413
10822223
00341313
00620333
00032303
10622823
ff62d303
ff42d383
01031313
00736333
41435393
00f35313
01f37313
00331313
00620333
00032303
00730333
00032303
10622c23
3d80006f
0042a303
0000a817
35c80813
00682023
0002a303
10622423
0000a817
34880813
00082303
0000b397
a0e38393
28730463
00000413
0000a817
30480813
00882023
0000b397
a5638393
00731863
00100413
00000493
2e00006f
0000b397
b4038393
00731863
00200413
00000493
2c80006f
0000b397
c2338393
00731863
00300413
00000493
2b00006f
0000b397
cfe38393
00731863
00400413
00000493
2980006f
0000b397
e5938393
00731863
00500413
00000493
2800006f
0000b397
dc538393
00731863
00600413
00000493
2680006f
0000b397
deb38393
00731863
00700413
00000493
2500006f
0000b397
9ee38393
00731863
00100413
00100493
2380006f
0000b397
ad638393
00731863
00200413
00100493
2200006f
0000b397
bb738393
00731863
00300413
00100493
2080006f
0000b397
c9338393
00731863
00400413
00100493
1f00006f
0000b397
dec38393
00731863
00500413
00100493
1d80006f
0000b397
9b638393
00731863
00100413
00200493
1c00006f
0000b397
a9c38393
00731863
00200413
00200493
1a80006f
0000b397
b7b38393
00731863
00300413
00200493
1900006f
0000b397
c5838393
00731863
00400413
00200493
1780006f
0000b397
daf38393
00731863
00500413
00200493
1600006f
0000b397
97f38393
00731863
00100413
00300493
1480006f
0000b397
a6338393
00731863
00200413
00300493
1300006f
0000b397
b4038393
00731863
00300413
00300493
1180006f
0000b397
c1e38393
00731863
00400413
00300493
1000006f
0000b397
d7338393
00731863
00500413
00300493
0e80006f
0000b397
d9838393
00731863
00800413
00000493
0d00006f
0000b397
dcf38393
00731863
00800413
00000493
0b80006f
0000b397
eb238393
00731863
00800413
00100493
0a00006f
0000b397
f9638393
00731863
00800413
00200493
0880006f
1140006f
00900413
0000a817
08080813
00882023
ffa2d303
ff82d383
01031313
00736333
01435413
01f47413
00341313
00620333
00032303
0000a817
06880813
00682023
ff62d303
ff42d383
01031313
00736333
41435393
00f35313
01f37313
00331313
00620333
00032303
00730333
00032303
0000a817
03480813
00682023
0a40006f
0000a817
00480813
00882023
0000a817
ffc80813
00982023
ffa2d303
ff82d383
01031313
00736333
01435713
01f77713
00371313
00620333
00032303
10622823
0000a817
fcc80813
00682023
ff62d303
ff42d383
01031313
00736333
41435393
00f35313
01f37313
00331313
00620333
00032303
00730333
00032303
10622c23
0000a817
f9480813
00682023
0140006f
0000a817
f7480813
00082023
0040006f
0002a303
10622423
00035383
0033f413
00300493
00941863
00235403
01041413
0083e3b3
10722023
0042a303
12622023
00000013
00000013
00000013
00000013
00000013
0000a517
48a50513
00000013
00000013
00000013
00000013
00000013
00000013
0001c097
f64080e7
00000013
00000013
00000013
00000013
00000013
00000013
0000a517
4dd50513
00000013
00000013
00000013
00000013
00000013
00000013
0001c097
f24080e7
0000a517
ea852503
0001c097
f14080e7
00000013
00000013
0000a517
4af50513
00000013
00000013
00000013
00000013
00000013
00000013
0001c097
ee4080e7
0000a517
d4852503
00300593
3eb50c63
00000013
00000013
0000a517
47150513
00000013
00000013
00000013
00000013
00000013
00000013
0001c097
ea4080e7
0000a517
e0852503
02000593
00357613
00300693
00d60463
01000593
2f4010ef
00000013
00000013
00000013
00000013
00000013
00000013
0000a517
e5850513
00000013
00000013
00000013
00000013
00000013
00000013
0001c097
e44080e7
00000013
00000013
00000013
00000013
00000013
00000013
0000a517
3e550513
00000013
00000013
00000013
00000013
00000013
00000013
0001c097
e04080e7
0000a517
d7052503
02000593
264010ef
00000013
00000013
0000a517
dd850513
00000013
00000013
00000013
00000013
00000013
00000013
0001c097
dc4080e7
00000013
00000013
00000013
00000013
00000013
00000013
0000b517
de250513
00000013
00000013
00000013
00000013
00000013
00000013
0001c097
d84080e7
0000a517
be852503
00050663
00300593
04b51063
07800593
0000a617
d5860613
00000013
00000013
00000013
00000013
00000013
00000013
00b60023
00160613
0000a517
cac52503
224010ef
0e00006f
00100593
04b50863
00400593
08b50a63
00000013
00000013
00000013
00000013
00000013
00000013
0000b517
da250513
00000013
00000013
00000013
00000013
00000013
00000013
0001c097
ce4080e7
0c00006f
06600593
00000013
00000013
00000013
00000013
0000a617
cb860613
00000013
00000013
00000013
00000013
00000013
00000013
00b60023
00160613
0000a517
c0c52503
184010ef
0400006f
07600593
00000013
0000a617
c7860613
00000013
00000013
00000013
00000013
00000013
00000013
00b60023
00160613
0000a517
bcc52503
144010ef
00000013
00000013
00000013
0000a517
c3850513
00000013
00000013
00000013
00000013
00000013
00000013
0001c097
c24080e7
00000013
00000013
00000013
00000013
00000013
00000013
0000b517
c5350513
00000013
00000013
00000013
00000013
00000013
00000013
0001c097
be4080e7
0000a517
a4852503
00100593
00b51c63
0000a517
b4852503
02000593
034010ef
0140006f
0000a517
b3452503
02000593
020010ef
00000013
0000a517
b9850513
00000013
00000013
00000013
00000013
00000013
00000013
0001c097
b84080e7
00000013
00000013
00000013
00000013
00000013
00000013
0000b517
bca50513
00000013
00000013
00000013
00000013
00000013
00000013
0001c097
b44080e7
0000a517
9a852503
00100593
00b51c63
0000a517
ab052503
02000593
795000ef
0140006f
0000a517
a9c52503
02000593
781000ef
00000013
0000a517
af850513
00000013
00000013
00000013
00000013
00000013
00000013
0001c097
ae4080e7
4fd0006f
00000013
00000013
00000013
00000013
00000013
0000b517
b8e50513
00000013
00000013
00000013
00000013
00000013
00000013
0001c097
aa4080e7
00000013
00000013
00000013
00000013
00000013
00000013
0000b517
b7a50513
00000013
00000013
00000013
00000013
00000013
00000013
0001c097
a64080e7
0000a817
a2080813
00082503
0001c097
a50080e7
00000013
0000a517
fef50513
00000013
00000013
00000013
00000013
00000013
00000013
0001c097
a24080e7
0000a417
9b842403
00900493
00940663
2a040ce3
3780006f
0000b517
b0a50513
00000013
00000013
00000013
00000013
00000013
00000013
0001c097
9e4080e7
00000013
00000013
00000013
00000013
00000013
00000013
0000b517
b2b50513
00000013
00000013
00000013
00000013
00000013
00000013
0001c097
9a4080e7
0000a517
95852503
02000593
605000ef
00000013
00000013
0000a517
97850513
00000013
00000013
00000013
00000013
00000013
00000013
0001c097
964080e7
00000013
00000013
00000013
00000013
00000013
00000013
0000b517
ad250513
00000013
00000013
00000013
00000013
00000013
00000013
0001c097
924080e7
0000a517
8d052503
02000593
585000ef
00000013
00000013
0000a517
8f850513
00000013
00000013
00000013
00000013
00000013
00000013
0001c097
8e4080e7
0000a317
89032303
0000a397
8903a383
10734e63
00000013
0000b517
a7950513
00000013
00000013
00000013
00000013
00000013
00000013
0001c097
8a4080e7
0000a317
85032303
0000a397
8503a383
40730333
00235313
0000b517
abe50513
00000013
00000013
00000013
00000013
00000013
00000013
0001c097
864080e7
0000a317
81032303
0000a397
8103a383
40730533
02000593
4b9000ef
00000013
00000013
00000013
00000013
00000013
00000013
00000013
0000a517
81850513
00000013
00000013
00000013
00000013
00000013
00000013
0001c097
804080e7
00000013
00000013
00000013
00000013
00000013
00000013
0000b517
a4950513
00000013
00000013
00000013
00000013
00000013
00000013
0001b097
7c4080e7
00001097
a28080e7
1d50006f
00000013
00000013
00000013
0000b517
99350513
00000013
00000013
00000013
00000013
00000013
00000013
0001b097
784080e7
00000013
00000013
00000013
00000013
00000013
00000013
0000b517
99e50513
00000013
00000013
00000013
00000013
00000013
00000013
0001b097
744080e7
00009317
6f832303
00009397
6e83a383
40730533
02000593
399000ef
00000013
00000013
00000013
00000013
00000013
00000013
00000013
00009517
6f850513
00000013
00000013
00000013
00000013
00000013
00000013
0001b097
6e4080e7
00000013
00000013
00000013
00000013
00000013
00000013
0000b517
a1150513
00000013
00000013
00000013
00000013
00000013
00000013
0001b097
6a4080e7
00001097
908080e7
0b50006f
00000013
00000013
00000013
0000b517
ab850513
00000013
00000013
00000013
00000013
00000013
00000013
0001b097
664080e7
00009517
5fc52503
04050a63
00100593
08b50663
00200593
0cb50263
00300593
0eb50e63
00000013
00000013
00000013
00000013
00000013
0000b517
a9450513
00000013
00000013
00000013
00000013
00000013
00000013
1000006f
00000013
00000013
00000013
00000013
00000013
00000013
00000013
0000b517
a3250513
00000013
00000013
00000013
00000013
00000013
00000013
0c00006f
00000013
00000013
00000013
00000013
00000013
00000013
00000013
0000b517
9fa50513
00000013
00000013
00000013
00000013
00000013
00000013
0800006f
00000013
00000013
00000013
00000013
00000013
00000013
00000013
0000b517
9c250513
00000013
00000013
00000013
00000013
00000013
00000013
0400006f
00000013
00000013
00000013
00000013
00000013
00000013
00000013
0000b517
98b50513
00000013
00000013
00000013
00000013
00000013
00000013
0001b097
504080e7
00000013
00000013
00000013
00000013
00000013
00000013
0000b517
95d50513
00000013
00000013
00000013
00000013
00000013
00000013
0001b097
4c4080e7
00009517
45852503
00100593
06b50863
00200593
0ab50463
00300593
0eb50063
00400593
10b50c63
00500593
14b50863
00600593
18b50463
00700593
1cb50063
00800593
1eb50c63
00000013
00000013
00000013
00000013
0000b517
a3450513
00000013
00000013
00000013
00000013
00000013
00000013
2000006f
00000013
00000013
00000013
00000013
00000013
00000013
00000013
0000b517
8b750513
00000013
00000013
00000013
00000013
00000013
00000013
1c00006f
00000013
00000013
00000013
00000013
00000013
00000013
00000013
0000b517
8a850513
00000013
00000013
00000013
00000013
00000013
00000013
1800006f
00000013
00000013
00000013
00000013
00000013
00000013
00000013
0000b517
88850513
00000013
00000013
00000013
00000013
00000013
00000013
1400006f
00000013
00000013
00000013
00000013
00000013
00000013
00000013
0000b517
86650513
00000013
00000013
00000013
00000013
00000013
00000013
1000006f
00000013
00000013
00000013
00000013
00000013
00000013
00000013
0000b517
84550513
00000013
00000013
00000013
00000013
00000013
00000013
0c00006f
00000013
00000013
00000013
00000013
00000013
00000013
00000013
0000b517
82d50513
00000013
00000013
00000013
00000013
00000013
00000013
0800006f
00000013
00000013
00000013
00000013
00000013
00000013
00000013
0000b517
81950513
00000013
00000013
00000013
00000013
00000013
00000013
0400006f
00000013
00000013
00000013
00000013
00000013
00000013
00000013
0000b517
80550513
00000013
00000013
00000013
00000013
00000013
00000013
0001b097
244080e7
00000013
00000013
00000013
00000013
00000013
00000013
0000b517
80350513
00000013
00000013
00000013
00000013
00000013
00000013
0001b097
204080e7
00009517
1a852503
02000593
664000ef
00000013
00000013
00009517
1d850513
00000013
00000013
00000013
00000013
00000013
00000013
0001b097
1c4080e7
00000013
00000013
00000013
00000013
00000013
00000013
0000a517
79a50513
00000013
00000013
00000013
00000013
00000013
00000013
0001b097
184080e7
00009517
12052503
02000593
5e4000ef
00000013
00000013
00009517
15850513
00000013
00000013
00000013
00000013
00000013
00000013
0001b097
144080e7
00009517
0d852503
00200593
08b51463
00000013
00000013
0000a517
73150513
00000013
00000013
00000013
00000013
00000013
00000013
0001b097
104080e7
00009517
0a852503
284000ef
0001b097
0f0080e7
00000013
0000a517
70850513
00000013
00000013
00000013
00000013
00000013
00000013
0001b097
0c4080e7
00009517
06052503
244000ef
0001b097
0b0080e7
00000097
314080e7
00009517
03c52503
00100593
02b51e63
00000013
00000013
00000013
0000a517
71e50513
00000013
00000013
00000013
00000013
00000013
00000013
0001b097
064080e7
27c0006f
00200593
02b51e63
00000013
00000013
00000013
0000a517
7b450513
00000013
00000013
00000013
00000013
00000013
00000013
0001b097
024080e7
23c0006f
00300593
02b51e63
00000013
00000013
00000013
0000b517
86750513
00000013
00000013
00000013
00000013
00000013
00000013
0001b097
fe4080e7
1fc0006f
00400593
02b51e63
00000013
00000013
00000013
0000b517
92250513
00000013
00000013
00000013
00000013
00000013
00000013
0001b097
fa4080e7
1bc0006f
00500593
02b51e63
00000013
00000013
00000013
0000b517
9c950513
00000013
00000013
00000013
00000013
00000013
00000013
0001b097
f64080e7
17c0006f
1780006f
00000013
00000013
00000013
00000013
0000a517
59650513
00000013
00000013
00000013
00000013
00000013
00000013
0001b097
f24080e7
00009617
ef062603
00000013
00000013
00000013
00000013
00009517
53950513
00000013
00000013
00000013
00000013
00000013
00000013
0001b097
ee4080e7
00065503
01000593
00357413
00300493
00941a63
00265403
01041413
00856533
02000593
32c000ef
00000013
00000013
00000013
00000013
00009517
e9850513
00000013
00000013
00000013
00000013
00000013
00000013
0001b097
e84080e7
00000097
0e8080e7
0940006f
02054263
01800593
04b55463
00009597
e8058593
00251613
00c585b3
0005a503
00008067
00100593
01f59593
00b54533
01000593
00b55e63
00009597
eb458593
00251613
00c585b3
0005a503
00008067
00000013
00000013
00000013
00000013
00000013
00000013
00000013
00009517
2be50513
00000013
00000013
00000013
00000013
00000013
00000013
00008067
00000013
00000013
00000013
00000013
00000013
00000013
00000013
0000a517
e4150513
00000013
00000013
00000013
00000013
00000013
00000013
0001b097
da4080e7
0001b097
dd4080e7
00009617
d6060613
00162023
00000013
00009517
3da50513
00000013
00000013
00000013
00000013
00000013
00000013
0001b097
d64080e7
00009517
d3052503
02000593
1c4000ef
00000013
00000013
00009517
d3850513
00000013
00000013
00000013
00000013
00000013
00000013
0001b097
d24080e7
00000013
00000013
00000013
00000013
00000013
00000013
00009517
36a50513
00000013
00000013
00000013
00000013
00000013
00000013
0001b097
ce4080e7
00009517
cb852503
02000593
144000ef
00000013
00000013
00009517
cb850513
00000013
00000013
00000013
00000013
00000013
00000013
0001b097
ca4080e7
00000013
00000013
00000013
00000013
00000013
00000013
00009517
2fa50513
00000013
00000013
00000013
00000013
00000013
00000013
0001b097
c64080e7
00009517
c4052503
02000593
0c4000ef
00000013
00000013
00009517
c3850513
00000013
00000013
00000013
00000013
00000013
00000013
0001b097
c24080e7
00000013
00000013
00000013
00000013
00000013
00000013
00009517
28a50513
00000013
00000013
00000013
00000013
00000013
00000013
0001b097
be4080e7
00009517
bc852503
02000593
044000ef
00000013
00000013
00009517
bb850513
00000013
00000013
00000013
00000013
00000013
00000013
0001b097
ba4080e7
00009617
b6860613
00062083
00008067
00000013
00000013
00009617
b7860613
00000013
00000013
00000013
00000013
00000013
00000013
03000693
00d60023
07800693
00d600a3
00260613
00058693
ffc68693
00d55733
00f77713
00a00793
00f74663
05770713
0080006f
03070713
00e60023
00160613
fc069ce3
00a00693
00d60023
000600a3
00008067
00a00693
02d54663
ff650513
03100713
00d54c63
ff650513
03200713
00d54663
ff650513
03300713
00e60023
00160613
03050513
00a60023
00a00693
00d600a3
00060123
00008067
00000013
00000013
00000013
00000013
00000013
00000013
00000013
00000013
00000013
00000013
00000013
00000013
00000013
00000013
00000013
00000013
00000013
00000013
00000013
00000013
00000013
00000013
00000013
00000013
00000013
00000013
00000013
00000013
00000013
00000013
00000013
00000013
00000013
00000013
00000013
00000013
00000013
00000013
00000013
00000013
00000013
00000000
00000000
00000000
00000000
00000000
00000000
00000000
00000000
00000000
00000000
00000000
00000000
00000000
00000000
00000000
00000000
00000000
00000000
00000000
00000000
00000000
00000000
00000000
00000000
00000000
00000000
00000000
00000000
00000000
00000000
00000000
00000000
00000000
00000000
00000000
00000000
00000000
00000000
00000000
00000000
00000000
00000000
00000000
00000000
00000000
00000000
00000000
00000000
00000000
00000000
00000000
00000000
00000000
00000000
00000000
00000000
00000000
00000000
00000000
00000000
00000000
00000000
00000000
00000000
00000000
00000000
00000000
00000000
00000000
00000000
00000000
00000000
00000000
00000000
00000000
00000000
00000000
00000000
00000000
00000000
00000000
00000000
00000000
00000000
00000000
00000000
00000000
00000000
00000000
00000000
00000000
00000000
00000000
00000000
00000000
00000000
00000000
00000000
00000000
00000000
00000000
00000000
00000000
00000000
00000000
00000000
00000000
00000000
00000000
00000000
00000000
00000000
00000000
00000000
00000000
00000000
00000000
00000000
00000000
00000000
00000000
00000000
00000000
00000000
00000000
00000000
00000000
00000000
00000000
00000000
00000000
00000000
00000000
00000000
00000000
00000000
00000000
00000000
00000000
00000000
00000000
00000000
00000000
00000000
00000000
00000000
00000000
00000000
00000000
00000000
00000000
00000000
00000000
00000000
00000000
00000000
00000000
00000000
00000000
00000000
00000000
00000000
00000000
00000000
00000000
00000000
00000000
00000000
00000000
00000000
00000000
00000000
00000000
00000000
00000000
00000000
00000000
00000000
00000000
00000000
00000000
00000000
00000000
00000000
00000000
00000000
00000000
00000000
00000000
00000000
00000000
00000000
00000000
00000000
00000000
00000000
00000000
00000000
00000000
00000000
00000000
00000000
00000000
00000000
00000000
00000000
00000000
00000000
00000000
00000000
00000000
00000000
00000000
00000000
00000000
00000000
00000000
00000000
00000000
00000000
00000000
00000000
00000000
00000000
00000000
00000000
00000000
00000000
00000000
00000000
00000000
00000000
00000000
00000000
00000000
00000000
00000000
00000000
00000000
00000000
00000000
00000000
00000000
00000000
00000000
00000000
00000000
00000000
00000000
00000000
00000000
00000000
00000000
00000000
00000000
00000000
00000000
00000000
00000000
00000000
00000000
00000000
00000000
00000000
00000000
00000000
00000000
00000000
00000000
00000000
00000000
00000000
00000000
00000000
00000000
00000000
00000000
00000000
00000000
00000000
00000000
00000000
00000000
00000000
00000000
00000000
00000000
00000000
00000000
00000000
00000000
00000000
00000000
00000000
00000000
00000000
00000000
00000000
00000000
00000000
00000000
00000000
00000000
00000000
00000000
00000000
00000000
00000000
00000000
00000000
00000000
00000000
00000000
00000000
00000000
00000000
00000000
00000000
00000000
00000000
00000000
00000000
00000000
00000000
00000000
00000000
00000000
00000000
00000000
00000000
00000000
00000000
00000000
00000000
00000000
00000000
00000000
00000000
00000000
00000000
00000000
00000000
00000000
00000000
00000000
00000000
00000000
00000000
00000000
00000000
00000000
00000000
00000000
00000000
00000000
00000000
00000000
00000000
00000000
00000000
00000000
00000000
00000000
00000000
00000000
00000000
00000000
00000000
00000000
00000000
00000000
00000000
00000000
00000000
00000000
00000000
00000000
00000000
00000000
00000000
00000000
00000000
00000000
00000000
00000000
00000000
00000000
00000000
00000000
00000000
00000000
00000000
00000000
00000000
00000000
00000000
00000000
00000000
00000000
00000000
00000000
00000000
00000000
00000000
00000000
00000000
00000000
00000000
00000000
00000000
00000000
00000000
00000000
00000000
00000000
00000000
00000000
00000000
00000000
00000000
00000000
00000000
00000000
00000000
00000000
00000000
00000000
00000000
00000000
00000000
00000000
00000000
00000000
00000000
00000000
00000000
00000000
00000000
00000000
00000000
00000000
00000000
00000000
00000000
00000000
00000000
00000000
00000000
00000000
00000000
00000000
00000000
00000000
00000000
00000000
00000000
00000000
00000000
00000000
00000000
00000000
00000000
00000000
00000000
00000000
00000000
00000000
00000000
00000000
00000000
00000000
00000000
00000000
00000000
00000000
00000000
00000000
00000000
00000000
00000000
00000000
00000000
00000000
00000000
00000000
00000000
00000000
00000000
00000000
00000000
00000000
00000000
00000000
00000000
00000000
00000000
00000000
00000000
00000000
00000000
00000000
00000000
00000000
00000000
00000000
00000000
00000000
00000000
00000000
00000000
00000000
00000000
00000000
00000000
00000000
00000000
00000000
00000000
00000000
00000000
00000000
00000000
00000000
00000000
00000000
00000000
00000000
00000000
00000000
00000000
00000000
00000000
00000000
00000000
00000000
00000000
00000000
00000000
00000000
00000000
00000000
00000000
00000000
00000000
00000000
00000000
00000000
00000000
00000000
00000000
00000000
00000000
00000000
00000000
00000000
00000000
00000000
00000000
00000000
00000000
00000000
00000000
00000000
00000000
00000000
00000000
00000000
00000000
00000000
00000000
00000000
00000000
00000000
00000000
00000000
00000000
00000000
00000000
00000000
00000000
00000000
00000000
00000000
00000000
00000000
00000000
00000000
00000000
00000000
00000000
00000000
00000000
00000000
00000000
00000000
00000000
00000000
00000000
00000000
00000000
00000000
00000000
00000000
00000000
00000000
00000000
00000000
00000000
00000000
00000000
00000000
00000000
00000000
00000000
00000000
00000000
00000000
00000000
00000000
00000000
00000000
00000000
00000000
00000000
00000000
00000000
00000000
00000000
00000000
00000000
00000000
00000000
00000000
00000000
00000000
00000000
00000000
00000000
00000000
00000000
00000000
00000000
00000000
00000000
00000000
00000000
00000000
00000000
00000000
00000000
00000000
00000000
00000000
00000000
00000000
00000000
00000000
00000000
00000000
00000000
00000000
00000000
00000000
00000000
00000000
00000000
00000000
00000000
00000000
00000000
00000000
00000000
00000000
00000000
00000000
00000000
00000000
00000000
00000000
00000000
00000000
00000000
00000000
00000000
00000000
00000000
00000000
00000000
00000000
00000000
00000000
00000000
00000000
00000000
00000000
00000000
00000000
00000000
00000000
00000000
00000000
00000000
00000000
00000000
00000000
00000000
00000000
00000000
00000000
00000000
00000000
00000000
00000000
00000000
00000000
00000000
00000000
00000000
00000000
00000000
00000000
00000000
00000000
00000000
00000000
00000000
00000000
00000000
00000000
00000000
00000000
00000000
00000000
00000000
00000000
00000000
00000000
00000000
00000000
00000000
00000000
00000000
00000000
00000000
00000000
00000000
00000000
00000000
00000000
00000000
00000000
00000000
00000000
00000000
00000000
00000000
00000000
00000000
00000000
00000000
00000000
00000000
00000000
00000000
00000000
00000000
00000000
00000000
00000000
00000000
00000000
00000000
00000000
00000000
00000000
00000000
00000000
00000000
00000000
00000000
00000000
00000000
00000000
00000000
00000000
00000000
00000000
00000000
00000000
00000000
00000000
00000000
00000000
00000000
00000000
00000000
00000000
00000000
00000000
00000000
00000000
00000000
00000000
00000000
00000000
00000000
00000000
00000000
00000000
00000000
00000000
00000000
00000000
00000000
00000000
00000000
00000000
00000000
00000000
00000000
00000000
00000000
00000000
00000000
00000000
00000000
00000000
00000000
00000000
00000000
00000000
00000000
00000000
00000000
00000000
00000000
00000000
00000000
00000000
00000000
00000000
00000000
00000000
00000000
00000000
00000000
00000000
00000000
00000000
00000000
00000000
00000000
00000000
00000000
00000000
00000000
00000000
00000000
00000000
00000000
00000000
00000000
00000000
00000000
00000000
00000000
00000000
00000000
00000000
00000000
00000000
00000000
00000000
00000000
00000000
00000000
00000000
00000000
00000000
00000000
00000000
00000000
00000000
00000000
00000000
00000000
00000000
00000000
00000000
00000000
00000000
00000000
00000000
00000000
00000000
00000000
00000000
00000000
00000000
00000000
00000000
00000000
00000000
00000000
00000000
00000000
00000000
00000000
00000000
00000000
00000000
00000000
00000000
00000000
00000000
00000000
00000000
00000000
00000000
00000000
00000000
00000000
00000000
00000000
00000000
00000000
00000000
00000000
00000000
00000000
00000000
00000000
00000000
00000000
00000000
00000000
00000000
00000000
00000000
00000000
00000000
00000000
00000000
00000000
00000000
00000000
00000000
00000000
00000000
00000000
00000000
00000000
00000000
00000000
00000000
00000000
00000000
00000000
00000000
00000000
00000000
00000000
00000000
00000000
00000000
00000000
00000000
00000000
00000000
00000000
00000000
00000000
00000000
00000000
00000000
00000000
00000000
00000000
00000000
00000000
00000000
00000000
00000000
00000000
00000000
00000000
00000000
00000000
00000000
00000000
00000000
00000000
00000000
00000000
00000000
00000000
00000000
00000000
00000000
00000000
00000000
00000000
00000000
00000000
00000000
00000000
00000000
00000000
00000000
00000000
00000000
00000000
00000000
00000000
00000000
00000000
00000000
00000000
00000000
00000000
00000000
00000000
00000000
00000000
00000000
00000000
00000000
00000000
00000000
00000000
00000000
00000000
00000000
00000000
00000000
00000000
00000000
00000000
00000000
00000000
00000000
00000000
00000000
00000000
00000000
00000000
00000000
00000000
00000000
00000000
00000000
00000000
00000000
00000000
00000000
00000000
00000000
00000000
00000000
00000000
00000000
00000000
00000000
00000000
00000000
00000000
00000000
00000000
00000000
00000000
00000000
00000000
00000000
00000000
00000000
00000000
00000000
00000000
00000000
00000000
00000000
00000000
00000000
00000000
00000000
00000000
00000000
00000000
00000000
00000000
00000000
00000000
00000000
00000000
00000000
00000000
00000000
00000000
00000000
00000000
00000000
00000000
00000000
00000000
00000000
00000000
00000000
00000000
00000000
00000000
00000000
00000000
00000000
00000000
00000000
00000000
00000000
00000000
00000000
00000000
00000000
00000000
00000000
00000000
00000000
00000000
00000000
00000000
00000000
00000000
00000000
00000000
00000000
00000000
00000000
00000000
00000000
00000000
00000000
00000000
00000000
00000000
00000000
00000000
00000000
00000000
00000000
00000000
00000000
00000000
00000000
00000000
00000000
00000000
00000000
00000000
00000000
00000000
00000000
00000000
00000000
00000000
00000000
00000000
00000000
00000000
00000000
00000000
00000000
00000000
00000000
00000000
00000000
00000000
00000000
00000000
00000000
00000000
00000000
00000000
00000000
00000000
00000000
00000000
00000000
00000000
00000000
00000000
00000000
00000000
00000000
00000000
00000000
00000000
00000000
00000000
00000000
00000000
00000000
00000000
00000000
00000000
00000000
00000000
00000000
00000000
00000000
00000000
00000000
00000000
00000000
00000000
00000000
00000000
00000000
00000000
00000000
00000000
00000000
00000000
00000000
00000000
00000000
00000000
00000000
00000000
00000000
00000000
00000000
00000000
00000000
00000000
00000000
00000000
00000000
00000000
00000000
00000000
00000000
00000000
00000000
00000000
00000000
00000000
00000000
00000000
00000000
00000000
00000000
00000000
00000000
00000000
00000000
00000000
00000000
00000000
00000000
00000000
00000000
00000000
00000000
00000000
00000000
00000000
00000000
00000000
00000000
00000000
00000000
00000000
00000000
00000000
00000000
00000000
00000000
00000000
00000000
00000000
00000000
00000000
00000000
00000000
00000000
00000000
00000000
00000000
00000000
00000000
00000000
00000000
00000000
00000000
00000000
00000000
00000000
00000000
00000000
00000000
00000000
00000000
00000000
00000000
00000000
00000000
00000000
00000000
00000000
00000000
00000000
00000000
00000000
00000000
00000000
00000000
00000000
00000000
00000000
00000000
00000000
00000000
00000000
00000000
00000000
00000000
00000000
00000000
00000000
00000000
00000000
00000000
00000000
00000000
00000000
00000000
00000000
00000000
00000000
00000000
00000000
00000000
00000000
00000000
00000000
00000000
00000000
00000000
00000000
00000000
00000000
00000000
00000000
00000000
00000000
00000000
00000000
00000000
00000000
00000000
00000000
00000000
00000000
00000000
00000000
00000000
00000000
00000000
00000000
00000000
00000000
00000000
00000000
00000000
00000000
00000000
00000000
00000000
00000000
00000000
00000000
00000000
00000000
00000000
00000000
00000000
00000000
00000000
00000000
00000000
00000000
00000000
00000000
00000000
00000000
00000000
00000000
00000000
00000000
00000000
00000000
00000000
00000000
00000000
00000000
00000000
00000000
00000000
00000000
00000000
fffebeef
dead0001
fffdbeef
dead0002
fffcbeef
dead0003
fffbbeef
dead0004
fffabeef
dead0005
fff9beef
dead0006
fff8beef
dead0007
fff7beef
dead0008
fff6beef
dead0009
fff5beef
dead000a
fff4beef
dead000b
fff3beef
dead000c
fff2beef
dead000d
fff1beef
dead000e
fff0beef
dead000f
ffefbeef
dead0010
ffeebeef
dead0011
ffedbeef
dead0012
ffecbeef
dead0013
ffebbeef
dead0014
ffeabeef
dead0015
ffe9beef
dead0016
ffe8beef
dead0017
ffe7beef
dead0018
ffe6beef
dead0019
ffe5beef
dead001a
ffe4beef
dead001b
ffe3beef
dead001c
ffe2beef
dead001d
ffe1beef
dead001e
ffe0beef
dead001f
ffdfbeef
dead0020
ffdebeef
dead0021
00000000
00000000
0000006f
0000006f
0000006f
0000006f
0000006f
0000006f
0000006f
0000006f
0000006f
0000006f
0000006f
0000006f
0000006f
0000006f
0000006f
0000006f
0000006f
0000006f
0000006f
0000006f
0000006f
0000006f
0000006f
0000006f
0000006f
0000006f
0000006f
0000006f
0000006f
0000006f
0000006f
0000006f
0000006f
0000006f
0000006f
0000006f
0000006f
0000006f
0000006f
0000006f
0000006f
0000006f
0000006f
0000006f
0000006f
0000006f
0000006f
0000006f
0000006f
0000006f
0000006f
0000006f
0000006f
0000006f
0000006f
0000006f
0000006f
0000006f
0000006f
0000006f
0000006f
0000006f
0000006f
0000006f
0000006f
0000006f
0000006f
0000006f
0000006f
0000006f
0000006f
0000006f
0000006f
0000006f
0000006f
0000006f
0000006f
0000006f
0000006f
0000006f
0000006f
0000006f
0000006f
0000006f
0000006f
0000006f
0000006f
0000006f
0000006f
0000006f
0000006f
0000006f
0000006f
0000006f
0000006f
0000006f
0000006f
0000006f
0000006f
0000006f
0000006f
0000006f
0000006f
0000006f
0000006f
0000006f
0000006f
0000006f
0000006f
0000006f
0000006f
0000006f
0000006f
0000006f
0000006f
0000006f
0000006f
0000006f
00004100
00000000
0000444c
00000000
0000c3b0
00000000
00008b9e
00000000
00014f50
00000000
0000f0c0
00000000
00004100
00000000
0000444c
00000000
000155a0
00000000
00000000
00000000
00000000
00000000
000088d8
00000000
00000000
00000000
00000000
00000000
00000000
00000000
00000000
00000000
deadbeef
deadbeef
deadbeef
deadbeef
deadbeef
deadbeef
deadbeef
deadbeef
deadbeef
deadbeef
deadbeef
deadbeef
deadbeef
deadbeef
deadbeef
deadbeef
00000000
00000000
ed199c2a
3d120729
f95ba545
1f8b4c83
117cfa69
6b5ec0b1
eec5c7fc
d8483d27
e637281b
f420cbf4
26a21865
5d018fe6
f8934f2d
876240f5
ba52de6d
2d5aee8b
1856a7fa
d420d633
b57e79ab
b45312c3
802e5cbe
0f865f5c
be498d49
5939c511
7b11a602
38679e11
70a493f3
c758b40b
40214e38
981d9fac
260bef0c
76c6e227
461ad3a3
fa1129a5
4afda77e
5cc11b57
bfb50e27
a2773413
1483c110
41796538
fc59e86f
88c2eb61
17e1045d
36ec53d3
fbba752e
f0c74336
db6f1137
c29ebecd
78e8edfc
5ccbb261
fed08e43
27bb3ee5
2abf7cf7
93f42a31
c71a0e78
ffc9caef
abc8b3e9
540d414f
27de3f8b
4509d639
1a7149e4
88d1e689
a9fe1b24
fdfb2019
3eaae683
067ee1d1
7f3dab23
0281b902
c58c8f0b
84b811ba
63271b21
c2e70e8a
31b6ca4c
85346635
5f987904
a587e0d9
0818ebd1
4e48467d
3bf88405
b4a1a140
de44271a
8940d7c5
e32c4825
7cc721c3
38af9c3b
0c2ab9e7
5543610b
f92c9db7
ece184e8
421eccb0
6b902feb
2e3ca2b7
6eb57e82
0d750837
0888734f
70dfca4a
b15b6fef
c7966030
a4571a9b
3f00be87
bce3e7fb
eeda0414
7006b21d
9f384bd6
44d0ddfc
04beb586
d639a8ad
f83a4f86
4a9cd9de
714599fc
f21bdfcf
a93f47cc
5fcf6182
07d2aa1e
da7f969f
bcef98f6
ccb5eb7b
e2485bb0
971ed8e8
bf9abc66
0217fb16
46b6bde5
14f03448
62a240ed
0aac8f33
d5fe5f7c
56e80caa
ab3bd44d
c1d58273
e7ceb07b
9bfbf146
f9444983
13190cdb
1796c960
9f8773de
186da37b
93de0460
adf19c49
621482b7
91c98bc0
7f142f3d
0c2a6a82
a1460692
a391fecd
2b17eb46
4fd6398c
8fde06b7
3188fc69
ad50d179
3de6e2cf
620b6023
698be42b
d55a3ee7
86e9a98e
18fdab72
ea2ffa7b
e1e6daa3
b35c3576
b937f0d5
9d1babbf
9519d114
91032b2e
c300a7ce
30c5d011
bf25b0d1
f8b159f8
906c4f43
56fa2832
d70241be
49bf4fdf
a3153a0c
efcb5221
56f2fa5e
bbabc7ce
fea8bcb4
f4430e4b
886a1096
2bd547b5
d8a41f69
38ac4eb9
90cf6c7c
d14f98d9
a9de691f
1fb7be80
5234b0b9
db55bce6
b83d042f
8b7b7bd7
21ccba0d
a01edcfa
3350bfef
aed9ac00
00000000
c03744aa
00000001
e2f82790
00000002
73426dce
80000000
a3b9ae23
80000001
d7f4336f
7fffffff
14718a3d
7ffffffe
0fb1f161
ffffffff
0c446dc3
fffffffe
fa02b496
5bbc8872
ee925035
aaaaaaaa
81ad3590
55555555
125b9407
f98291ee
00000000
92be3f2b
00000001
30a1dae4
00000002
730a6ae4
80000000
1e214dd4
80000001
b4de2b95
7fffffff
6b0265a5
7ffffffe
50ece1cc
ffffffff
4bb5f25c
fffffffe
d857328e
5bbc8872
0556e722
aaaaaaaa
00927107
55555555
00000000
00000000
00000000
00000001
00000000
00000002
00000000
80000000
00000000
80000001
00000000
7fffffff
00000000
7ffffffe
00000000
ffffffff
00000000
fffffffe
00000000
5bbc8872
00000000
aaaaaaaa
00000000
55555555
00000001
00000000
00000001
00000001
00000001
00000002
00000001
80000000
00000001
80000001
00000001
7fffffff
00000001
7ffffffe
00000001
ffffffff
00000001
fffffffe
00000001
5bbc8872
00000001
aaaaaaaa
00000001
55555555
00000002
00000000
00000002
00000001
00000002
00000002
00000002
80000000
00000002
80000001
00000002
7fffffff
00000002
7ffffffe
00000002
ffffffff
00000002
fffffffe
00000002
5bbc8872
00000002
aaaaaaaa
00000002
55555555
80000000
00000000
80000000
00000001
80000000
00000002
80000000
80000000
80000000
80000001
80000000
7fffffff
80000000
7ffffffe
80000000
ffffffff
80000000
fffffffe
80000000
5bbc8872
80000000
aaaaaaaa
80000000
55555555
80000001
00000000
80000001
00000001
80000001
00000002
80000001
80000000
80000001
80000001
80000001
7fffffff
80000001
7ffffffe
80000001
ffffffff
80000001
fffffffe
80000001
5bbc8872
80000001
aaaaaaaa
80000001
55555555
7fffffff
00000000
7fffffff
00000001
7fffffff
00000002
7fffffff
80000000
7fffffff
80000001
7fffffff
7fffffff
7fffffff
7ffffffe
7fffffff
ffffffff
7fffffff
fffffffe
7fffffff
5bbc8872
7fffffff
aaaaaaaa
7fffffff
55555555
7ffffffe
00000000
7ffffffe
00000001
7ffffffe
00000002
7ffffffe
80000000
7ffffffe
80000001
7ffffffe
7fffffff
7ffffffe
7ffffffe
7ffffffe
ffffffff
7ffffffe
fffffffe
7ffffffe
5bbc8872
7ffffffe
aaaaaaaa
7ffffffe
55555555
ffffffff
00000000
ffffffff
00000001
ffffffff
00000002
ffffffff
80000000
ffffffff
80000001
ffffffff
7fffffff
ffffffff
7ffffffe
ffffffff
ffffffff
ffffffff
fffffffe
ffffffff
5bbc8872
ffffffff
aaaaaaaa
ffffffff
55555555
fffffffe
00000000
fffffffe
00000001
fffffffe
00000002
fffffffe
80000000
fffffffe
80000001
fffffffe
7fffffff
fffffffe
7ffffffe
fffffffe
ffffffff
fffffffe
fffffffe
fffffffe
5bbc8872
fffffffe
aaaaaaaa
fffffffe
55555555
5bbc8872
00000000
5bbc8872
00000001
5bbc8872
00000002
5bbc8872
80000000
5bbc8872
80000001
5bbc8872
7fffffff
5bbc8872
7ffffffe
5bbc8872
ffffffff
5bbc8872
fffffffe
5bbc8872
5bbc8872
5bbc8872
aaaaaaaa
5bbc8872
55555555
aaaaaaaa
00000000
aaaaaaaa
00000001
aaaaaaaa
00000002
aaaaaaaa
80000000
aaaaaaaa
80000001
aaaaaaaa
7fffffff
aaaaaaaa
7ffffffe
aaaaaaaa
ffffffff
aaaaaaaa
fffffffe
aaaaaaaa
5bbc8872
aaaaaaaa
aaaaaaaa
aaaaaaaa
55555555
55555555
00000000
55555555
00000001
55555555
00000002
55555555
80000000
55555555
80000001
55555555
7fffffff
55555555
7ffffffe
55555555
ffffffff
55555555
fffffffe
55555555
5bbc8872
55555555
aaaaaaaa
55555555
55555555
3b0abf30
639c4a01
2b1adbb8
89da5142
7000faa6
abb2ff16
1e88736e
7fb8e770
28251f56
2e76e514
6f8e6afd
727d80fc
a307a3a6
dffcd93f
6c26f19f
9f2dfcf9
45c60a9f
83651e0b
ca9527e8
4d4932f5
b199451d
c3c9a5e2
89608098
02695c89
0ca7e115
1eb33c93
6ccd9165
f7873c28
3c55197b
f0c129c5
25d1cda0
cafcf856
4cf29f92
dbe3d009
75dbe834
73d4b766
f3c34b2a
e957797a
1d447972
bae4d6da
471d5c13
fcb17cbd
953395f3
27673112
987974da
beabf83d
b6f26b28
81b08eca
8566132f
0cc35e40
b8c69043
4fd7fb75
43e58899
848e967f
5e40e8a5
d4954596
cfa5b9a1
9643bcfa
a9d4cf1a
07a15622
64566dca
e7ca12e6
a690db8d
36905620
dad8c80c
d8fde627
13d230a8
2dc38077
14d2b4ae
6475c77f
210976e0
1d0ea0c7
40f76593
66da39c0
950d3da8
bbfc5568
93e13662
d4856578
4b83d603
49352329
1575438d
d4473d9e
b81b9c35
b649d65a
1011eede
d4df032d
037b9a78
a7406b10
d20dd99d
40524d52
3e298aae
ef53371d
d4297cd1
d31c6727
aad996a8
45603e7a
b6da2abf
5b13009d
65175ec0
3bbb2c2b
d44a85e2
8a29a4e0
99c8cf97
eb59aece
338ec7c4
0310f2fa
5096c87a
b7d495d9
4b515ae6
7863c7ab
25c0fe14
74de262e
4a48a41c
8f2263d8
8cf3785a
95a30b12
873f70d3
38b30e43
ff4d76c5
d692000b
a812ee41
d9be163b
8e9e4bba
34ccdb63
a6b63fea
f3844b43
a7abde18
1f4dc0bc
11c38f06
6cadc7ef
d5775b36
9616bc4e
445dd5d6
e4375136
74d90a87
c19c6366
3865b069
81789cb1
5a19c166
60e677e3
5538b3f1
59d4f8a3
08fd4b09
07a9dbc3
41df21e3
7185dde1
5156e0aa
584665f8
73b79244
0f653fb9
1fa31547
b659345a
186aa668
5d64803c
49c42e8a
cb1b613c
94d4cecd
082fd0cb
fa838904
52018ef9
a22c5472
f4e0b141
7dae30f7
ed7fac23
2cb3eb5a
d6e5f23c
99feef16
0d12258a
3204c113
424c15fb
8a064d5f
62afbf47
ef35d077
08b49946
801a2522
67058c65
2d2974ca
92188931
56267b65
26fd4608
a5aac909
6181f190
c5b09f99
356880c0
a346625a
c1d870de
33618588
3c552c59
d8c0d979
33b1805a
98018d68
862215f9
3aab7231
4a584c85
f991fce4
309f2cbe
2fa9008d
a9101faf
444959bc
5e46329b
e09868da
1f930592
c9651700
5cf04e6e
80e0bc7a
af5c8f2c
6902a31d
ea842f48
0162d981
259b7218
3e8ee4e5
4cb1b75d
e92e1dcb
a80261bf
00823a28
05a141e1
de8a6c21
9a6a75e9
149b8dc3
70b8ae2b
d5f5feed
8c4f3600
6cf93918
3529aa8d
3e894fb5
a6adb99d
7520de87
88a3ed00
24903a26
9eca4b14
612bb546
5439a97f
ebbefb3f
6db29014
c8942b04
920b6e3a
e39482df
c87316b1
b8c8c322
bdc0a76c
3c9cfdf3
c719c7a5
66154043
c9761a48
454ed176
4e54e998
ff10bb19
04b9e694
c08f09d0
d850e8ad
fe88380b
27b7876b
2d755a95
df1dd270
67be7bcd
3a44d1d3
73657422
31203a74
6763203b
5f49203a
5f646461
203b6763
203a7063
725f7063
203b3173
3a6e6962
22306220
65742200
203a7473
63203b32
49203a67
6464615f
3b67635f
3a706320
5f706320
3b317372
6e696220
3162203a
74220022
3a747365
203b3320
203a6763
64615f49
67635f64
7063203b
7063203a
3173725f
6962203b
62203a6e
22002232
74736574
3b34203a
3a676320
615f4920
635f6464
63203b67
63203a70
73725f70
62203b31
203a6e69
00223362
73657422
35203a74
6763203b
5f49203a
5f646461
203b6763
203a7063
725f7063
203b3173
3a6e6962
22346220
65742200
203a7473
63203b36
49203a67
6464615f
3b67635f
3a706320
5f706320
3b317372
6e696220
3562203a
74220022
3a747365
203b3720
203a6763
64615f49
67635f64
7063203b
7063203a
3173725f
6962203b
62203a6e
22002236
74736574
3b38203a
3a676320
615f4920
635f6464
63203b67
63203a70
73725f70
62203b31
203a6e69
00223762
73657422
39203a74
6763203b
5f49203a
5f646461
203b6763
203a7063
725f7063
203b3173
3a6e6962
22386220
65742200
203a7473
203b3031
203a6763
64615f49
67635f64
7063203b
7063203a
3173725f
6962203b
62203a6e
22002239
74736574
3131203a
6763203b
5f49203a
5f646461
203b6763
203a7063
725f7063
203b3173
3a6e6962
30316220
74220022
3a747365
3b323120
3a676320
615f4920
635f6464
63203b67
63203a70
73725f70
62203b31
203a6e69
22313162
65742200
203a7473
203b3331
203a6763
64615f49
67635f64
7063203b
7063203a
3173725f
6962203b
62203a6e
00223231
73657422
31203a74
63203b34
49203a67
6464615f
3b67635f
3a706320
5f706320
3b317372
6e696220
3162203a
22002233
74736574
3531203a
6763203b
5f49203a
5f646461
203b6763
203a7063
725f7063
203b3173
3a6e6962
34316220
74220022
3a747365
3b363120
3a676320
615f4920
635f6464
63203b67
63203a70
73725f70
62203b31
203a6e69
22353162
65742200
203a7473
203b3731
203a6763
64615f49
67635f64
7063203b
7063203a
3173725f
6962203b
62203a6e
00223631
73657422
31203a74
63203b38
49203a67
6464615f
3b67635f
3a706320
5f706320
3b317372
6e696220
3162203a
22002237
74736574
3931203a
6763203b
5f49203a
5f646461
203b6763
203a7063
725f7063
203b3173
3a6e6962
38316220
74220022
3a747365
3b303220
3a676320
615f4920
635f6464
63203b67
63203a70
73725f70
62203b31
203a6e69
22393162
65742200
203a7473
203b3132
203a6763
64615f49
67635f64
7063203b
7063203a
3173725f
6962203b
62203a6e
00223032
73657422
32203a74
63203b32
49203a67
6464615f
3b67635f
3a706320
5f706320
3b317372
6e696220
3262203a
22002231
74736574
3332203a
6763203b
5f49203a
5f646461
203b6763
203a7063
725f7063
203b3173
3a6e6962
32326220
74220022
3a747365
3b343220
3a676320
615f4920
635f6464
63203b67
63203a70
73725f70
62203b31
203a6e69
22333262
65742200
203a7473
203b3532
203a6763
64615f49
67635f64
7063203b
7063203a
3173725f
6962203b
62203a6e
00223432
73657422
32203a74
63203b36
49203a67
6464615f
3b67635f
3a706320
5f706320
3b317372
6e696220
3262203a
22002235
74736574
3732203a
6763203b
5f49203a
5f646461
203b6763
203a7063
725f7063
203b3173
3a6e6962
36326220
74220022
3a747365
3b383220
3a676320
615f4920
635f6464
63203b67
63203a70
73725f70
62203b31
203a6e69
22373262
65742200
203a7473
203b3932
203a6763
64615f49
67635f64
7063203b
7063203a
3173725f
6962203b
62203a6e
00223832
73657422
33203a74
63203b30
49203a67
6464615f
3b67635f
3a706320
5f706320
3b317372
6e696220
3262203a
22002239
74736574
3133203a
6763203b
5f49203a
5f646461
203b6763
203a7063
725f7063
203b3173
3a6e6962
30336220
74220022
3a747365
3b323320
3a676320
615f4920
635f6464
63203b67
63203a70
73725f70
62203b31
203a6e69
22313362
65742200
203a7473
203b3333
203a6763
64615f49
67635f64
7063203b
7063203a
3273725f
6962203b
62203a6e
22002230
74736574
3433203a
6763203b
5f49203a
5f646461
203b6763
203a7063
725f7063
203b3273
3a6e6962
22316220
65742200
203a7473
203b3533
203a6763
64615f49
67635f64
7063203b
7063203a
3273725f
6962203b
62203a6e
22002232
74736574
3633203a
6763203b
5f49203a
5f646461
203b6763
203a7063
725f7063
203b3273
3a6e6962
22336220
65742200
203a7473
203b3733
203a6763
64615f49
67635f64
7063203b
7063203a
3273725f
6962203b
62203a6e
22002234
74736574
3833203a
6763203b
5f49203a
5f646461
203b6763
203a7063
725f7063
203b3273
3a6e6962
22356220
65742200
203a7473
203b3933
203a6763
64615f49
67635f64
7063203b
7063203a
3273725f
6962203b
62203a6e
22002236
74736574
3034203a
6763203b
5f49203a
5f646461
203b6763
203a7063
725f7063
203b3273
3a6e6962
22376220
65742200
203a7473
203b3134
203a6763
64615f49
67635f64
7063203b
7063203a
3273725f
6962203b
62203a6e
22002238
74736574
3234203a
6763203b
5f49203a
5f646461
203b6763
203a7063
725f7063
203b3273
3a6e6962
22396220
65742200
203a7473
203b3334
203a6763
64615f49
67635f64
7063203b
7063203a
3273725f
6962203b
62203a6e
00223031
73657422
34203a74
63203b34
49203a67
6464615f
3b67635f
3a706320
5f706320
3b327372
6e696220
3162203a
22002231
74736574
3534203a
6763203b
5f49203a
5f646461
203b6763
203a7063
725f7063
203b3273
3a6e6962
32316220
74220022
3a747365
3b363420
3a676320
615f4920
635f6464
63203b67
63203a70
73725f70
62203b32
203a6e69
22333162
65742200
203a7473
203b3734
203a6763
64615f49
67635f64
7063203b
7063203a
3273725f
6962203b
62203a6e
00223431
73657422
34203a74
63203b38
49203a67
6464615f
3b67635f
3a706320
5f706320
3b327372
6e696220
3162203a
22002235
74736574
3934203a
6763203b
5f49203a
5f646461
203b6763
203a7063
725f7063
203b3273
3a6e6962
36316220
74220022
3a747365
3b303520
3a676320
615f4920
635f6464
63203b67
63203a70
73725f70
62203b32
203a6e69
22373162
65742200
203a7473
203b3135
203a6763
64615f49
67635f64
7063203b
7063203a
3273725f
6962203b
62203a6e
00223831
73657422
35203a74
63203b32
49203a67
6464615f
3b67635f
3a706320
5f706320
3b327372
6e696220
3162203a
22002239
74736574
3335203a
6763203b
5f49203a
5f646461
203b6763
203a7063
725f7063
203b3273
3a6e6962
30326220
74220022
3a747365
3b343520
3a676320
615f4920
635f6464
63203b67
63203a70
73725f70
62203b32
203a6e69
22313262
65742200
203a7473
203b3535
203a6763
64615f49
67635f64
7063203b
7063203a
3273725f
6962203b
62203a6e
00223232
73657422
35203a74
63203b36
49203a67
6464615f
3b67635f
3a706320
5f706320
3b327372
6e696220
3262203a
22002233
74736574
3735203a
6763203b
5f49203a
5f646461
203b6763
203a7063
725f7063
203b3273
3a6e6962
34326220
74220022
3a747365
3b383520
3a676320
615f4920
635f6464
63203b67
63203a70
73725f70
62203b32
203a6e69
22353262
65742200
203a7473
203b3935
203a6763
64615f49
67635f64
7063203b
7063203a
3273725f
6962203b
62203a6e
00223632
73657422
36203a74
63203b30
49203a67
6464615f
3b67635f
3a706320
5f706320
3b327372
6e696220
3262203a
22002237
74736574
3136203a
6763203b
5f49203a
5f646461
203b6763
203a7063
725f7063
203b3273
3a6e6962
38326220
74220022
3a747365
3b323620
3a676320
615f4920
635f6464
63203b67
63203a70
73725f70
62203b32
203a6e69
22393262
65742200
203a7473
203b3336
203a6763
64615f49
67635f64
7063203b
7063203a
3273725f
6962203b
62203a6e
00223033
73657422
36203a74
63203b34
49203a67
6464615f
3b67635f
3a706320
5f706320
3b327372
6e696220
3362203a
22002231
74736574
3536203a
6763203b
5f49203a
5f646461
203b6763
203a7063
725f7063
62203b64
203a6e69
00223062
73657422
36203a74
63203b36
49203a67
6464615f
3b67635f
3a706320
5f706320
203b6472
3a6e6962
22316220
65742200
203a7473
203b3736
203a6763
64615f49
67635f64
7063203b
7063203a
3b64725f
6e696220
3262203a
74220022
3a747365
3b383620
3a676320
615f4920
635f6464
63203b67
63203a70
64725f70
6962203b
62203a6e
22002233
74736574
3936203a
6763203b
5f49203a
5f646461
203b6763
203a7063
725f7063
62203b64
203a6e69
00223462
73657422
37203a74
63203b30
49203a67
6464615f
3b67635f
3a706320
5f706320
203b6472
3a6e6962
22356220
65742200
203a7473
203b3137
203a6763
64615f49
67635f64
7063203b
7063203a
3b64725f
6e696220
3662203a
74220022
3a747365
3b323720
3a676320
615f4920
635f6464
63203b67
63203a70
64725f70
6962203b
62203a6e
22002237
74736574
3337203a
6763203b
5f49203a
5f646461
203b6763
203a7063
725f7063
62203b64
203a6e69
00223862
73657422
37203a74
63203b34
49203a67
6464615f
3b67635f
3a706320
5f706320
203b6472
3a6e6962
22396220
65742200
203a7473
203b3537
203a6763
64615f49
67635f64
7063203b
7063203a
3b64725f
6e696220
3162203a
22002230
74736574
3637203a
6763203b
5f49203a
5f646461
203b6763
203a7063
725f7063
62203b64
203a6e69
22313162
65742200
203a7473
203b3737
203a6763
64615f49
67635f64
7063203b
7063203a
3b64725f
6e696220
3162203a
22002232
74736574
3837203a
6763203b
5f49203a
5f646461
203b6763
203a7063
725f7063
62203b64
203a6e69
22333162
65742200
203a7473
203b3937
203a6763
64615f49
67635f64
7063203b
7063203a
3b64725f
6e696220
3162203a
22002234
74736574
3038203a
6763203b
5f49203a
5f646461
203b6763
203a7063
725f7063
62203b64
203a6e69
22353162
65742200
203a7473
203b3138
203a6763
64615f49
67635f64
7063203b
7063203a
3b64725f
6e696220
3162203a
22002236
74736574
3238203a
6763203b
5f49203a
5f646461
203b6763
203a7063
725f7063
62203b64
203a6e69
22373162
65742200
203a7473
203b3338
203a6763
64615f49
67635f64
7063203b
7063203a
3b64725f
6e696220
3162203a
22002238
74736574
3438203a
6763203b
5f49203a
5f646461
203b6763
203a7063
725f7063
62203b64
203a6e69
22393162
65742200
203a7473
203b3538
203a6763
64615f49
67635f64
7063203b
7063203a
3b64725f
6e696220
3262203a
22002230
74736574
3638203a
6763203b
5f49203a
5f646461
203b6763
203a7063
725f7063
62203b64
203a6e69
22313262
65742200
203a7473
203b3738
203a6763
64615f49
67635f64
7063203b
7063203a
3b64725f
6e696220
3262203a
22002232
74736574
3838203a
6763203b
5f49203a
5f646461
203b6763
203a7063
725f7063
62203b64
203a6e69
22333262
65742200
203a7473
203b3938
203a6763
64615f49
67635f64
7063203b
7063203a
3b64725f
6e696220
3262203a
22002234
74736574
3039203a
6763203b
5f49203a
5f646461
203b6763
203a7063
725f7063
62203b64
203a6e69
22353262
65742200
203a7473
203b3139
203a6763
64615f49
67635f64
7063203b
7063203a
3b64725f
6e696220
3262203a
22002236
74736574
3239203a
6763203b
5f49203a
5f646461
203b6763
203a7063
725f7063
62203b64
203a6e69
22373262
65742200
203a7473
203b3339
203a6763
64615f49
67635f64
7063203b
7063203a
3b64725f
6e696220
3262203a
22002238
74736574
3439203a
6763203b
5f49203a
5f646461
203b6763
203a7063
725f7063
62203b64
203a6e69
22393262
65742200
203a7473
203b3539
203a6763
64615f49
67635f64
7063203b
7063203a
3b64725f
6e696220
3362203a
22002230
74736574
3639203a
6763203b
5f49203a
5f646461
203b6763
203a7063
725f7063
62203b64
203a6e69
22313362
65742200
203a7473
203b3739
203a6763
64615f49
67635f64
7063203b
7063203a
3173725f
6764655f
203b7365
3a6e6962
30783020
74220022
3a747365
3b383920
3a676320
615f4920
635f6464
63203b67
63203a70
73725f70
64655f31
3b736567
6e696220
7830203a
22002231
74736574
3939203a
6763203b
5f49203a
5f646461
203b6763
203a7063
725f7063
655f3173
73656764
6962203b
30203a6e
00223278
73657422
31203a74
203b3030
203a6763
64615f49
67635f64
7063203b
7063203a
3173725f
6764655f
203b7365
3a6e6962
38783020
30303030
22303030
65742200
203a7473
3b313031
3a676320
615f4920
635f6464
63203b67
63203a70
73725f70
64655f31
3b736567
6e696220
7830203a
30303038
31303030
74220022
3a747365
32303120
6763203b
5f49203a
5f646461
203b6763
203a7063
725f7063
655f3173
73656764
6962203b
30203a6e
66663778
66666666
22002266
74736574
3031203a
63203b33
49203a67
6464615f
3b67635f
3a706320
5f706320
5f317372
65676465
62203b73
203a6e69
66377830
66666666
00226566
73657422
31203a74
203b3430
203a6763
64615f49
67635f64
7063203b
7063203a
3173725f
6764655f
203b7365
3a6e6962
66783020
66666666
22666666
65742200
203a7473
3b353031
3a676320
615f4920
635f6464
63203b67
63203a70
73725f70
64655f31
3b736567
6e696220
7830203a
66666666
65666666
74220022
3a747365
36303120
6763203b
5f49203a
5f646461
203b6763
203a7063
725f7063
655f3173
73656764
6962203b
30203a6e
62623578
37383863
22002232
74736574
3031203a
63203b37
49203a67
6464615f
3b67635f
3a706320
5f706320
5f317372
65676465
62203b73
203a6e69
61617830
61616161
00226161
73657422
31203a74
203b3830
203a6763
64615f49
67635f64
7063203b
7063203a
3173725f
6764655f
203b7365
3a6e6962
35783020
35353535
22353535
65742200
203a7473
3b393031
3a676320
615f4920
635f6464
63203b67
63203a70
73725f70
64655f32
3b736567
6e696220
7830203a
22002230
74736574
3131203a
63203b30
49203a67
6464615f
3b67635f
3a706320
5f706320
5f327372
65676465
62203b73
203a6e69
22317830
65742200
203a7473
3b313131
3a676320
615f4920
635f6464
63203b67
63203a70
73725f70
64655f32
3b736567
6e696220
7830203a
22002232
74736574
3131203a
63203b32
49203a67
6464615f
3b67635f
3a706320
5f706320
5f327372
65676465
62203b73
203a6e69
30387830
30303030
00223030
73657422
31203a74
203b3331
203a6763
64615f49
67635f64
7063203b
7063203a
3273725f
6764655f
203b7365
3a6e6962
38783020
30303030
22313030
65742200
203a7473
3b343131
3a676320
615f4920
635f6464
63203b67
63203a70
73725f70
64655f32
3b736567
6e696220
7830203a
66666637
66666666
74220022
3a747365
35313120
6763203b
5f49203a
5f646461
203b6763
203a7063
725f7063
655f3273
73656764
6962203b
30203a6e
66663778
66666666
22002265
74736574
3131203a
63203b36
49203a67
6464615f
3b67635f
3a706320
5f706320
5f327372
65676465
62203b73
203a6e69
66667830
66666666
00226666
73657422
31203a74
203b3731
203a6763
64615f49
67635f64
7063203b
7063203a
3273725f
6764655f
203b7365
3a6e6962
66783020
66666666
22656666
65742200
203a7473
3b383131
3a676320
615f4920
635f6464
63203b67
63203a70
73725f70
64655f32
3b736567
6e696220
7830203a
63626235
32373838
74220022
3a747365
39313120
6763203b
5f49203a
5f646461
203b6763
203a7063
725f7063
655f3273
73656764
6962203b
30203a6e
61616178
61616161
22002261
74736574
3231203a
63203b30
49203a67
6464615f
3b67635f
3a706320
5f706320
5f327372
65676465
62203b73
203a6e69
35357830
35353535
00223535
73657422
31203a74
203b3132
203a6763
64615f49
67635f64
7063203b
7263203a
3173725f
3273725f
6764655f
203b7365
3a6e6962
31737220
3d6c6176
2c307830
32737220
3d6c6176
22307830
65742200
203a7473
3b323231
3a676320
615f4920
635f6464
63203b67
63203a70
73725f72
73725f31
64655f32
3b736567
6e696220
7372203a
6c617631
3078303d
7372202c
6c617632
3178303d
74220022
3a747365
33323120
6763203b
5f49203a
5f646461
203b6763
203a7063
725f7263
725f3173
655f3273
73656764
6962203b
72203a6e
61763173
78303d6c
72202c30
61763273
78303d6c
22002232
74736574
3231203a
63203b34
49203a67
6464615f
3b67635f
3a706320
5f726320
5f317372
5f327372
65676465
62203b73
203a6e69
76317372
303d6c61
202c3078
76327372
303d6c61
30303878
30303030
22002230
74736574
3231203a
63203b35
49203a67
6464615f
3b67635f
3a706320
5f726320
5f317372
5f327372
65676465
62203b73
203a6e69
76317372
303d6c61
202c3078
76327372
303d6c61
30303878
30303030
22002231
74736574
3231203a
63203b36
49203a67
6464615f
3b67635f
3a706320
5f726320
5f317372
5f327372
65676465
62203b73
203a6e69
76317372
303d6c61
202c3078
76327372
303d6c61
66663778
66666666
22002266
74736574
3231203a
63203b37
49203a67
6464615f
3b67635f
3a706320
5f726320
5f317372
5f327372
65676465
62203b73
203a6e69
76317372
303d6c61
202c3078
76327372
303d6c61
66663778
66666666
22002265
74736574
3231203a
63203b38
49203a67
6464615f
3b67635f
3a706320
5f726320
5f317372
5f327372
65676465
62203b73
203a6e69
76317372
303d6c61
202c3078
76327372
303d6c61
66666678
66666666
22002266
74736574
3231203a
63203b39
49203a67
6464615f
3b67635f
3a706320
5f726320
5f317372
5f327372
65676465
62203b73
203a6e69
76317372
303d6c61
202c3078
76327372
303d6c61
66666678
66666666
22002265
74736574
3331203a
63203b30
49203a67
6464615f
3b67635f
3a706320
5f726320
5f317372
5f327372
65676465
62203b73
203a6e69
76317372
303d6c61
202c3078
76327372
303d6c61
62623578
37383863
22002232
74736574
3331203a
63203b31
49203a67
6464615f
3b67635f
3a706320
5f726320
5f317372
5f327372
65676465
62203b73
203a6e69
76317372
303d6c61
202c3078
76327372
303d6c61
61616178
61616161
22002261
74736574
3331203a
63203b32
49203a67
6464615f
3b67635f
3a706320
5f726320
5f317372
5f327372
65676465
62203b73
203a6e69
76317372
303d6c61
202c3078
76327372
303d6c61
35353578
35353535
22002235
74736574
3331203a
63203b33
49203a67
6464615f
3b67635f
3a706320
5f726320
5f317372
5f327372
65676465
62203b73
203a6e69
76317372
303d6c61
202c3178
76327372
303d6c61
00223078
73657422
31203a74
203b3433
203a6763
64615f49
67635f64
7063203b
7263203a
3173725f
3273725f
6764655f
203b7365
3a6e6962
31737220
3d6c6176
2c317830
32737220
3d6c6176
22317830
65742200
203a7473
3b353331
3a676320
615f4920
635f6464
63203b67
63203a70
73725f72
73725f31
64655f32
3b736567
6e696220
7372203a
6c617631
3178303d
7372202c
6c617632
3278303d
74220022
3a747365
36333120
6763203b
5f49203a
5f646461
203b6763
203a7063
725f7263
725f3173
655f3273
73656764
6962203b
72203a6e
61763173
78303d6c
72202c31
61763273
78303d6c
30303038
30303030
74220022
3a747365
37333120
6763203b
5f49203a
5f646461
203b6763
203a7063
725f7263
725f3173
655f3273
73656764
6962203b
72203a6e
61763173
78303d6c
72202c31
61763273
78303d6c
30303038
31303030
74220022
3a747365
38333120
6763203b
5f49203a
5f646461
203b6763
203a7063
725f7263
725f3173
655f3273
73656764
6962203b
72203a6e
61763173
78303d6c
72202c31
61763273
78303d6c
66666637
66666666
74220022
3a747365
39333120
6763203b
5f49203a
5f646461
203b6763
203a7063
725f7263
725f3173
655f3273
73656764
6962203b
72203a6e
61763173
78303d6c
72202c31
61763273
78303d6c
66666637
65666666
74220022
3a747365
30343120
6763203b
5f49203a
5f646461
203b6763
203a7063
725f7263
725f3173
655f3273
73656764
6962203b
72203a6e
61763173
78303d6c
72202c31
61763273
78303d6c
66666666
66666666
74220022
3a747365
31343120
6763203b
5f49203a
5f646461
203b6763
203a7063
725f7263
725f3173
655f3273
73656764
6962203b
72203a6e
61763173
78303d6c
72202c31
61763273
78303d6c
66666666
65666666
74220022
3a747365
32343120
6763203b
5f49203a
5f646461
203b6763
203a7063
725f7263
725f3173
655f3273
73656764
6962203b
72203a6e
61763173
78303d6c
72202c31
61763273
78303d6c
63626235
32373838
74220022
3a747365
33343120
6763203b
5f49203a
5f646461
203b6763
203a7063
725f7263
725f3173
655f3273
73656764
6962203b
72203a6e
61763173
78303d6c
72202c31
61763273
78303d6c
61616161
61616161
74220022
3a747365
34343120
6763203b
5f49203a
5f646461
203b6763
203a7063
725f7263
725f3173
655f3273
73656764
6962203b
72203a6e
61763173
78303d6c
72202c31
61763273
78303d6c
35353535
35353535
74220022
3a747365
35343120
6763203b
5f49203a
5f646461
203b6763
203a7063
725f7263
725f3173
655f3273
73656764
6962203b
72203a6e
61763173
78303d6c
72202c32
61763273
78303d6c
22002230
74736574
3431203a
63203b36
49203a67
6464615f
3b67635f
3a706320
5f726320
5f317372
5f327372
65676465
62203b73
203a6e69
76317372
303d6c61
202c3278
76327372
303d6c61
00223178
73657422
31203a74
203b3734
203a6763
64615f49
67635f64
7063203b
7263203a
3173725f
3273725f
6764655f
203b7365
3a6e6962
31737220
3d6c6176
2c327830
32737220
3d6c6176
22327830
65742200
203a7473
3b383431
3a676320
615f4920
635f6464
63203b67
63203a70
73725f72
73725f31
64655f32
3b736567
6e696220
7372203a
6c617631
3278303d
7372202c
6c617632
3878303d
30303030
22303030
65742200
203a7473
3b393431
3a676320
615f4920
635f6464
63203b67
63203a70
73725f72
73725f31
64655f32
3b736567
6e696220
7372203a
6c617631
3278303d
7372202c
6c617632
3878303d
30303030
22313030
65742200
203a7473
3b303531
3a676320
615f4920
635f6464
63203b67
63203a70
73725f72
73725f31
64655f32
3b736567
6e696220
7372203a
6c617631
3278303d
7372202c
6c617632
3778303d
66666666
22666666
65742200
203a7473
3b313531
3a676320
615f4920
635f6464
63203b67
63203a70
73725f72
73725f31
64655f32
3b736567
6e696220
7372203a
6c617631
3278303d
7372202c
6c617632
3778303d
66666666
22656666
65742200
203a7473
3b323531
3a676320
615f4920
635f6464
63203b67
63203a70
73725f72
73725f31
64655f32
3b736567
6e696220
7372203a
6c617631
3278303d
7372202c
6c617632
6678303d
66666666
22666666
65742200
203a7473
3b333531
3a676320
615f4920
635f6464
63203b67
63203a70
73725f72
73725f31
64655f32
3b736567
6e696220
7372203a
6c617631
3278303d
7372202c
6c617632
6678303d
66666666
22656666
65742200
203a7473
3b343531
3a676320
615f4920
635f6464
63203b67
63203a70
73725f72
73725f31
64655f32
3b736567
6e696220
7372203a
6c617631
3278303d
7372202c
6c617632
3578303d
38636262
22323738
65742200
203a7473
3b353531
3a676320
615f4920
635f6464
63203b67
63203a70
73725f72
73725f31
64655f32
3b736567
6e696220
7372203a
6c617631
3278303d
7372202c
6c617632
6178303d
61616161
22616161
65742200
203a7473
3b363531
3a676320
615f4920
635f6464
63203b67
63203a70
73725f72
73725f31
64655f32
3b736567
6e696220
7372203a
6c617631
3278303d
7372202c
6c617632
3578303d
35353535
22353535
65742200
203a7473
3b373531
3a676320
615f4920
635f6464
63203b67
63203a70
73725f72
73725f31
64655f32
3b736567
6e696220
7372203a
6c617631
3878303d
30303030
2c303030
32737220
3d6c6176
22307830
65742200
203a7473
3b383531
3a676320
615f4920
635f6464
63203b67
63203a70
73725f72
73725f31
64655f32
3b736567
6e696220
7372203a
6c617631
3878303d
30303030
2c303030
32737220
3d6c6176
22317830
65742200
203a7473
3b393531
3a676320
615f4920
635f6464
63203b67
63203a70
73725f72
73725f31
64655f32
3b736567
6e696220
7372203a
6c617631
3878303d
30303030
2c303030
32737220
3d6c6176
22327830
65742200
203a7473
3b303631
3a676320
615f4920
635f6464
63203b67
63203a70
73725f72
73725f31
64655f32
3b736567
6e696220
7372203a
6c617631
3878303d
30303030
2c303030
32737220
3d6c6176
30387830
30303030
00223030
73657422
31203a74
203b3136
203a6763
64615f49
67635f64
7063203b
7263203a
3173725f
3273725f
6764655f
203b7365
3a6e6962
31737220
3d6c6176
30387830
30303030
202c3030
76327372
303d6c61
30303878
30303030
22002231
74736574
3631203a
63203b32
49203a67
6464615f
3b67635f
3a706320
5f726320
5f317372
5f327372
65676465
62203b73
203a6e69
76317372
303d6c61
30303878
30303030
72202c30
61763273
78303d6c
66666637
66666666
74220022
3a747365
33363120
6763203b
5f49203a
5f646461
203b6763
203a7063
725f7263
725f3173
655f3273
73656764
6962203b
72203a6e
61763173
78303d6c
30303038
30303030
7372202c
6c617632
3778303d
66666666
22656666
65742200
203a7473
3b343631
3a676320
615f4920
635f6464
63203b67
63203a70
73725f72
73725f31
64655f32
3b736567
6e696220
7372203a
6c617631
3878303d
30303030
2c303030
32737220
3d6c6176
66667830
66666666
00226666
73657422
31203a74
203b3536
203a6763
64615f49
67635f64
7063203b
7263203a
3173725f
3273725f
6764655f
203b7365
3a6e6962
31737220
3d6c6176
30387830
30303030
202c3030
76327372
303d6c61
66666678
66666666
22002265
74736574
3631203a
63203b36
49203a67
6464615f
3b67635f
3a706320
5f726320
5f317372
5f327372
65676465
62203b73
203a6e69
76317372
303d6c61
30303878
30303030
72202c30
61763273
78303d6c
63626235
32373838
74220022
3a747365
37363120
6763203b
5f49203a
5f646461
203b6763
203a7063
725f7263
725f3173
655f3273
73656764
6962203b
72203a6e
61763173
78303d6c
30303038
30303030
7372202c
6c617632
6178303d
61616161
22616161
65742200
203a7473
3b383631
3a676320
615f4920
635f6464
63203b67
63203a70
73725f72
73725f31
64655f32
3b736567
6e696220
7372203a
6c617631
3878303d
30303030
2c303030
32737220
3d6c6176
35357830
35353535
00223535
73657422
31203a74
203b3936
203a6763
64615f49
67635f64
7063203b
7263203a
3173725f
3273725f
6764655f
203b7365
3a6e6962
31737220
3d6c6176
30387830
30303030
202c3130
76327372
303d6c61
00223078
73657422
31203a74
203b3037
203a6763
64615f49
67635f64
7063203b
7263203a
3173725f
3273725f
6764655f
203b7365
3a6e6962
31737220
3d6c6176
30387830
30303030
202c3130
76327372
303d6c61
00223178
73657422
31203a74
203b3137
203a6763
64615f49
67635f64
7063203b
7263203a
3173725f
3273725f
6764655f
203b7365
3a6e6962
31737220
3d6c6176
30387830
30303030
202c3130
76327372
303d6c61
00223278
73657422
31203a74
203b3237
203a6763
64615f49
67635f64
7063203b
7263203a
3173725f
3273725f
6764655f
203b7365
3a6e6962
31737220
3d6c6176
30387830
30303030
202c3130
76327372
303d6c61
30303878
30303030
22002230
74736574
3731203a
63203b33
49203a67
6464615f
3b67635f
3a706320
5f726320
5f317372
5f327372
65676465
62203b73
203a6e69
76317372
303d6c61
30303878
30303030
72202c31
61763273
78303d6c
30303038
31303030
74220022
3a747365
34373120
6763203b
5f49203a
5f646461
203b6763
203a7063
725f7263
725f3173
655f3273
73656764
6962203b
72203a6e
61763173
78303d6c
30303038
31303030
7372202c
6c617632
3778303d
66666666
22666666
65742200
203a7473
3b353731
3a676320
615f4920
635f6464
63203b67
63203a70
73725f72
73725f31
64655f32
3b736567
6e696220
7372203a
6c617631
3878303d
30303030
2c313030
32737220
3d6c6176
66377830
66666666
00226566
73657422
31203a74
203b3637
203a6763
64615f49
67635f64
7063203b
7263203a
3173725f
3273725f
6764655f
203b7365
3a6e6962
31737220
3d6c6176
30387830
30303030
202c3130
76327372
303d6c61
66666678
66666666
22002266
74736574
3731203a
63203b37
49203a67
6464615f
3b67635f
3a706320
5f726320
5f317372
5f327372
65676465
62203b73
203a6e69
76317372
303d6c61
30303878
30303030
72202c31
61763273
78303d6c
66666666
65666666
74220022
3a747365
38373120
6763203b
5f49203a
5f646461
203b6763
203a7063
725f7263
725f3173
655f3273
73656764
6962203b
72203a6e
61763173
78303d6c
30303038
31303030
7372202c
6c617632
3578303d
38636262
22323738
65742200
203a7473
3b393731
3a676320
615f4920
635f6464
63203b67
63203a70
73725f72
73725f31
64655f32
3b736567
6e696220
7372203a
6c617631
3878303d
30303030
2c313030
32737220
3d6c6176
61617830
61616161
00226161
73657422
31203a74
203b3038
203a6763
64615f49
67635f64
7063203b
7263203a
3173725f
3273725f
6764655f
203b7365
3a6e6962
31737220
3d6c6176
30387830
30303030
202c3130
76327372
303d6c61
35353578
35353535
22002235
74736574
3831203a
63203b31
49203a67
6464615f
3b67635f
3a706320
5f726320
5f317372
5f327372
65676465
62203b73
203a6e69
76317372
303d6c61
66663778
66666666
72202c66
61763273
78303d6c
22002230
74736574
3831203a
63203b32
49203a67
6464615f
3b67635f
3a706320
5f726320
5f317372
5f327372
65676465
62203b73
203a6e69
76317372
303d6c61
66663778
66666666
72202c66
61763273
78303d6c
22002231
74736574
3831203a
63203b33
49203a67
6464615f
3b67635f
3a706320
5f726320
5f317372
5f327372
65676465
62203b73
203a6e69
76317372
303d6c61
66663778
66666666
72202c66
61763273
78303d6c
22002232
74736574
3831203a
63203b34
49203a67
6464615f
3b67635f
3a706320
5f726320
5f317372
5f327372
65676465
62203b73
203a6e69
76317372
303d6c61
66663778
66666666
72202c66
61763273
78303d6c
30303038
30303030
74220022
3a747365
35383120
6763203b
5f49203a
5f646461
203b6763
203a7063
725f7263
725f3173
655f3273
73656764
6962203b
72203a6e
61763173
78303d6c
66666637
66666666
7372202c
6c617632
3878303d
30303030
22313030
65742200
203a7473
3b363831
3a676320
615f4920
635f6464
63203b67
63203a70
73725f72
73725f31
64655f32
3b736567
6e696220
7372203a
6c617631
3778303d
66666666
2c666666
32737220
3d6c6176
66377830
66666666
00226666
73657422
31203a74
203b3738
203a6763
64615f49
67635f64
7063203b
7263203a
3173725f
3273725f
6764655f
203b7365
3a6e6962
31737220
3d6c6176
66377830
66666666
202c6666
76327372
303d6c61
66663778
66666666
22002265
74736574
3831203a
63203b38
49203a67
6464615f
3b67635f
3a706320
5f726320
5f317372
5f327372
65676465
62203b73
203a6e69
76317372
303d6c61
66663778
66666666
72202c66
61763273
78303d6c
66666666
66666666
74220022
3a747365
39383120
6763203b
5f49203a
5f646461
203b6763
203a7063
725f7263
725f3173
655f3273
73656764
6962203b
72203a6e
61763173
78303d6c
66666637
66666666
7372202c
6c617632
6678303d
66666666
22656666
65742200
203a7473
3b303931
3a676320
615f4920
635f6464
63203b67
63203a70
73725f72
73725f31
64655f32
3b736567
6e696220
7372203a
6c617631
3778303d
66666666
2c666666
32737220
3d6c6176
62357830
38386362
00223237
73657422
31203a74
203b3139
203a6763
64615f49
67635f64
7063203b
7263203a
3173725f
3273725f
6764655f
203b7365
3a6e6962
31737220
3d6c6176
66377830
66666666
202c6666
76327372
303d6c61
61616178
61616161
22002261
74736574
3931203a
63203b32
49203a67
6464615f
3b67635f
3a706320
5f726320
5f317372
5f327372
65676465
62203b73
203a6e69
76317372
303d6c61
66663778
66666666
72202c66
61763273
78303d6c
35353535
35353535
74220022
3a747365
33393120
6763203b
5f49203a
5f646461
203b6763
203a7063
725f7263
725f3173
655f3273
73656764
6962203b
72203a6e
61763173
78303d6c
66666637
65666666
7372202c
6c617632
3078303d
74220022
3a747365
34393120
6763203b
5f49203a
5f646461
203b6763
203a7063
725f7263
725f3173
655f3273
73656764
6962203b
72203a6e
61763173
78303d6c
66666637
65666666
7372202c
6c617632
3178303d
74220022
3a747365
35393120
6763203b
5f49203a
5f646461
203b6763
203a7063
725f7263
725f3173
655f3273
73656764
6962203b
72203a6e
61763173
78303d6c
66666637
65666666
7372202c
6c617632
3278303d
74220022
3a747365
36393120
6763203b
5f49203a
5f646461
203b6763
203a7063
725f7263
725f3173
655f3273
73656764
6962203b
72203a6e
61763173
78303d6c
66666637
65666666
7372202c
6c617632
3878303d
30303030
22303030
65742200
203a7473
3b373931
3a676320
615f4920
635f6464
63203b67
63203a70
73725f72
73725f31
64655f32
3b736567
6e696220
7372203a
6c617631
3778303d
66666666
2c656666
32737220
3d6c6176
30387830
30303030
00223130
73657422
31203a74
203b3839
203a6763
64615f49
67635f64
7063203b
7263203a
3173725f
3273725f
6764655f
203b7365
3a6e6962
31737220
3d6c6176
66377830
66666666
202c6566
76327372
303d6c61
66663778
66666666
22002266
74736574
3931203a
63203b39
49203a67
6464615f
3b67635f
3a706320
5f726320
5f317372
5f327372
65676465
62203b73
203a6e69
76317372
303d6c61
66663778
66666666
72202c65
61763273
78303d6c
66666637
65666666
74220022
3a747365
30303220
6763203b
5f49203a
5f646461
203b6763
203a7063
725f7263
725f3173
655f3273
73656764
6962203b
72203a6e
61763173
78303d6c
66666637
65666666
7372202c
6c617632
6678303d
66666666
22666666
65742200
203a7473
3b313032
3a676320
615f4920
635f6464
63203b67
63203a70
73725f72
73725f31
64655f32
3b736567
6e696220
7372203a
6c617631
3778303d
66666666
2c656666
32737220
3d6c6176
66667830
66666666
00226566
73657422
32203a74
203b3230
203a6763
64615f49
67635f64
7063203b
7263203a
3173725f
3273725f
6764655f
203b7365
3a6e6962
31737220
3d6c6176
66377830
66666666
202c6566
76327372
303d6c61
62623578
37383863
22002232
74736574
3032203a
63203b33
49203a67
6464615f
3b67635f
3a706320
5f726320
5f317372
5f327372
65676465
62203b73
203a6e69
76317372
303d6c61
66663778
66666666
72202c65
61763273
78303d6c
61616161
61616161
74220022
3a747365
34303220
6763203b
5f49203a
5f646461
203b6763
203a7063
725f7263
725f3173
655f3273
73656764
6962203b
72203a6e
61763173
78303d6c
66666637
65666666
7372202c
6c617632
3578303d
35353535
22353535
65742200
203a7473
3b353032
3a676320
615f4920
635f6464
63203b67
63203a70
73725f72
73725f31
64655f32
3b736567
6e696220
7372203a
6c617631
6678303d
66666666
2c666666
32737220
3d6c6176
22307830
65742200
203a7473
3b363032
3a676320
615f4920
635f6464
63203b67
63203a70
73725f72
73725f31
64655f32
3b736567
6e696220
7372203a
6c617631
6678303d
66666666
2c666666
32737220
3d6c6176
22317830
65742200
203a7473
3b373032
3a676320
615f4920
635f6464
63203b67
63203a70
73725f72
73725f31
64655f32
3b736567
6e696220
7372203a
6c617631
6678303d
66666666
2c666666
32737220
3d6c6176
22327830
65742200
203a7473
3b383032
3a676320
615f4920
635f6464
63203b67
63203a70
73725f72
73725f31
64655f32
3b736567
6e696220
7372203a
6c617631
6678303d
66666666
2c666666
32737220
3d6c6176
30387830
30303030
00223030
73657422
32203a74
203b3930
203a6763
64615f49
67635f64
7063203b
7263203a
3173725f
3273725f
6764655f
203b7365
3a6e6962
31737220
3d6c6176
66667830
66666666
202c6666
76327372
303d6c61
30303878
30303030
22002231
74736574
3132203a
63203b30
49203a67
6464615f
3b67635f
3a706320
5f726320
5f317372
5f327372
65676465
62203b73
203a6e69
76317372
303d6c61
66666678
66666666
72202c66
61763273
78303d6c
66666637
66666666
74220022
3a747365
31313220
6763203b
5f49203a
5f646461
203b6763
203a7063
725f7263
725f3173
655f3273
73656764
6962203b
72203a6e
61763173
78303d6c
66666666
66666666
7372202c
6c617632
3778303d
66666666
22656666
65742200
203a7473
3b323132
3a676320
615f4920
635f6464
63203b67
63203a70
73725f72
73725f31
64655f32
3b736567
6e696220
7372203a
6c617631
6678303d
66666666
2c666666
32737220
3d6c6176
66667830
66666666
00226666
73657422
32203a74
203b3331
203a6763
64615f49
67635f64
7063203b
7263203a
3173725f
3273725f
6764655f
203b7365
3a6e6962
31737220
3d6c6176
66667830
66666666
202c6666
76327372
303d6c61
66666678
66666666
22002265
74736574
3132203a
63203b34
49203a67
6464615f
3b67635f
3a706320
5f726320
5f317372
5f327372
65676465
62203b73
203a6e69
76317372
303d6c61
66666678
66666666
72202c66
61763273
78303d6c
63626235
32373838
74220022
3a747365
35313220
6763203b
5f49203a
5f646461
203b6763
203a7063
725f7263
725f3173
655f3273
73656764
6962203b
72203a6e
61763173
78303d6c
66666666
66666666
7372202c
6c617632
6178303d
61616161
22616161
65742200
203a7473
3b363132
3a676320
615f4920
635f6464
63203b67
63203a70
73725f72
73725f31
64655f32
3b736567
6e696220
7372203a
6c617631
6678303d
66666666
2c666666
32737220
3d6c6176
35357830
35353535
00223535
73657422
32203a74
203b3731
203a6763
64615f49
67635f64
7063203b
7263203a
3173725f
3273725f
6764655f
203b7365
3a6e6962
31737220
3d6c6176
66667830
66666666
202c6566
76327372
303d6c61
00223078
73657422
32203a74
203b3831
203a6763
64615f49
67635f64
7063203b
7263203a
3173725f
3273725f
6764655f
203b7365
3a6e6962
31737220
3d6c6176
66667830
66666666
202c6566
76327372
303d6c61
00223178
73657422
32203a74
203b3931
203a6763
64615f49
67635f64
7063203b
7263203a
3173725f
3273725f
6764655f
203b7365
3a6e6962
31737220
3d6c6176
66667830
66666666
202c6566
76327372
303d6c61
00223278
73657422
32203a74
203b3032
203a6763
64615f49
67635f64
7063203b
7263203a
3173725f
3273725f
6764655f
203b7365
3a6e6962
31737220
3d6c6176
66667830
66666666
202c6566
76327372
303d6c61
30303878
30303030
22002230
74736574
3232203a
63203b31
49203a67
6464615f
3b67635f
3a706320
5f726320
5f317372
5f327372
65676465
62203b73
203a6e69
76317372
303d6c61
66666678
66666666
72202c65
61763273
78303d6c
30303038
31303030
74220022
3a747365
32323220
6763203b
5f49203a
5f646461
203b6763
203a7063
725f7263
725f3173
655f3273
73656764
6962203b
72203a6e
61763173
78303d6c
66666666
65666666
7372202c
6c617632
3778303d
66666666
22666666
65742200
203a7473
3b333232
3a676320
615f4920
635f6464
63203b67
63203a70
73725f72
73725f31
64655f32
3b736567
6e696220
7372203a
6c617631
6678303d
66666666
2c656666
32737220
3d6c6176
66377830
66666666
00226566
73657422
32203a74
203b3432
203a6763
64615f49
67635f64
7063203b
7263203a
3173725f
3273725f
6764655f
203b7365
3a6e6962
31737220
3d6c6176
66667830
66666666
202c6566
76327372
303d6c61
66666678
66666666
22002266
74736574
3232203a
63203b35
49203a67
6464615f
3b67635f
3a706320
5f726320
5f317372
5f327372
65676465
62203b73
203a6e69
76317372
303d6c61
66666678
66666666
72202c65
61763273
78303d6c
66666666
65666666
74220022
3a747365
36323220
6763203b
5f49203a
5f646461
203b6763
203a7063
725f7263
725f3173
655f3273
73656764
6962203b
72203a6e
61763173
78303d6c
66666666
65666666
7372202c
6c617632
3578303d
38636262
22323738
65742200
203a7473
3b373232
3a676320
615f4920
635f6464
63203b67
63203a70
73725f72
73725f31
64655f32
3b736567
6e696220
7372203a
6c617631
6678303d
66666666
2c656666
32737220
3d6c6176
61617830
61616161
00226161
73657422
32203a74
203b3832
203a6763
64615f49
67635f64
7063203b
7263203a
3173725f
3273725f
6764655f
203b7365
3a6e6962
31737220
3d6c6176
66667830
66666666
202c6566
76327372
303d6c61
35353578
35353535
22002235
74736574
3232203a
63203b39
49203a67
6464615f
3b67635f
3a706320
5f726320
5f317372
5f327372
65676465
62203b73
203a6e69
76317372
303d6c61
62623578
37383863
72202c32
61763273
78303d6c
22002230
74736574
3332203a
63203b30
49203a67
6464615f
3b67635f
3a706320
5f726320
5f317372
5f327372
65676465
62203b73
203a6e69
76317372
303d6c61
62623578
37383863
72202c32
61763273
78303d6c
22002231
74736574
3332203a
63203b31
49203a67
6464615f
3b67635f
3a706320
5f726320
5f317372
5f327372
65676465
62203b73
203a6e69
76317372
303d6c61
62623578
37383863
72202c32
61763273
78303d6c
22002232
74736574
3332203a
63203b32
49203a67
6464615f
3b67635f
3a706320
5f726320
5f317372
5f327372
65676465
62203b73
203a6e69
76317372
303d6c61
62623578
37383863
72202c32
61763273
78303d6c
30303038
30303030
74220022
3a747365
33333220
6763203b
5f49203a
5f646461
203b6763
203a7063
725f7263
725f3173
655f3273
73656764
6962203b
72203a6e
61763173
78303d6c
63626235
32373838
7372202c
6c617632
3878303d
30303030
22313030
65742200
203a7473
3b343332
3a676320
615f4920
635f6464
63203b67
63203a70
73725f72
73725f31
64655f32
3b736567
6e696220
7372203a
6c617631
3578303d
38636262
2c323738
32737220
3d6c6176
66377830
66666666
00226666
73657422
32203a74
203b3533
203a6763
64615f49
67635f64
7063203b
7263203a
3173725f
3273725f
6764655f
203b7365
3a6e6962
31737220
3d6c6176
62357830
38386362
202c3237
76327372
303d6c61
66663778
66666666
22002265
74736574
3332203a
63203b36
49203a67
6464615f
3b67635f
3a706320
5f726320
5f317372
5f327372
65676465
62203b73
203a6e69
76317372
303d6c61
62623578
37383863
72202c32
61763273
78303d6c
66666666
66666666
74220022
3a747365
37333220
6763203b
5f49203a
5f646461
203b6763
203a7063
725f7263
725f3173
655f3273
73656764
6962203b
72203a6e
61763173
78303d6c
63626235
32373838
7372202c
6c617632
6678303d
66666666
22656666
65742200
203a7473
3b383332
3a676320
615f4920
635f6464
63203b67
63203a70
73725f72
73725f31
64655f32
3b736567
6e696220
7372203a
6c617631
3578303d
38636262
2c323738
32737220
3d6c6176
62357830
38386362
00223237
73657422
32203a74
203b3933
203a6763
64615f49
67635f64
7063203b
7263203a
3173725f
3273725f
6764655f
203b7365
3a6e6962
31737220
3d6c6176
62357830
38386362
202c3237
76327372
303d6c61
61616178
61616161
22002261
74736574
3432203a
63203b30
49203a67
6464615f
3b67635f
3a706320
5f726320
5f317372
5f327372
65676465
62203b73
203a6e69
76317372
303d6c61
62623578
37383863
72202c32
61763273
78303d6c
35353535
35353535
74220022
3a747365
31343220
6763203b
5f49203a
5f646461
203b6763
203a7063
725f7263
725f3173
655f3273
73656764
6962203b
72203a6e
61763173
78303d6c
61616161
61616161
7372202c
6c617632
3078303d
74220022
3a747365
32343220
6763203b
5f49203a
5f646461
203b6763
203a7063
725f7263
725f3173
655f3273
73656764
6962203b
72203a6e
61763173
78303d6c
61616161
61616161
7372202c
6c617632
3178303d
74220022
3a747365
33343220
6763203b
5f49203a
5f646461
203b6763
203a7063
725f7263
725f3173
655f3273
73656764
6962203b
72203a6e
61763173
78303d6c
61616161
61616161
7372202c
6c617632
3278303d
74220022
3a747365
34343220
6763203b
5f49203a
5f646461
203b6763
203a7063
725f7263
725f3173
655f3273
73656764
6962203b
72203a6e
61763173
78303d6c
61616161
61616161
7372202c
6c617632
3878303d
30303030
22303030
65742200
203a7473
3b353432
3a676320
615f4920
635f6464
63203b67
63203a70
73725f72
73725f31
64655f32
3b736567
6e696220
7372203a
6c617631
6178303d
61616161
2c616161
32737220
3d6c6176
30387830
30303030
00223130
73657422
32203a74
203b3634
203a6763
64615f49
67635f64
7063203b
7263203a
3173725f
3273725f
6764655f
203b7365
3a6e6962
31737220
3d6c6176
61617830
61616161
202c6161
76327372
303d6c61
66663778
66666666
22002266
74736574
3432203a
63203b37
49203a67
6464615f
3b67635f
3a706320
5f726320
5f317372
5f327372
65676465
62203b73
203a6e69
76317372
303d6c61
61616178
61616161
72202c61
61763273
78303d6c
66666637
65666666
74220022
3a747365
38343220
6763203b
5f49203a
5f646461
203b6763
203a7063
725f7263
725f3173
655f3273
73656764
6962203b
72203a6e
61763173
78303d6c
61616161
61616161
7372202c
6c617632
6678303d
66666666
22666666
65742200
203a7473
3b393432
3a676320
615f4920
635f6464
63203b67
63203a70
73725f72
73725f31
64655f32
3b736567
6e696220
7372203a
6c617631
6178303d
61616161
2c616161
32737220
3d6c6176
66667830
66666666
00226566
73657422
32203a74
203b3035
203a6763
64615f49
67635f64
7063203b
7263203a
3173725f
3273725f
6764655f
203b7365
3a6e6962
31737220
3d6c6176
61617830
61616161
202c6161
76327372
303d6c61
62623578
37383863
22002232
74736574
3532203a
63203b31
49203a67
6464615f
3b67635f
3a706320
5f726320
5f317372
5f327372
65676465
62203b73
203a6e69
76317372
303d6c61
61616178
61616161
72202c61
61763273
78303d6c
61616161
61616161
74220022
3a747365
32353220
6763203b
5f49203a
5f646461
203b6763
203a7063
725f7263
725f3173
655f3273
73656764
6962203b
72203a6e
61763173
78303d6c
61616161
61616161
7372202c
6c617632
3578303d
35353535
22353535
65742200
203a7473
3b333532
3a676320
615f4920
635f6464
63203b67
63203a70
73725f72
73725f31
64655f32
3b736567
6e696220
7372203a
6c617631
3578303d
35353535
2c353535
32737220
3d6c6176
22307830
65742200
203a7473
3b343532
3a676320
615f4920
635f6464
63203b67
63203a70
73725f72
73725f31
64655f32
3b736567
6e696220
7372203a
6c617631
3578303d
35353535
2c353535
32737220
3d6c6176
22317830
65742200
203a7473
3b353532
3a676320
615f4920
635f6464
63203b67
63203a70
73725f72
73725f31
64655f32
3b736567
6e696220
7372203a
6c617631
3578303d
35353535
2c353535
32737220
3d6c6176
22327830
65742200
203a7473
3b363532
3a676320
615f4920
635f6464
63203b67
63203a70
73725f72
73725f31
64655f32
3b736567
6e696220
7372203a
6c617631
3578303d
35353535
2c353535
32737220
3d6c6176
30387830
30303030
00223030
73657422
32203a74
203b3735
203a6763
64615f49
67635f64
7063203b
7263203a
3173725f
3273725f
6764655f
203b7365
3a6e6962
31737220
3d6c6176
35357830
35353535
202c3535
76327372
303d6c61
30303878
30303030
22002231
74736574
3532203a
63203b38
49203a67
6464615f
3b67635f
3a706320
5f726320
5f317372
5f327372
65676465
62203b73
203a6e69
76317372
303d6c61
35353578
35353535
72202c35
61763273
78303d6c
66666637
66666666
74220022
3a747365
39353220
6763203b
5f49203a
5f646461
203b6763
203a7063
725f7263
725f3173
655f3273
73656764
6962203b
72203a6e
61763173
78303d6c
35353535
35353535
7372202c
6c617632
3778303d
66666666
22656666
65742200
203a7473
3b303632
3a676320
615f4920
635f6464
63203b67
63203a70
73725f72
73725f31
64655f32
3b736567
6e696220
7372203a
6c617631
3578303d
35353535
2c353535
32737220
3d6c6176
66667830
66666666
00226666
73657422
32203a74
203b3136
203a6763
64615f49
67635f64
7063203b
7263203a
3173725f
3273725f
6764655f
203b7365
3a6e6962
31737220
3d6c6176
35357830
35353535
202c3535
76327372
303d6c61
66666678
66666666
22002265
74736574
3632203a
63203b32
49203a67
6464615f
3b67635f
3a706320
5f726320
5f317372
5f327372
65676465
62203b73
203a6e69
76317372
303d6c61
35353578
35353535
72202c35
61763273
78303d6c
63626235
32373838
74220022
3a747365
33363220
6763203b
5f49203a
5f646461
203b6763
203a7063
725f7263
725f3173
655f3273
73656764
6962203b
72203a6e
61763173
78303d6c
35353535
35353535
7372202c
6c617632
6178303d
61616161
22616161
65742200
203a7473
3b343632
3a676320
615f4920
635f6464
63203b67
63203a70
73725f72
73725f31
64655f32
3b736567
6e696220
7372203a
6c617631
3578303d
35353535
2c353535
32737220
3d6c6176
35357830
35353535
00223535
73657422
32203a74
203b3536
203a6763
64615f49
67635f64
7063203b
6d63203a
73725f70
73725f31
62203b32
203a6e69
00223062
73657422
32203a74
203b3636
203a6763
64615f49
67635f64
7063203b
6d63203a
73725f70
73725f31
62203b32
203a6e69
00223162
73657422
32203a74
203b3736
203a6763
64615f49
67635f64
7063203b
6d63203a
73725f70
73725f31
62203b32
203a6e69
00223262
73657422
32203a74
203b3836
203a6763
64615f49
67635f64
7063203b
6d63203a
73725f70
73725f31
62203b32
203a6e69
00223362
73657422
32203a74
203b3936
203a6763
64615f49
67635f64
7063203b
6d63203a
73725f70
73725f31
62203b32
203a6e69
00223462
73657422
32203a74
203b3037
203a6763
64615f49
67635f64
7063203b
6d63203a
73725f70
73725f31
62203b32
203a6e69
00223562
73657422
32203a74
203b3137
203a6763
64615f49
67635f64
7063203b
6d63203a
73725f70
73725f31
62203b32
203a6e69
00223662
73657422
32203a74
203b3237
203a6763
64615f49
67635f64
7063203b
6d63203a
73725f70
73725f31
62203b32
203a6e69
00223762
73657422
32203a74
203b3337
203a6763
64615f49
67635f64
7063203b
6d63203a
73725f70
73725f31
62203b32
203a6e69
00223862
73657422
32203a74
203b3437
203a6763
64615f49
67635f64
7063203b
6d63203a
73725f70
73725f31
62203b32
203a6e69
00223962
73657422
32203a74
203b3537
203a6763
64615f49
67635f64
7063203b
6d63203a
73725f70
73725f31
62203b32
203a6e69
22303162
65742200
203a7473
3b363732
3a676320
615f4920
635f6464
63203b67
63203a70
725f706d
725f3173
203b3273
3a6e6962
31316220
74220022
3a747365
37373220
6763203b
5f49203a
5f646461
203b6763
203a7063
5f706d63
5f317372
3b327372
6e696220
3162203a
22002232
74736574
3732203a
63203b38
49203a67
6464615f
3b67635f
3a706320
706d6320
3173725f
3273725f
6962203b
62203a6e
00223331
73657422
32203a74
203b3937
203a6763
64615f49
67635f64
7063203b
6d63203a
73725f70
73725f31
62203b32
203a6e69
22343162
65742200
203a7473
3b303832
3a676320
615f4920
635f6464
63203b67
63203a70
725f706d
725f3173
203b3273
3a6e6962
35316220
74220022
3a747365
31383220
6763203b
5f49203a
5f646461
203b6763
203a7063
5f706d63
5f317372
3b327372
6e696220
3162203a
22002236
74736574
3832203a
63203b32
49203a67
6464615f
3b67635f
3a706320
706d6320
3173725f
3273725f
6962203b
62203a6e
00223731
73657422
32203a74
203b3338
203a6763
64615f49
67635f64
7063203b
6d63203a
73725f70
73725f31
62203b32
203a6e69
22383162
65742200
203a7473
3b343832
3a676320
615f4920
635f6464
63203b67
63203a70
725f706d
725f3173
203b3273
3a6e6962
39316220
74220022
3a747365
35383220
6763203b
5f49203a
5f646461
203b6763
203a7063
5f706d63
5f317372
3b327372
6e696220
3262203a
22002230
74736574
3832203a
63203b36
49203a67
6464615f
3b67635f
3a706320
706d6320
3173725f
3273725f
6962203b
62203a6e
00223132
73657422
32203a74
203b3738
203a6763
64615f49
67635f64
7063203b
6d63203a
73725f70
73725f31
62203b32
203a6e69
22323262
65742200
203a7473
3b383832
3a676320
615f4920
635f6464
63203b67
63203a70
725f706d
725f3173
203b3273
3a6e6962
33326220
74220022
3a747365
39383220
6763203b
5f49203a
5f646461
203b6763
203a7063
5f706d63
5f317372
3b327372
6e696220
3262203a
22002234
74736574
3932203a
63203b30
49203a67
6464615f
3b67635f
3a706320
706d6320
3173725f
3273725f
6962203b
62203a6e
00223532
73657422
32203a74
203b3139
203a6763
64615f49
67635f64
7063203b
6d63203a
73725f70
73725f31
62203b32
203a6e69
22363262
65742200
203a7473
3b323932
3a676320
615f4920
635f6464
63203b67
63203a70
725f706d
725f3173
203b3273
3a6e6962
37326220
74220022
3a747365
33393220
6763203b
5f49203a
5f646461
203b6763
203a7063
5f706d63
5f317372
3b327372
6e696220
3262203a
22002238
74736574
3932203a
63203b34
49203a67
6464615f
3b67635f
3a706320
706d6320
3173725f
3273725f
6962203b
62203a6e
00223932
73657422
32203a74
203b3539
203a6763
64615f49
67635f64
7063203b
6d63203a
73725f70
73725f31
62203b32
203a6e69
22303362
65742200
203a7473
3b363932
3a676320
615f4920
635f6464
63203b67
63203a70
725f706d
725f3173
203b3273
3a6e6962
31336220
74220022
3a747365
37393220
6763203b
5f49203a
5f646461
203b6763
203a7063
5f706d63
725f6472
203b3173
3a6e6962
22306220
65742200
203a7473
3b383932
3a676320
615f4920
635f6464
63203b67
63203a70
725f706d
73725f64
62203b31
203a6e69
00223162
73657422
32203a74
203b3939
203a6763
64615f49
67635f64
7063203b
6d63203a
64725f70
3173725f
6962203b
62203a6e
22002232
74736574
3033203a
63203b30
49203a67
6464615f
3b67635f
3a706320
706d6320
5f64725f
3b317372
6e696220
3362203a
74220022
3a747365
31303320
6763203b
5f49203a
5f646461
203b6763
203a7063
5f706d63
725f6472
203b3173
3a6e6962
22346220
65742200
203a7473
3b323033
3a676320
615f4920
635f6464
63203b67
63203a70
725f706d
73725f64
62203b31
203a6e69
00223562
73657422
33203a74
203b3330
203a6763
64615f49
67635f64
7063203b
6d63203a
64725f70
3173725f
6962203b
62203a6e
22002236
74736574
3033203a
63203b34
49203a67
6464615f
3b67635f
3a706320
706d6320
5f64725f
3b317372
6e696220
3762203a
74220022
3a747365
35303320
6763203b
5f49203a
5f646461
203b6763
203a7063
5f706d63
725f6472
203b3173
3a6e6962
22386220
65742200
203a7473
3b363033
3a676320
615f4920
635f6464
63203b67
63203a70
725f706d
73725f64
62203b31
203a6e69
00223962
73657422
33203a74
203b3730
203a6763
64615f49
67635f64
7063203b
6d63203a
64725f70
3173725f
6962203b
62203a6e
00223031
73657422
33203a74
203b3830
203a6763
64615f49
67635f64
7063203b
6d63203a
64725f70
3173725f
6962203b
62203a6e
00223131
73657422
33203a74
203b3930
203a6763
64615f49
67635f64
7063203b
6d63203a
64725f70
3173725f
6962203b
62203a6e
00223231
73657422
33203a74
203b3031
203a6763
64615f49
67635f64
7063203b
6d63203a
64725f70
3173725f
6962203b
62203a6e
00223331
73657422
33203a74
203b3131
203a6763
64615f49
67635f64
7063203b
6d63203a
64725f70
3173725f
6962203b
62203a6e
00223431
73657422
33203a74
203b3231
203a6763
64615f49
67635f64
7063203b
6d63203a
64725f70
3173725f
6962203b
62203a6e
00223531
73657422
33203a74
203b3331
203a6763
64615f49
67635f64
7063203b
6d63203a
64725f70
3173725f
6962203b
62203a6e
00223631
73657422
33203a74
203b3431
203a6763
64615f49
67635f64
7063203b
6d63203a
64725f70
3173725f
6962203b
62203a6e
00223731
73657422
33203a74
203b3531
203a6763
64615f49
67635f64
7063203b
6d63203a
64725f70
3173725f
6962203b
62203a6e
00223831
73657422
33203a74
203b3631
203a6763
64615f49
67635f64
7063203b
6d63203a
64725f70
3173725f
6962203b
62203a6e
00223931
73657422
33203a74
203b3731
203a6763
64615f49
67635f64
7063203b
6d63203a
64725f70
3173725f
6962203b
62203a6e
00223032
73657422
33203a74
203b3831
203a6763
64615f49
67635f64
7063203b
6d63203a
64725f70
3173725f
6962203b
62203a6e
00223132
73657422
33203a74
203b3931
203a6763
64615f49
67635f64
7063203b
6d63203a
64725f70
3173725f
6962203b
62203a6e
00223232
73657422
33203a74
203b3032
203a6763
64615f49
67635f64
7063203b
6d63203a
64725f70
3173725f
6962203b
62203a6e
00223332
73657422
33203a74
203b3132
203a6763
64615f49
67635f64
7063203b
6d63203a
64725f70
3173725f
6962203b
62203a6e
00223432
73657422
33203a74
203b3232
203a6763
64615f49
67635f64
7063203b
6d63203a
64725f70
3173725f
6962203b
62203a6e
00223532
73657422
33203a74
203b3332
203a6763
64615f49
67635f64
7063203b
6d63203a
64725f70
3173725f
6962203b
62203a6e
00223632
73657422
33203a74
203b3432
203a6763
64615f49
67635f64
7063203b
6d63203a
64725f70
3173725f
6962203b
62203a6e
00223732
73657422
33203a74
203b3532
203a6763
64615f49
67635f64
7063203b
6d63203a
64725f70
3173725f
6962203b
62203a6e
00223832
73657422
33203a74
203b3632
203a6763
64615f49
67635f64
7063203b
6d63203a
64725f70
3173725f
6962203b
62203a6e
00223932
73657422
33203a74
203b3732
203a6763
64615f49
67635f64
7063203b
6d63203a
64725f70
3173725f
6962203b
62203a6e
00223033
73657422
33203a74
203b3832
203a6763
64615f49
67635f64
7063203b
6d63203a
64725f70
3173725f
6962203b
62203a6e
00223133
73657422
33203a74
203b3932
203a6763
64615f49
67635f64
7063203b
6d63203a
64725f70
3273725f
6962203b
62203a6e
22002230
74736574
3333203a
63203b30
49203a67
6464615f
3b67635f
3a706320
706d6320
5f64725f
3b327372
6e696220
3162203a
74220022
3a747365
31333320
6763203b
5f49203a
5f646461
203b6763
203a7063
5f706d63
725f6472
203b3273
3a6e6962
22326220
65742200
203a7473
3b323333
3a676320
615f4920
635f6464
63203b67
63203a70
725f706d
73725f64
62203b32
203a6e69
00223362
73657422
33203a74
203b3333
203a6763
64615f49
67635f64
7063203b
6d63203a
64725f70
3273725f
6962203b
62203a6e
22002234
74736574
3333203a
63203b34
49203a67
6464615f
3b67635f
3a706320
706d6320
5f64725f
3b327372
6e696220
3562203a
74220022
3a747365
35333320
6763203b
5f49203a
5f646461
203b6763
203a7063
5f706d63
725f6472
203b3273
3a6e6962
22366220
65742200
203a7473
3b363333
3a676320
615f4920
635f6464
63203b67
63203a70
725f706d
73725f64
62203b32
203a6e69
00223762
73657422
33203a74
203b3733
203a6763
64615f49
67635f64
7063203b
6d63203a
64725f70
3273725f
6962203b
62203a6e
22002238
74736574
3333203a
63203b38
49203a67
6464615f
3b67635f
3a706320
706d6320
5f64725f
3b327372
6e696220
3962203a
74220022
3a747365
39333320
6763203b
5f49203a
5f646461
203b6763
203a7063
5f706d63
725f6472
203b3273
3a6e6962
30316220
74220022
3a747365
30343320
6763203b
5f49203a
5f646461
203b6763
203a7063
5f706d63
725f6472
203b3273
3a6e6962
31316220
74220022
3a747365
31343320
6763203b
5f49203a
5f646461
203b6763
203a7063
5f706d63
725f6472
203b3273
3a6e6962
32316220
74220022
3a747365
32343320
6763203b
5f49203a
5f646461
203b6763
203a7063
5f706d63
725f6472
203b3273
3a6e6962
33316220
74220022
3a747365
33343320
6763203b
5f49203a
5f646461
203b6763
203a7063
5f706d63
725f6472
203b3273
3a6e6962
34316220
74220022
3a747365
34343320
6763203b
5f49203a
5f646461
203b6763
203a7063
5f706d63
725f6472
203b3273
3a6e6962
35316220
74220022
3a747365
35343320
6763203b
5f49203a
5f646461
203b6763
203a7063
5f706d63
725f6472
203b3273
3a6e6962
36316220
74220022
3a747365
36343320
6763203b
5f49203a
5f646461
203b6763
203a7063
5f706d63
725f6472
203b3273
3a6e6962
37316220
74220022
3a747365
37343320
6763203b
5f49203a
5f646461
203b6763
203a7063
5f706d63
725f6472
203b3273
3a6e6962
38316220
74220022
3a747365
38343320
6763203b
5f49203a
5f646461
203b6763
203a7063
5f706d63
725f6472
203b3273
3a6e6962
39316220
74220022
3a747365
39343320
6763203b
5f49203a
5f646461
203b6763
203a7063
5f706d63
725f6472
203b3273
3a6e6962
30326220
74220022
3a747365
30353320
6763203b
5f49203a
5f646461
203b6763
203a7063
5f706d63
725f6472
203b3273
3a6e6962
31326220
74220022
3a747365
31353320
6763203b
5f49203a
5f646461
203b6763
203a7063
5f706d63
725f6472
203b3273
3a6e6962
32326220
74220022
3a747365
32353320
6763203b
5f49203a
5f646461
203b6763
203a7063
5f706d63
725f6472
203b3273
3a6e6962
33326220
74220022
3a747365
33353320
6763203b
5f49203a
5f646461
203b6763
203a7063
5f706d63
725f6472
203b3273
3a6e6962
34326220
74220022
3a747365
34353320
6763203b
5f49203a
5f646461
203b6763
203a7063
5f706d63
725f6472
203b3273
3a6e6962
35326220
74220022
3a747365
35353320
6763203b
5f49203a
5f646461
203b6763
203a7063
5f706d63
725f6472
203b3273
3a6e6962
36326220
74220022
3a747365
36353320
6763203b
5f49203a
5f646461
203b6763
203a7063
5f706d63
725f6472
203b3273
3a6e6962
37326220
74220022
3a747365
37353320
6763203b
5f49203a
5f646461
203b6763
203a7063
5f706d63
725f6472
203b3273
3a6e6962
38326220
74220022
3a747365
38353320
6763203b
5f49203a
5f646461
203b6763
203a7063
5f706d63
725f6472
203b3273
3a6e6962
39326220
74220022
3a747365
39353320
6763203b
5f49203a
5f646461
203b6763
203a7063
5f706d63
725f6472
203b3273
3a6e6962
30336220
74220022
3a747365
30363320
6763203b
5f49203a
5f646461
203b6763
203a7063
5f706d63
725f6472
203b3273
3a6e6962
31336220
74220022
3a747365
31363320
6763203b
5f49203a
5f646461
203b6763
203a7063
5f706d63
725f6472
725f3173
203b3273
3a6e6962
22306220
65742200
203a7473
3b323633
3a676320
615f4920
635f6464
63203b67
63203a70
725f706d
73725f64
73725f31
62203b32
203a6e69
00223162
73657422
33203a74
203b3336
203a6763
64615f49
67635f64
7063203b
6d63203a
64725f70
3173725f
3273725f
6962203b
62203a6e
22002232
74736574
3633203a
63203b34
49203a67
6464615f
3b67635f
3a706320
706d6320
5f64725f
5f317372
3b327372
6e696220
3362203a
74220022
3a747365
35363320
6763203b
5f49203a
5f646461
203b6763
203a7063
5f706d63
725f6472
725f3173
203b3273
3a6e6962
22346220
65742200
203a7473
3b363633
3a676320
615f4920
635f6464
63203b67
63203a70
725f706d
73725f64
73725f31
62203b32
203a6e69
00223562
73657422
33203a74
203b3736
203a6763
64615f49
67635f64
7063203b
6d63203a
64725f70
3173725f
3273725f
6962203b
62203a6e
22002236
74736574
3633203a
63203b38
49203a67
6464615f
3b67635f
3a706320
706d6320
5f64725f
5f317372
3b327372
6e696220
3762203a
74220022
3a747365
39363320
6763203b
5f49203a
5f646461
203b6763
203a7063
5f706d63
725f6472
725f3173
203b3273
3a6e6962
22386220
65742200
203a7473
3b303733
3a676320
615f4920
635f6464
63203b67
63203a70
725f706d
73725f64
73725f31
62203b32
203a6e69
00223962
73657422
33203a74
203b3137
203a6763
64615f49
67635f64
7063203b
6d63203a
64725f70
3173725f
3273725f
6962203b
62203a6e
00223031
73657422
33203a74
203b3237
203a6763
64615f49
67635f64
7063203b
6d63203a
64725f70
3173725f
3273725f
6962203b
62203a6e
00223131
73657422
33203a74
203b3337
203a6763
64615f49
67635f64
7063203b
6d63203a
64725f70
3173725f
3273725f
6962203b
62203a6e
00223231
73657422
33203a74
203b3437
203a6763
64615f49
67635f64
7063203b
6d63203a
64725f70
3173725f
3273725f
6962203b
62203a6e
00223331
73657422
33203a74
203b3537
203a6763
64615f49
67635f64
7063203b
6d63203a
64725f70
3173725f
3273725f
6962203b
62203a6e
00223431
73657422
33203a74
203b3637
203a6763
64615f49
67635f64
7063203b
6d63203a
64725f70
3173725f
3273725f
6962203b
62203a6e
00223531
73657422
33203a74
203b3737
203a6763
64615f49
67635f64
7063203b
6d63203a
64725f70
3173725f
3273725f
6962203b
62203a6e
00223631
73657422
33203a74
203b3837
203a6763
64615f49
67635f64
7063203b
6d63203a
64725f70
3173725f
3273725f
6962203b
62203a6e
00223731
73657422
33203a74
203b3937
203a6763
64615f49
67635f64
7063203b
6d63203a
64725f70
3173725f
3273725f
6962203b
62203a6e
00223831
73657422
33203a74
203b3038
203a6763
64615f49
67635f64
7063203b
6d63203a
64725f70
3173725f
3273725f
6962203b
62203a6e
00223931
73657422
33203a74
203b3138
203a6763
64615f49
67635f64
7063203b
6d63203a
64725f70
3173725f
3273725f
6962203b
62203a6e
00223032
73657422
33203a74
203b3238
203a6763
64615f49
67635f64
7063203b
6d63203a
64725f70
3173725f
3273725f
6962203b
62203a6e
00223132
73657422
33203a74
203b3338
203a6763
64615f49
67635f64
7063203b
6d63203a
64725f70
3173725f
3273725f
6962203b
62203a6e
00223232
73657422
33203a74
203b3438
203a6763
64615f49
67635f64
7063203b
6d63203a
64725f70
3173725f
3273725f
6962203b
62203a6e
00223332
73657422
33203a74
203b3538
203a6763
64615f49
67635f64
7063203b
6d63203a
64725f70
3173725f
3273725f
6962203b
62203a6e
00223432
73657422
33203a74
203b3638
203a6763
64615f49
67635f64
7063203b
6d63203a
64725f70
3173725f
3273725f
6962203b
62203a6e
00223532
73657422
33203a74
203b3738
203a6763
64615f49
67635f64
7063203b
6d63203a
64725f70
3173725f
3273725f
6962203b
62203a6e
00223632
73657422
33203a74
203b3838
203a6763
64615f49
67635f64
7063203b
6d63203a
64725f70
3173725f
3273725f
6962203b
62203a6e
00223732
73657422
33203a74
203b3938
203a6763
64615f49
67635f64
7063203b
6d63203a
64725f70
3173725f
3273725f
6962203b
62203a6e
00223832
73657422
33203a74
203b3039
203a6763
64615f49
67635f64
7063203b
6d63203a
64725f70
3173725f
3273725f
6962203b
62203a6e
00223932
73657422
33203a74
203b3139
203a6763
64615f49
67635f64
7063203b
6d63203a
64725f70
3173725f
3273725f
6962203b
62203a6e
00223033
73657422
33203a74
203b3239
203a6763
64615f49
67635f64
7063203b
6d63203a
64725f70
3173725f
3273725f
6962203b
62203a6e
00223133
00000000
00000000
00000000
baaaaaad
baaaaaad
baaaaaad
baaaaaad
baaaaaad
baaaaaad
baaaaaad
baaaaaad
baaaaaad
baaaaaad
baaaaaad
baaaaaad
baaaaaad
baaaaaad
baaaaaad
baaaaaad
baaaaaad
baaaaaad
baaaaaad
baaaaaad
baaaaaad
baaaaaad
baaaaaad
baaaaaad
baaaaaad
baaaaaad
baaaaaad
baaaaaad
baaaaaad
baaaaaad
baaaaaad
baaaaaad
baaaaaad
baaaaaad
baaaaaad
baaaaaad
baaaaaad
baaaaaad
baaaaaad
baaaaaad
baaaaaad
baaaaaad
baaaaaad
baaaaaad
baaaaaad
baaaaaad
baaaaaad
baaaaaad
baaaaaad
baaaaaad
baaaaaad
baaaaaad
baaaaaad
baaaaaad
baaaaaad
baaaaaad
baaaaaad
baaaaaad
baaaaaad
baaaaaad
baaaaaad
baaaaaad
baaaaaad
baaaaaad
feedf00d
baaaaaad
baaaaaad
baaaaaad
baaaaaad
baaaaaad
baaaaaad
baaaaaad
baaaaaad
baaaaaad
00000000
00000000
00000000
00000000
00000000
00000000
00000000
00000000
00000000
00000000
00000000
00000000
00000000
00000000
00000000
00000000
00000000
00000000
00000000
00000000
00000000
00000000
00000000
00000000
00000000
00000000
00000000
00000000
00000000
00000000
00000000
00000000
00000000
00000000
000134e0
00013500
0001351a
0001352f
0001353b
00013554
00013567
00013585
0001359d
000135bb
000135d9
000135f8
00013616
0001362e
0001363f
0001364e
00013664
00013671
00013680
00013690
000136a0
000136be
000136d5
000136ea
00013706
0001371e
0001373d
00013764
00013780
00013798
000137b4
000137d8
000137f1
00013809
00013828
0001384f
0001386b
00013890
000138ac
000138c5
74736e49
74637572
206e6f69
72646461
20737365
6173696d
6e67696c
000a6465
74736e49
74637572
206e6f69
65636361
66207373
746c7561
6c49000a
6167656c
6e69206c
75727473
6f697463
42000a6e
6b616572
6e696f70
4c000a74
2064616f
72646461
20737365
6173696d
6e67696c
000a6465
64616f4c
63636120
20737365
6c756166
53000a74
65726f74
4f4d412f
64646120
73736572
73696d20
67696c61
0a64656e
6f745300
412f6572
61204f4d
73656363
61662073
0a746c75
766e4500
6e6f7269
746e656d
6c616320
7266206c
55206d6f
646f6d2d
45000a65
7269766e
656d6e6f
6320746e
206c6c61
6d6f7266
6d2d5320
0a65646f
766e4500
6e6f7269
746e656d
6c616320
7266206c
56206d6f
6f6d2d53
000a6564
69766e45
6d6e6f72
20746e65
6c6c6163
6f726620
2d4d206d
65646f6d
6e49000a
75727473
6f697463
6170206e
66206567
746c7561
6f4c000a
70206461
20656761
6c756166
52000a74
72657365
20646576
29343128
7453000a
2f65726f
204f4d41
65676170
75616620
000a746c
62756f44
7420656c
0a706172
73655200
65767265
31282064
000a2937
74666f53
65726177
65686320
000a6b63
64726148
65726177
72726520
000a726f
74736e49
74637572
206e6f69
73657567
61702d74
66206567
746c7561
6f4c000a
67206461
74736575
6761702d
61662065
0a746c75
72695600
6c617574
736e6920
63757274
6e6f6974
7453000a
2f65726f
204f4d41
73657567
61702d74
66206567
746c7561
6552000a
76726573
69206465
7265746e
74707572
29302820
7553000a
76726570
726f7369
666f7320
72617774
6e692065
72726574
0a747075
72695600
6c617574
70757320
69767265
20726f73
74666f73
65726177
746e6920
75727265
000a7470
6863614d
20656e69
74666f73
65726177
746e6920
75727265
000a7470
65736552
64657672
746e6920
75727265
28207470
000a2934
65707553
73697672
7420726f
72656d69
746e6920
75727265
000a7470
74726956
206c6175
65707573
73697672
7420726f
72656d69
746e6920
75727265
000a7470
6863614d
20656e69
656d6974
6e692072
72726574
0a747075
73655200
65767265
6e692064
72726574
20747075
0a293828
70755300
69767265
20726f73
65747865
6c616e72
746e6920
75727265
000a7470
74726956
206c6175
65707573
73697672
6520726f
72657478
206c616e
65746e69
70757272
4d000a74
69686361
6520656e
72657478
206c616e
65746e69
70757272
53000a74
72657075
6f736976
75672072
20747365
65747865
6c616e72
746e6920
75727265
000a7470
6e756f43
20726574
7265766f
776f6c66
746e6920
75727265
000a7470
65736552
64657672
746e6920
75727265
28207470
0a293431
73655200
65767265
6e692064
72726574
20747075
29353128
6e55000a
776f6e6b
75632f6e
6d6f7473
75616320
000a6573
4356520a
55532d50
52414d4d
54203a59
20545345
53534150
2d204445
73655420
69462074
2220656c
64612d49
30302d64
0a22532e
520a000a
2d504356
4d4d5553
3a595241
53455420
41462054
44454c49
54202d20
20747365
656c6946
2d492220
2d646461
532e3030
56520a22
203a5043
55424544
4e492047
4d524f46
4f495441
4f46204e
574f4c4c
22000a53
20656854
70617274
6e616820
72656c64
6f626120
64657472
65687420
73657420
65622074
65726f66
726f6e20
206c616d
706d6f63
6974656c
22216e6f
43565200
54203a50
20747365
6f666e49
0a00203a
43565200
49203a50
7274736e
69746375
203a6e6f
43565200
41203a50
6f727070
616d6978
61206574
65726464
28207373
6c696166
20657275
2079616d
73206562
6867696c
20796c74
65746661
68742072
3a297369
56520020
203a5043
72646441
20737365
6920666f
7274736e
69746375
74206e6f
20746168
70617274
20646570
50455828
203a2943
43565200
49203a50
7274736e
69746375
74206e6f
20746168
70617274
3a646570
56520020
203a5043
4350454d
2020203a
56520020
203a5043
5541434d
203a4553
56520020
203a5043
4156544d
20203a4c
56520020
203a5043
4154534d
3a535554
4d220020
616d7369
20686374
74206e69
20706172
6e676973
72757461
6f702065
65746e69
666f2072
74657366
68542021
65742065
6c207473
6c656b69
626f2079
76726573
61206465
6e69206e
72726f63
20746365
626d756e
6f207265
72742066
2e737061
4d220022
616d7369
20686374
74206e69
20706172
6e676973
72757461
54202165
20706172
20736177
6e696562
61682067
656c646e
6e692064
4d2d4d20
2e65646f
4d220022
616d7369
20686374
74206e69
20706172
6e676973
72757461
54202165
20706172
20736177
6e696562
61682067
656c646e
6e692064
4d2d5320
2e65646f
4d220022
616d7369
20686374
74206e69
20706172
6e676973
72757461
54202165
20706172
20736177
6e696562
61682067
656c646e
6e692064
2d534820
65646f4d
2200222e
6d73694d
68637461
206e6920
70617274
67697320
7574616e
20216572
70617254
73617720
69656220
6820676e
6c646e61
69206465
5356206e
646f4d2d
00222e65
73694d22
6374616d
6e692068
61636d20
20657375
756c6176
54202165
20706172
20736177
6e696562
61682067
656c646e
6e692064
4d2d4d20
2e65646f
4d220022
616d7369
20686374
73206e69
73756163
61762065
2165756c
61725420
61772070
65622073
20676e69
646e6168
2064656c
53206e69
646f4d2d
00222e65
73694d22
6374616d
6e692068
61637320
20657375
756c6176
54202165
20706172
20736177
6e696562
61682067
656c646e
6e692064
2d534820
65646f4d
2200222e
6d73694d
68637461
206e6920
61637376
20657375
756c6176
54202165
20706172
20736177
6e696562
61682067
656c646e
6e692064
2d535620
65646f4d
2200222e
6d73694d
68637461
206e6920
6370656d
6c617620
20216575
70617254
73617720
69656220
6820676e
6c646e61
69206465
2d4d206e
65646f4d
2200222e
6d73694d
68637461
206e6920
63706573
6c617620
20216575
70617254
73617720
69656220
6820676e
6c646e61
69206465
2d53206e
65646f4d
2200222e
6d73694d
68637461
206e6920
63706573
6c617620
20216575
70617254
73617720
69656220
6820676e
6c646e61
69206465
5348206e
646f4d2d
00222e65
73694d22
6374616d
6e692068
65737620
76206370
65756c61
72542021
77207061
62207361
676e6965
6e616820
64656c64
206e6920
4d2d5356
2e65646f
4d220022
616d7369
20686374
6d206e69
6c617674
6c617620
20216575
70617254
73617720
69656220
6820676e
6c646e61
69206465
2d4d206e
65646f4d
2200222e
6d73694d
68637461
206e6920
61767473
6176206c
2165756c
61725420
61772070
65622073
20676e69
646e6168
2064656c
53206e69
646f4d2d
00222e65
73694d22
6374616d
6e692068
76747320
76206c61
65756c61
72542021
77207061
62207361
676e6965
6e616820
64656c64
206e6920
4d2d5348
2e65646f
4d220022
616d7369
20686374
76206e69
61767473
6176206c
2165756c
61725420
61772070
65622073
20676e69
646e6168
2064656c
56206e69
6f4d2d53
222e6564
694d2200
74616d73
69206863
746d206e
326c6176
6c617620
20216575
70617254
73617720
69656220
6820676e
6c646e61
69206465
2d4d206e
65646f4d
2200222e
6d73694d
68637461
206e6920
6e69746d
76207473
65756c61
72542021
77207061
62207361
676e6965
6e616820
64656c64
206e6920
6f4d2d4d
222e6564
694d2200
74616d73
69206863
696d206e
61762070
2165756c
61725420
61772070
65622073
20676e69
646e6168
2064656c
4d206e69
646f4d2d
00222e65
73694d22
6374616d
6e692068
70697320
6c617620
20216575
70617254
73617720
69656220
6820676e
6c646e61
69206465
2d53206e
65646f4d
2200222e
6d73694d
68637461
206e6920
20706968
756c6176
54202165
20706172
20736177
6e696562
61682067
656c646e
6e692064
2d534820
65646f4d
2200222e
6d73694d
68637461
206e6920
70697376
6c617620
20216575
70617254
73617720
69656220
6820676e
6c646e61
69206465
5356206e
646f4d2d
00222e65
73694d22
6374616d
6e692068
63616d20
656e6968
74786520
616e7265
6e69206c
72726574
20747075
20214449
70617254
73617720
69656220
6820676e
6c646e61
69206465
2d4d206e
65646f4d
2200222e
6d73694d
68637461
206e6920
65707573
73697672
6520726f
72657478
206c616e
65746e69
70757272
44492074
72542021
77207061
62207361
676e6965
6e616820
64656c64
206e6920
6f4d2d4d
222e6564
694d2200
74616d73
69206863
6976206e
61757472
7573206c
76726570
726f7369
74786520
616e7265
6e69206c
72726574
20747075
20214449
70617254
73617720
69656220
6820676e
6c646e61
69206465
2d4d206e
65646f4d
2200222e
6d73694d
68637461
206e6920
6863616d
20656e69
65747865
6c616e72
746e6920
75727265
49207470
54202144
20706172
20736177
6e696562
61682067
656c646e
6e692064
4d2d5320
2e65646f
4d220022
616d7369
20686374
73206e69
72657075
6f736976
78652072
6e726574
69206c61
7265746e
74707572
21444920
61725420
61772070
65622073
20676e69
646e6168
2064656c
53206e69
646f4d2d
00222e65
73694d22
6374616d
6e692068
72697620
6c617574
70757320
69767265
20726f73
65747865
6c616e72
746e6920
75727265
49207470
54202144
20706172
20736177
6e696562
61682067
656c646e
6e692064
4d2d5320
2e65646f
4d220022
616d7369
20686374
6d206e69
69686361
6520656e
72657478
206c616e
65746e69
70757272
44492074
72542021
77207061
62207361
676e6965
6e616820
64656c64
206e6920
4d2d5348
2e65646f
4d220022
616d7369
20686374
73206e69
72657075
6f736976
78652072
6e726574
69206c61
7265746e
74707572
21444920
61725420
61772070
65622073
20676e69
646e6168
2064656c
48206e69
6f4d2d53
222e6564
694d2200
74616d73
69206863
6976206e
61757472
7573206c
76726570
726f7369
74786520
616e7265
6e69206c
72726574
20747075
20214449
70617254
73617720
69656220
6820676e
6c646e61
69206465
5348206e
646f4d2d
00222e65
73694d22
6374616d
6e692068
63616d20
656e6968
74786520
616e7265
6e69206c
72726574
20747075
20214449
70617254
73617720
69656220
6820676e
6c646e61
69206465
5356206e
646f4d2d
00222e65
73694d22
6374616d
6e692068
70757320
69767265
20726f73
65747865
6c616e72
746e6920
75727265
49207470
54202144
20706172
20736177
6e696562
61682067
656c646e
6e692064
2d535620
65646f4d
2200222e
6d73694d
68637461
206e6920
74726976
206c6175
65707573
73697672
6520726f
72657478
206c616e
65746e69
70757272
44492074
72542021
77207061
62207361
676e6965
6e616820
64656c64
206e6920
4d2d5356
2e65646f
56520022
203a5043
69676552
72657473
5200203a
3a504356
64614220
6c615620
203a6575
20202020
56520020
203a5043
65707845
64657463
6c615620
203a6575
43565200
45203a50
4f20444e
45442046
20475542
4f464e49
54414d52
0a4e4f49
6666000a
7367616c
6554000a
61637473
73206573
616e6769
65727574
6e616320
20797261
6d73696d
68637461
56520021
203a5043
3d3d3d3d
5254203d
46205041
554c4941
44204552
4e474149
4954534f
3d205343
3d3d3d3d
5652000a
203a5043
6c696146
3a657275
56520020
203a5043
50415254
554f4320
4d20544e
414d5349
20484354
5544202d
65672054
6172656e
20646574
69642061
72656666
20746e65
626d756e
6f207265
72742066
20737061
6e616874
65687420
66657220
6e657265
6d206563
6c65646f
52000a2e
3a504356
70784520
65746365
72742064
73207061
616e6769
65727574
66666f20
3a746573
56520020
203a5043
75746341
74206c61
20706172
6e676973
72757461
666f2065
74657366
2020203a
43565200
44203a50
4e474149
5349534f
5544203a
65672054
6172656e
20646574
45524f4d
61727420
74207370
206e6168
65707865
64657463
52000a2e
3a504356
41494420
534f4e47
203a5349
20545544
656e6567
65746172
45462064
20524557
70617274
68742073
65206e61
63657078
20646574
73696d28
676e6973
61727420
2e297370
5652000a
203a5043
66666944
6e657265
69206563
7274206e
73207061
616e6769
65727574
74796220
203a7365
43565200
48203a50
3a544e49
74784520
74206172
73706172
79616d20
646e6920
74616369
73203a65
69727570
2073756f
65746e69
70757272
202c7374
6f636e69
63657272
78652074
74706563
0a6e6f69
50435652
2020203a
20202020
656c6564
69746167
202c6e6f
6e6f7277
72702067
6c697669
20656765
65646f6d
20746120
74736e69
74637572
206e6f69
63657865
6f697475
6f202c6e
6e612072
4356520a
20203a50
20202020
736e6920
63757274
6e6f6974
75616320
676e6973
66206120
746c7561
61687420
68732074
646c756f
746f6e20
75616620
6f20746c
6874206e
44207369
0a2e5455
43565200
48203a50
3a544e49
73694d20
676e6973
61727420
6d207370
69207961
6369646e
3a657461
63786520
69747065
6e206e6f
7220746f
65736961
68772064
65206e65
63657078
2c646574
4356520a
20203a50
20202020
636e6920
6572726f
43207463
73205253
65746174
65727020
746e6576
20676e69
70617274
2e652820
78202e67
64204549
62617369
2964656c
7274202c
520a7061
3a504356
20202020
64202020
67656c65
6f697461
6163206e
6e697375
61682067
656c646e
6e692072
6f727720
6d20676e
2c65646f
20726f20
2f504d50
65676170
75616620
6d20746c
65737369
000a2e64
50435652
7254203a
68207061
6c646e61
6d207265
3a65646f
2d4d0020
65646f6d
2d53000a
65646f6d
5348000a
646f6d2d
56000a65
6f6d2d53
000a6564
6e6b6e55
0a6e776f
43565200
4d203a50
616d7369
69686374
6620676e
646c6569
5600203a
6f746365
6f4d2b72
532b6564
75746174
6f772073
28206472
70617274
67697320
7574616e
77206572
2064726f
000a2930
55414358
28204553
70617274
67697320
7574616e
77206572
2064726f
000a2931
43504558
72742820
73207061
616e6769
65727574
726f7720
29322064
5458000a
204c4156
61727428
69732070
74616e67
20657275
64726f77
0a293320
50495800
72742820
73207061
616e6769
65727574
726f7720
2c322064
746e6920
75727265
0a297470
56544d00
20324c41
61727428
69732070
74616e67
20657275
64726f77
202c3420
65707968
73697672
0a29726f
49544d00
2054534e
61727428
69732070
74616e67
20657275
64726f77
202c3520
65707968
73697672
0a29726f
74784500
616e7265
6e49206c
72726574
20747075
28204449
70617274
67697320
7574616e
77206572
2064726f
000a2933
6e6b6e55
206e776f
6c656966
52000a64
3a504356
70784520
65746365
61762064
3a65756c
56520020
203a5043
75746341
76206c61
65756c61
2020203a
43565200
45203a50
63657078
20646574
73756163
00203a65
50435652
6341203a
6c617574
75616320
203a6573
52002020
3a504356
72754320
746e6572
50454d20
20203a43
56520020
203a5043
65726e55
6e676f63
64657a69
61727420
61662070
72756c69
6f632065
7865746e
50202e74
746e6972
20676e69
69617661
6c62616c
53432065
74732052
3a657461
5652000a
203a5043
544e4948
6556203a
726f7463
646f4d2b
6f772065
6d206472
616d7369
20686374
2079616d
69646e69
65746163
7274203a
68207061
6c646e61
69206465
7277206e
0a676e6f
50435652
2020203a
20202020
76697270
67656c69
6f6d2065
28206564
63656863
656d206b
656c6564
696d2f67
656c6564
202c2967
6f636e69
63657272
736d2074
75746174
69662073
73646c65
4356520a
20203a50
20202020
504d2820
50532f50
504d2f50
202c2956
7720726f
676e6f72
63657620
65726f74
6e692064
72726574
20747075
72746e65
000a2e79
50435652
4948203a
203a544e
55414358
6d204553
616d7369
20686374
6e61656d
20612073
66666964
6e657265
78652074
74706563
206e6f69
6920726f
7265746e
74707572
70797420
61772065
56520a73
203a5043
20202020
626f2020
76726573
202e6465
63656843
69203a6b
7274736e
69746375
65206e6f
646f636e
20676e69
72726f63
6e746365
2c737365
52534320
63636120
69737365
696c6962
520a7974
3a504356
20202020
61202020
75632074
6e657272
72702074
6c697669
2c656765
504d5020
6761702f
61742065
20656c62
666e6f63
72756769
6f697461
65202c6e
6e657478
6e6f6973
70757320
74726f70
52000a2e
3a504356
4e494820
58203a54
20435045
6d73696d
68637461
61656d20
7420736e
74206568
20706172
7563636f
64657272
20746120
69642061
72656666
20746e65
74736e69
74637572
2e6e6f69
4356520a
20203a50
20202020
69685420
6f632073
20646c75
69646e69
65746163
6964203a
72656666
20746e65
65646f63
79616c20
2074756f
6e696c28
2072656b
75737369
202c2965
74736e69
74637572
0a6e6f69
50435652
2020203a
20202020
67696c61
6e656d6e
69642074
72656666
65636e65
726f202c
70206120
65636572
676e6964
736e6920
63757274
6e6f6974
75616320
676e6973
206e6120
78656e75
74636570
74206465
2e706172
5652000a
203a5043
544e4948
5458203a
204c4156
6d73696d
68637461
6f46202e
6c692072
6167656c
6e69206c
75727473
6f697463
202c736e
61767478
6873206c
646c756f
6e6f6320
6e696174
65687420
4356520a
20203a50
20202020
736e6920
63757274
6e6f6974
636e6520
6e69646f
6f282067
29302072
6f46202e
64612072
73657264
61662073
73746c75
7469202c
6f687320
20646c75
746e6f63
206e6961
0a656874
50435652
2020203a
20202020
6c756166
676e6974
64646120
73736572
6843202e
206b6365
27545544
74782073
206c6176
6f706572
6e697472
65622067
69766168
0a2e726f
43565200
48203a50
3a544e49
50495820
73696d20
6374616d
656d2068
20736e61
65746e69
70757272
65702074
6e69646e
69622067
64207374
65666669
43202e72
6b636568
6e69203a
72726574
0a747075
50435652
2020203a
20202020
746e6f63
6c6c6f72
63207265
69666e6f
61727567
6e6f6974
5652202c
45444f4d
6e69204c
72726574
20747075
2f746573
61656c63
616d2072
736f7263
6974202c
0a72656d
50435652
2020203a
20202020
666e6f63
72756769
6f697461
6d28206e
656d6974
69746d2f
6d63656d
202c2970
20646e61
656c6564
69746167
73206e6f
69747465
2e73676e
0000000a
6f5ca309
3d120729
18e6f1c8
7cdbbb1a
c70e0523
da57f40f
83a3a84b
00000000
e7adccf8
ec777e2d
69d18c6e
8fb4bc1a
1783525a
b3794413
37fd47fe
d83eede4
9cd2d133
402bfd48
a7bec2d5
622c423a
55fd2648
851cd3d0
4ecd5830
ec81b864
9e0dd004
d5b4a05d
268bcd28
beb3a728
c6e3d967
ffd5f538
27de3f8b
a343306d
a7f93b3d
3eaae683
81bf6425
4a44a0c5
260e29ab
b6eb3081
00000000
5661324e
f09a2545
6784fedf
5ff369e8
44da5622
4e6ffec2
2f005198
99ccd2a2
7c2a86b9
79683d99
78f1d01f
e357d922
abbdec0f
0f3efdf3
498f9382
ce73f833
bbe273da
9b5b279b
67a20ba0
976f2f95
aefe472b
56b9954e
48ceb8fb
77927535
e0aaeeaf
0223e0f7
00000000
95403ac9
2aafd63b
b7f51759
41cfa0a9
621482b7
8b3e99bf
44d8055f
7aee24d2
c1670320
eb37b448
cb97444e
5c43e875
18fdab72
95431019
56539c94
261cfc42
30c5d011
b7d70ac9
e7667775
20c1919d
92e08c2d
129ec22c
f2ebcaff
b43f584b
11506e22
621f0555
c996279f
2d8a6d9f
43b88006
c1eb9707
e22a6bef
c03744aa
e2f82791
73426dd0
23b9ae23
57f43370
94718a3c
8fb1f15f
0c446dc2
fa02b494
4a4ed8a7
2c57e03a
67b0e95c
f98291ee
92be3f2c
30a1dae6
f30a6ae4
9e214dd5
34de2b94
eb0265a3
50ece1cb
4bb5f25a
3413bb00
b00191cc
55e7c65c
00000000
00000001
00000002
80000000
80000001
7fffffff
7ffffffe
ffffffff
fffffffe
5bbc8872
aaaaaaaa
55555555
00000001
00000002
00000003
80000001
80000002
80000000
7fffffff
00000000
ffffffff
5bbc8873
aaaaaaab
55555556
00000002
00000003
00000004
80000002
80000003
80000001
80000000
00000001
00000000
5bbc8874
aaaaaaac
55555557
80000000
80000001
80000002
00000000
00000001
ffffffff
fffffffe
7fffffff
7ffffffe
dbbc8872
2aaaaaaa
d5555555
80000001
80000002
80000003
00000001
00000002
00000000
ffffffff
80000000
7fffffff
dbbc8873
2aaaaaab
d5555556
7fffffff
80000000
80000001
ffffffff
00000000
fffffffe
fffffffd
7ffffffe
7ffffffd
dbbc8871
2aaaaaa9
d5555554
7ffffffe
7fffffff
80000000
fffffffe
ffffffff
fffffffd
fffffffc
7ffffffd
7ffffffc
dbbc8870
2aaaaaa8
d5555553
ffffffff
00000000
00000001
7fffffff
80000000
7ffffffe
7ffffffd
fffffffe
fffffffd
5bbc8871
aaaaaaa9
55555554
fffffffe
ffffffff
00000000
7ffffffe
7fffffff
7ffffffd
7ffffffc
fffffffd
fffffffc
5bbc8870
aaaaaaa8
55555553
5bbc8872
5bbc8873
5bbc8874
dbbc8872
dbbc8873
dbbc8871
dbbc8870
5bbc8871
5bbc8870
b77910e4
0667331c
b111ddc7
aaaaaaaa
aaaaaaab
aaaaaaac
2aaaaaaa
2aaaaaab
2aaaaaa9
2aaaaaa8
aaaaaaa9
aaaaaaa8
0667331c
55555554
ffffffff
55555555
55555556
55555557
d5555555
d5555556
d5555554
d5555553
55555554
55555553
b111ddc7
ffffffff
aaaaaaaa
00000000
13b4a284
5765fe2c
ff71cee0
5cedca28
e4fb01f8
bff9b27e
3e5bf9f2
06ca3c16
9a9265ea
87934bc4
04d2b912
3d667926
ef0e7850
e182538a
95f9f0ac
b7c7a012
e7a96ecc
d2aef2f4
75c9adb4
f962f97a
4ece6224
7d57f07a
03611d94
1986bc80
9faff6ea
091d2cfe
a92a8b2c
2c8779f4
0f42ac44
cf9425cc
6d20ac40
00000000
4195b11f
79487c2d
3e1817a7
a7d19f53
51099310
68669bda
94b8f92c
e9bc812b
6e65728f
e4f0f20b
aabc0588
126026ef
2d7cc1cb
a745e3f8
f039d522
11ed2b5c
a0d28aeb
5e742ac2
85227e65
369fbabe
086b5e53
c3b52291
9a9f2442
d96b07f4
2296836c
bff27f16
d5df76d0
81d1047c
c36b271d
9a3a8b2d
c6f99ed4
00000000
6b8e1784
2895270c
36756ded
b9de4d1a
bb003949
af0dac94
10a726cc
b364ffc4
a99d46a2
831cd1fd
d5fc49a1
75cf26a4
14df8fc6
9d049f98
4c8517fd
970d05b3
6b2ddd1a
0399dd96
a71114a0
7450d70e
ecb60ca6
f7ea69bd
e71fb187
bf41fdfb
7d23c16d
072cba99
fb192059
c1d870de
6fb6b1e1
0c7259d3
1e23a361
00000000
613e597c
52203f5e
bc8c6536
3f260b24
b9e09cdc
5eb91e58
d5085e90
4b36e430
99636eba
5004c37e
0b4283c2
34d4ebd2
e1715c56
189e6c00
6a53551a
4d5b733a
1147da00
3d949628
a87352fe
db652028
2416dc74
90e62d62
7b814ed8
8e338f4a
92ec3490
9ca9d330
0973cd28
b0a1d15a
4f6f0ed6
be3ba4e0
7489a3a6
00000000
deadbeef
deadbeef
deadbeef
deadbeef
deadbeef
deadbeef
deadbeef
deadbeef
deadbeef
d3a91f6c
deadbeef
deadbeef
deadbeef
deadbeef
deadbeef
deadbeef
deadbeef
deadbeef
deadbeef
deadbeef
deadbeef
deadbeef
deadbeef
deadbeef
deadbeef
deadbeef
deadbeef
deadbeef
deadbeef
deadbeef
deadbeef
deadbeef
deadbeef
deadbeef
deadbeef
deadbeef
deadbeef
deadbeef
deadbeef
deadbeef
deadbeef
deadbeef
deadbeef
deadbeef
deadbeef
deadbeef
deadbeef
deadbeef
deadbeef
deadbeef
deadbeef
deadbeef
deadbeef
deadbeef
deadbeef
deadbeef
deadbeef
deadbeef
deadbeef
deadbeef
deadbeef
deadbeef
deadbeef
deadbeef
deadbeef
deadbeef
deadbeef
deadbeef
deadbeef
deadbeef
deadbeef
deadbeef
deadbeef
deadbeef
deadbeef
deadbeef
deadbeef
deadbeef
deadbeef
deadbeef
deadbeef
deadbeef
deadbeef
deadbeef
deadbeef
deadbeef
deadbeef
deadbeef
deadbeef
deadbeef
deadbeef
deadbeef
deadbeef
deadbeef
deadbeef
deadbeef
deadbeef
deadbeef
deadbeef
deadbeef
deadbeef
deadbeef
deadbeef
deadbeef
deadbeef
deadbeef
deadbeef
deadbeef
deadbeef
deadbeef
deadbeef
deadbeef
deadbeef
deadbeef
deadbeef
deadbeef
deadbeef
deadbeef
deadbeef
deadbeef
deadbeef
deadbeef
deadbeef
deadbeef
deadbeef
deadbeef
deadbeef
deadbeef
deadbeef
deadbeef
deadbeef
deadbeef
deadbeef
deadbeef
deadbeef
deadbeef
deadbeef
deadbeef
deadbeef
deadbeef
deadbeef
deadbeef
deadbeef
deadbeef
deadbeef
deadbeef
deadbeef
deadbeef
deadbeef
deadbeef
deadbeef
deadbeef
deadbeef
deadbeef
deadbeef
deadbeef
deadbeef
deadbeef
deadbeef
deadbeef
deadbeef
deadbeef
deadbeef
deadbeef
deadbeef
deadbeef
deadbeef
deadbeef
deadbeef
deadbeef
deadbeef
deadbeef
deadbeef
deadbeef
deadbeef
deadbeef
deadbeef
deadbeef
deadbeef
deadbeef
deadbeef
deadbeef
deadbeef
deadbeef
deadbeef
deadbeef
deadbeef
deadbeef
deadbeef
deadbeef
deadbeef
deadbeef
deadbeef
deadbeef
deadbeef
deadbeef
deadbeef
deadbeef
deadbeef
deadbeef
deadbeef
deadbeef
deadbeef
deadbeef
deadbeef
deadbeef
deadbeef
deadbeef
deadbeef
deadbeef
deadbeef
deadbeef
deadbeef
deadbeef
deadbeef
deadbeef
deadbeef
deadbeef
deadbeef
deadbeef
deadbeef
deadbeef
deadbeef
deadbeef
deadbeef
deadbeef
deadbeef
deadbeef
deadbeef
deadbeef
deadbeef
deadbeef
deadbeef
deadbeef
deadbeef
deadbeef
deadbeef
deadbeef
deadbeef
deadbeef
deadbeef
deadbeef
deadbeef
deadbeef
deadbeef
deadbeef
deadbeef
deadbeef
deadbeef
deadbeef
deadbeef
deadbeef
deadbeef
deadbeef
deadbeef
deadbeef
deadbeef
deadbeef
deadbeef
deadbeef
deadbeef
deadbeef
deadbeef
deadbeef
deadbeef
deadbeef
deadbeef
deadbeef
deadbeef
deadbeef
deadbeef
deadbeef
deadbeef
deadbeef
deadbeef
deadbeef
deadbeef
deadbeef
deadbeef
deadbeef
deadbeef
deadbeef
deadbeef
deadbeef
deadbeef
deadbeef
deadbeef
deadbeef
deadbeef
deadbeef
deadbeef
deadbeef
deadbeef
deadbeef
deadbeef
deadbeef
deadbeef
deadbeef
deadbeef
deadbeef
deadbeef
deadbeef
deadbeef
deadbeef
deadbeef
deadbeef
deadbeef
deadbeef
deadbeef
deadbeef
deadbeef
deadbeef
deadbeef
deadbeef
deadbeef
deadbeef
deadbeef
deadbeef
deadbeef
deadbeef
deadbeef
deadbeef
deadbeef
deadbeef
deadbeef
deadbeef
deadbeef
deadbeef
deadbeef
deadbeef
deadbeef
deadbeef
deadbeef
deadbeef
deadbeef
deadbeef
deadbeef
deadbeef
deadbeef
deadbeef
deadbeef
deadbeef
deadbeef
deadbeef
deadbeef
deadbeef
deadbeef
deadbeef
deadbeef
deadbeef
deadbeef
deadbeef
deadbeef
deadbeef
deadbeef
deadbeef
deadbeef
deadbeef
deadbeef
deadbeef
deadbeef
deadbeef
deadbeef
deadbeef
deadbeef
deadbeef
deadbeef
deadbeef
deadbeef
deadbeef
deadbeef
deadbeef
deadbeef
deadbeef
deadbeef
deadbeef
deadbeef
deadbeef
deadbeef
deadbeef
deadbeef
deadbeef
deadbeef
deadbeef
deadbeef
deadbeef
deadbeef
deadbeef
deadbeef
deadbeef
deadbeef
deadbeef
deadbeef
deadbeef
deadbeef
deadbeef
deadbeef
deadbeef
deadbeef
deadbeef
deadbeef
deadbeef
deadbeef
deadbeef
deadbeef
deadbeef
deadbeef
deadbeef
deadbeef
deadbeef
deadbeef
deadbeef
deadbeef
deadbeef
deadbeef
deadbeef
deadbeef
deadbeef
deadbeef
deadbeef
deadbeef
deadbeef
deadbeef
deadbeef
deadbeef
deadbeef
deadbeef
deadbeef
deadbeef
deadbeef
deadbeef
deadbeef
deadbeef
deadbeef
deadbeef
deadbeef
deadbeef
deadbeef
deadbeef
deadbeef
deadbeef
deadbeef
deadbeef
deadbeef
deadbeef
deadbeef
deadbeef
deadbeef
deadbeef
deadbeef
deadbeef
deadbeef
deadbeef
deadbeef
deadbeef
deadbeef
deadbeef
deadbeef
deadbeef
deadbeef
deadbeef
deadbeef
deadbeef
deadbeef
deadbeef
deadbeef
deadbeef
deadbeef
deadbeef
deadbeef
deadbeef
deadbeef
deadbeef
deadbeef
deadbeef
deadbeef
deadbeef
deadbeef
deadbeef
deadbeef
deadbeef
deadbeef
deadbeef
deadbeef
deadbeef
deadbeef
deadbeef
deadbeef
deadbeef
deadbeef
deadbeef
deadbeef
deadbeef
deadbeef
deadbeef
deadbeef
deadbeef
deadbeef
deadbeef
deadbeef
deadbeef
deadbeef
deadbeef
deadbeef
deadbeef
deadbeef
deadbeef
deadbeef
deadbeef
deadbeef
deadbeef
deadbeef
deadbeef
deadbeef
deadbeef
deadbeef
deadbeef
deadbeef
deadbeef
deadbeef
deadbeef
deadbeef
deadbeef
deadbeef
deadbeef
deadbeef
deadbeef
deadbeef
deadbeef
deadbeef
deadbeef
deadbeef
deadbeef
deadbeef
deadbeef
deadbeef
deadbeef
deadbeef
deadbeef
deadbeef
deadbeef
deadbeef
deadbeef
deadbeef
deadbeef
deadbeef
deadbeef
deadbeef
deadbeef
deadbeef
deadbeef
deadbeef
deadbeef
deadbeef
deadbeef
deadbeef
deadbeef
deadbeef
deadbeef
deadbeef
deadbeef
deadbeef
deadbeef
deadbeef
deadbeef
deadbeef
deadbeef
deadbeef
deadbeef
deadbeef
deadbeef
deadbeef
deadbeef
deadbeef
deadbeef
deadbeef
deadbeef
deadbeef
deadbeef
deadbeef
deadbeef
deadbeef
deadbeef
deadbeef
deadbeef
deadbeef
deadbeef
deadbeef
deadbeef
deadbeef
deadbeef
deadbeef
deadbeef
deadbeef
deadbeef
deadbeef
deadbeef
deadbeef
deadbeef
deadbeef
deadbeef
deadbeef
deadbeef
deadbeef
deadbeef
deadbeef
deadbeef
deadbeef
deadbeef
deadbeef
deadbeef
deadbeef
deadbeef
deadbeef
deadbeef
deadbeef
deadbeef
deadbeef
deadbeef
deadbeef
deadbeef
deadbeef
deadbeef
deadbeef
deadbeef
deadbeef
deadbeef
deadbeef
deadbeef
deadbeef
deadbeef
deadbeef
deadbeef
deadbeef
deadbeef
deadbeef
deadbeef
deadbeef
deadbeef
deadbeef
deadbeef
deadbeef
deadbeef
deadbeef
deadbeef
deadbeef
deadbeef
deadbeef
deadbeef
deadbeef
deadbeef
deadbeef
deadbeef
deadbeef
deadbeef
deadbeef
deadbeef
deadbeef
deadbeef
deadbeef
deadbeef
deadbeef
deadbeef
deadbeef
deadbeef
deadbeef
deadbeef
deadbeef
deadbeef
deadbeef
deadbeef
deadbeef
deadbeef
deadbeef
deadbeef
deadbeef
deadbeef
deadbeef
deadbeef
deadbeef
deadbeef
deadbeef
deadbeef
deadbeef
deadbeef
deadbeef
deadbeef
deadbeef
deadbeef
deadbeef
deadbeef
deadbeef
deadbeef
deadbeef
deadbeef
deadbeef
deadbeef
deadbeef
deadbeef
deadbeef
deadbeef
deadbeef
deadbeef
deadbeef
deadbeef
deadbeef
deadbeef
deadbeef
deadbeef
deadbeef
deadbeef
deadbeef
deadbeef
deadbeef
deadbeef
deadbeef
deadbeef
deadbeef
deadbeef
deadbeef
deadbeef
deadbeef
deadbeef
deadbeef
deadbeef
deadbeef
deadbeef
deadbeef
deadbeef
deadbeef
deadbeef
deadbeef
deadbeef
deadbeef
deadbeef
deadbeef
deadbeef
deadbeef
deadbeef
deadbeef
deadbeef
deadbeef
deadbeef
deadbeef
deadbeef
deadbeef
deadbeef
deadbeef
deadbeef
deadbeef
deadbeef
deadbeef
deadbeef
deadbeef
deadbeef
deadbeef
deadbeef
deadbeef
deadbeef
deadbeef
deadbeef
deadbeef
deadbeef
deadbeef
deadbeef
deadbeef
deadbeef
deadbeef
deadbeef
deadbeef
deadbeef
deadbeef
deadbeef
deadbeef
deadbeef
deadbeef
deadbeef
deadbeef
deadbeef
deadbeef
deadbeef
deadbeef
deadbeef
deadbeef
deadbeef
deadbeef
deadbeef
deadbeef
deadbeef
deadbeef
deadbeef
deadbeef
deadbeef
deadbeef
deadbeef
deadbeef
deadbeef
deadbeef
deadbeef
deadbeef
deadbeef
deadbeef
deadbeef
deadbeef
deadbeef
deadbeef
deadbeef
deadbeef
deadbeef
deadbeef
deadbeef
deadbeef
deadbeef
deadbeef
deadbeef
deadbeef
deadbeef
deadbeef
deadbeef
deadbeef
deadbeef
deadbeef
deadbeef
deadbeef
deadbeef
deadbeef
deadbeef
deadbeef
deadbeef
deadbeef
deadbeef
deadbeef
deadbeef
deadbeef
deadbeef
deadbeef
deadbeef
deadbeef
deadbeef
deadbeef
deadbeef
deadbeef
deadbeef
deadbeef
deadbeef
deadbeef
deadbeef
deadbeef
deadbeef
deadbeef
deadbeef
deadbeef
deadbeef
deadbeef
deadbeef
deadbeef
deadbeef
deadbeef
deadbeef
deadbeef
deadbeef
deadbeef
deadbeef
deadbeef
deadbeef
deadbeef
deadbeef
deadbeef
deadbeef
deadbeef
deadbeef
deadbeef
deadbeef
deadbeef
deadbeef
deadbeef
deadbeef
deadbeef
deadbeef
deadbeef
deadbeef
deadbeef
deadbeef
deadbeef
deadbeef
deadbeef
deadbeef
deadbeef
deadbeef
deadbeef
deadbeef
deadbeef
deadbeef
deadbeef
deadbeef
deadbeef
deadbeef
deadbeef
deadbeef
deadbeef
deadbeef
deadbeef
deadbeef
deadbeef
deadbeef
deadbeef
deadbeef
deadbeef
deadbeef
deadbeef
deadbeef
deadbeef
deadbeef
deadbeef
deadbeef
deadbeef
deadbeef
deadbeef
deadbeef
deadbeef
deadbeef
deadbeef
deadbeef
deadbeef
deadbeef
deadbeef
deadbeef
deadbeef
deadbeef
deadbeef
deadbeef
deadbeef
deadbeef
deadbeef
deadbeef
deadbeef
deadbeef
deadbeef
deadbeef
deadbeef
deadbeef
deadbeef
deadbeef
deadbeef
deadbeef
deadbeef
deadbeef
deadbeef
deadbeef
deadbeef
deadbeef
deadbeef
deadbeef
deadbeef
deadbeef
deadbeef
deadbeef
deadbeef
deadbeef
deadbeef
deadbeef
deadbeef
deadbeef
deadbeef
deadbeef
deadbeef
deadbeef
deadbeef
deadbeef
deadbeef
deadbeef
deadbeef
deadbeef
deadbeef
deadbeef
deadbeef
deadbeef
deadbeef
deadbeef
deadbeef
deadbeef
deadbeef
deadbeef
deadbeef
deadbeef
deadbeef
deadbeef
deadbeef
deadbeef
deadbeef
deadbeef
deadbeef
deadbeef
deadbeef
deadbeef
deadbeef
deadbeef
deadbeef
deadbeef
deadbeef
deadbeef
deadbeef
deadbeef
deadbeef
deadbeef
deadbeef
deadbeef
deadbeef
deadbeef
deadbeef
deadbeef
deadbeef
deadbeef
deadbeef
deadbeef
deadbeef
deadbeef
deadbeef
deadbeef
deadbeef
deadbeef
deadbeef
deadbeef
deadbeef
deadbeef
deadbeef
deadbeef
deadbeef
deadbeef
deadbeef
deadbeef
deadbeef
deadbeef
deadbeef
deadbeef
deadbeef
deadbeef
deadbeef
deadbeef
deadbeef
deadbeef
deadbeef
deadbeef
deadbeef
deadbeef
deadbeef
deadbeef
deadbeef
deadbeef
deadbeef
deadbeef
deadbeef
deadbeef
deadbeef
deadbeef
deadbeef
deadbeef
deadbeef
deadbeef
deadbeef
deadbeef
deadbeef
deadbeef
deadbeef
deadbeef
deadbeef
deadbeef
deadbeef
deadbeef
deadbeef
deadbeef
deadbeef
deadbeef
deadbeef
deadbeef
deadbeef
deadbeef
deadbeef
deadbeef
deadbeef
deadbeef
deadbeef
deadbeef
deadbeef
deadbeef
deadbeef
deadbeef
deadbeef
deadbeef
deadbeef
deadbeef
deadbeef
deadbeef
deadbeef
deadbeef
deadbeef
deadbeef
deadbeef
deadbeef
deadbeef
deadbeef
deadbeef
deadbeef
deadbeef
deadbeef
deadbeef
deadbeef
deadbeef
deadbeef
deadbeef
deadbeef
deadbeef
deadbeef
deadbeef
deadbeef
deadbeef
deadbeef
deadbeef
deadbeef
deadbeef
deadbeef
deadbeef
deadbeef
deadbeef
deadbeef
deadbeef
deadbeef
deadbeef
deadbeef
deadbeef
deadbeef
deadbeef
deadbeef
deadbeef
deadbeef
deadbeef
deadbeef
deadbeef
deadbeef
deadbeef
deadbeef
deadbeef
deadbeef
deadbeef
deadbeef
deadbeef
deadbeef
deadbeef
deadbeef
deadbeef
deadbeef
deadbeef
deadbeef
deadbeef
deadbeef
deadbeef
deadbeef
deadbeef
deadbeef
deadbeef
deadbeef
deadbeef
deadbeef
deadbeef
deadbeef
deadbeef
deadbeef
deadbeef
deadbeef
deadbeef
deadbeef
deadbeef
deadbeef
deadbeef
deadbeef
deadbeef
deadbeef
deadbeef
deadbeef
deadbeef
deadbeef
deadbeef
deadbeef
deadbeef
deadbeef
deadbeef
deadbeef
deadbeef
deadbeef
deadbeef
deadbeef
deadbeef
deadbeef
deadbeef
deadbeef
deadbeef
deadbeef
deadbeef
deadbeef
deadbeef
deadbeef
deadbeef
deadbeef
deadbeef
deadbeef
deadbeef
deadbeef
deadbeef
deadbeef
deadbeef
deadbeef
deadbeef
deadbeef
deadbeef
deadbeef
deadbeef
deadbeef
deadbeef
deadbeef
deadbeef
deadbeef
deadbeef
deadbeef
deadbeef
deadbeef
deadbeef
deadbeef
deadbeef
deadbeef
deadbeef
deadbeef
deadbeef
deadbeef
deadbeef
deadbeef
deadbeef
deadbeef
deadbeef
deadbeef
deadbeef
deadbeef
deadbeef
deadbeef
deadbeef
deadbeef
deadbeef
deadbeef
deadbeef
deadbeef
deadbeef
deadbeef
deadbeef
deadbeef
deadbeef
deadbeef
deadbeef
deadbeef
deadbeef
deadbeef
deadbeef
deadbeef
deadbeef
deadbeef
deadbeef
deadbeef
deadbeef
deadbeef
deadbeef
deadbeef
deadbeef
deadbeef
deadbeef
deadbeef
deadbeef
deadbeef
deadbeef
deadbeef
deadbeef
deadbeef
deadbeef
deadbeef
deadbeef
deadbeef
deadbeef
deadbeef
deadbeef
deadbeef
deadbeef
deadbeef
deadbeef
deadbeef
deadbeef
deadbeef
deadbeef
deadbeef
deadbeef
deadbeef
deadbeef
deadbeef
deadbeef
deadbeef
deadbeef
deadbeef
deadbeef
deadbeef
deadbeef
deadbeef
deadbeef
deadbeef
deadbeef
deadbeef
deadbeef
deadbeef
deadbeef
deadbeef
deadbeef
deadbeef
deadbeef
deadbeef
deadbeef
deadbeef
deadbeef
deadbeef
deadbeef
deadbeef
deadbeef
deadbeef
deadbeef
deadbeef
deadbeef
deadbeef
deadbeef
deadbeef
deadbeef
deadbeef
deadbeef
deadbeef
deadbeef
deadbeef
deadbeef
deadbeef
deadbeef
deadbeef
deadbeef
deadbeef
deadbeef
deadbeef
deadbeef
deadbeef
deadbeef
deadbeef
deadbeef
deadbeef
deadbeef
deadbeef
deadbeef
deadbeef
deadbeef
deadbeef
deadbeef
deadbeef
deadbeef
deadbeef
deadbeef
deadbeef
deadbeef
deadbeef
deadbeef
deadbeef
deadbeef
deadbeef
deadbeef
deadbeef
deadbeef
deadbeef
deadbeef
deadbeef
deadbeef
deadbeef
deadbeef
deadbeef
deadbeef
deadbeef
deadbeef
deadbeef
deadbeef
deadbeef
deadbeef
deadbeef
deadbeef
deadbeef
deadbeef
deadbeef
deadbeef
deadbeef
deadbeef
deadbeef
deadbeef
deadbeef
deadbeef
deadbeef
deadbeef
deadbeef
deadbeef
deadbeef
deadbeef
deadbeef
deadbeef
deadbeef
deadbeef
deadbeef
deadbeef
deadbeef
deadbeef
deadbeef
deadbeef
deadbeef
deadbeef
deadbeef
deadbeef
deadbeef
deadbeef
deadbeef
deadbeef
deadbeef
deadbeef
deadbeef
deadbeef
deadbeef
deadbeef
deadbeef
deadbeef
deadbeef
deadbeef
deadbeef
deadbeef
deadbeef
deadbeef
deadbeef
deadbeef
deadbeef
deadbeef
deadbeef
deadbeef
deadbeef
deadbeef
deadbeef
deadbeef
deadbeef
deadbeef
deadbeef
deadbeef
deadbeef
deadbeef
deadbeef
deadbeef
deadbeef
deadbeef
deadbeef
deadbeef
deadbeef
deadbeef
deadbeef
deadbeef
deadbeef
deadbeef
deadbeef
deadbeef
deadbeef
deadbeef
deadbeef
deadbeef
deadbeef
deadbeef
deadbeef
deadbeef
deadbeef
deadbeef
deadbeef
deadbeef
deadbeef
deadbeef
deadbeef
deadbeef
deadbeef
deadbeef
deadbeef
deadbeef
deadbeef
deadbeef
deadbeef
deadbeef
deadbeef
deadbeef
deadbeef
deadbeef
deadbeef
deadbeef
deadbeef
deadbeef
deadbeef
deadbeef
deadbeef
deadbeef
deadbeef
deadbeef
deadbeef
deadbeef
deadbeef
deadbeef
deadbeef
deadbeef
deadbeef
deadbeef
deadbeef
deadbeef
deadbeef
deadbeef
deadbeef
deadbeef
deadbeef
deadbeef
deadbeef
deadbeef
deadbeef
deadbeef
deadbeef
deadbeef
deadbeef
deadbeef
deadbeef
deadbeef
deadbeef
deadbeef
deadbeef
deadbeef
deadbeef
deadbeef
deadbeef
deadbeef
deadbeef
deadbeef
deadbeef
deadbeef
deadbeef
deadbeef
deadbeef
deadbeef
deadbeef
deadbeef
deadbeef
deadbeef
deadbeef
deadbeef
deadbeef
deadbeef
deadbeef
deadbeef
deadbeef
deadbeef
deadbeef
deadbeef
deadbeef
deadbeef
deadbeef
deadbeef
deadbeef
deadbeef
deadbeef
deadbeef
deadbeef
deadbeef
deadbeef
deadbeef
deadbeef
deadbeef
deadbeef
deadbeef
deadbeef
deadbeef
deadbeef
deadbeef
deadbeef
deadbeef
deadbeef
deadbeef
deadbeef
deadbeef
deadbeef
deadbeef
deadbeef
deadbeef
deadbeef
deadbeef
deadbeef
deadbeef
deadbeef
deadbeef
deadbeef
deadbeef
deadbeef
deadbeef
deadbeef
deadbeef
deadbeef
deadbeef
deadbeef
deadbeef
deadbeef
deadbeef
deadbeef
deadbeef
deadbeef
deadbeef
deadbeef
deadbeef
deadbeef
deadbeef
deadbeef
deadbeef
deadbeef
deadbeef
deadbeef
deadbeef
deadbeef
deadbeef
deadbeef
deadbeef
deadbeef
deadbeef
deadbeef
deadbeef
deadbeef
deadbeef
deadbeef
deadbeef
deadbeef
deadbeef
deadbeef
deadbeef
deadbeef
deadbeef
deadbeef
deadbeef
deadbeef
deadbeef
deadbeef
deadbeef
deadbeef
deadbeef
deadbeef
deadbeef
deadbeef
deadbeef
deadbeef
deadbeef
deadbeef
deadbeef
deadbeef
deadbeef
deadbeef
deadbeef
deadbeef
deadbeef
deadbeef
deadbeef
deadbeef
deadbeef
deadbeef
deadbeef
deadbeef
deadbeef
deadbeef
deadbeef
deadbeef
deadbeef
deadbeef
deadbeef
deadbeef
deadbeef
deadbeef
deadbeef
deadbeef
deadbeef
deadbeef
deadbeef
deadbeef
deadbeef
deadbeef
deadbeef
deadbeef
deadbeef
deadbeef
deadbeef
deadbeef
deadbeef
deadbeef
deadbeef
deadbeef
deadbeef
deadbeef
deadbeef
deadbeef
deadbeef
deadbeef
deadbeef
deadbeef
deadbeef
deadbeef
deadbeef
deadbeef
deadbeef
deadbeef
deadbeef
deadbeef
deadbeef
deadbeef
deadbeef
deadbeef
deadbeef
deadbeef
deadbeef
deadbeef
deadbeef
deadbeef
deadbeef
deadbeef
deadbeef
deadbeef
deadbeef
deadbeef
deadbeef
deadbeef
deadbeef
deadbeef
deadbeef
deadbeef
deadbeef
deadbeef
deadbeef
deadbeef
deadbeef
deadbeef
deadbeef
deadbeef
deadbeef
deadbeef
deadbeef
deadbeef
deadbeef
deadbeef
deadbeef
deadbeef
deadbeef
deadbeef
deadbeef
deadbeef
deadbeef
deadbeef
deadbeef
deadbeef
deadbeef
deadbeef
deadbeef
deadbeef
deadbeef
deadbeef
deadbeef
deadbeef
deadbeef
deadbeef
deadbeef
deadbeef
deadbeef
deadbeef
deadbeef
deadbeef
deadbeef
deadbeef
deadbeef
deadbeef
deadbeef
deadbeef
deadbeef
deadbeef
deadbeef
deadbeef
deadbeef
deadbeef
deadbeef
deadbeef
deadbeef
deadbeef
deadbeef
deadbeef
deadbeef
deadbeef
deadbeef
deadbeef
deadbeef
deadbeef
deadbeef
deadbeef
deadbeef
deadbeef
deadbeef
deadbeef
deadbeef
deadbeef
deadbeef
deadbeef
deadbeef
deadbeef
deadbeef
deadbeef
deadbeef
deadbeef
deadbeef
deadbeef
deadbeef
deadbeef
deadbeef
deadbeef
deadbeef
deadbeef
deadbeef
deadbeef
deadbeef
deadbeef
deadbeef
deadbeef
deadbeef
deadbeef
deadbeef
deadbeef
deadbeef
deadbeef
deadbeef
deadbeef
deadbeef
deadbeef
deadbeef
deadbeef
deadbeef
deadbeef
deadbeef
deadbeef
deadbeef
deadbeef
deadbeef
deadbeef
deadbeef
deadbeef
deadbeef
deadbeef
deadbeef
deadbeef
deadbeef
deadbeef
deadbeef
deadbeef
deadbeef
deadbeef
deadbeef
deadbeef
deadbeef
deadbeef
deadbeef
deadbeef
deadbeef
deadbeef
deadbeef
deadbeef
deadbeef
deadbeef
deadbeef
deadbeef
deadbeef
deadbeef
deadbeef
deadbeef
deadbeef
deadbeef
deadbeef
deadbeef
deadbeef
deadbeef
deadbeef
deadbeef
deadbeef
deadbeef
deadbeef
deadbeef
deadbeef
deadbeef
deadbeef
deadbeef
deadbeef
deadbeef
deadbeef
deadbeef
deadbeef
deadbeef
deadbeef
deadbeef
deadbeef
deadbeef
deadbeef
deadbeef
deadbeef
deadbeef
deadbeef
deadbeef
deadbeef
deadbeef
deadbeef
deadbeef
deadbeef
deadbeef
deadbeef
deadbeef
deadbeef
deadbeef
deadbeef
deadbeef
deadbeef
deadbeef
deadbeef
deadbeef
deadbeef
deadbeef
deadbeef
deadbeef
deadbeef
deadbeef
deadbeef
deadbeef
deadbeef
deadbeef
deadbeef
deadbeef
deadbeef
deadbeef
deadbeef
deadbeef
deadbeef
deadbeef
deadbeef
deadbeef
deadbeef
deadbeef
deadbeef
deadbeef
deadbeef
deadbeef
deadbeef
deadbeef
deadbeef
deadbeef
deadbeef
deadbeef
deadbeef
deadbeef
deadbeef
deadbeef
deadbeef
deadbeef
deadbeef
deadbeef
deadbeef
deadbeef
deadbeef
deadbeef
deadbeef
deadbeef
deadbeef
deadbeef
deadbeef
deadbeef
deadbeef
deadbeef
deadbeef
deadbeef
deadbeef
deadbeef
deadbeef
deadbeef
deadbeef
deadbeef
deadbeef
deadbeef
deadbeef
deadbeef
deadbeef
deadbeef
deadbeef
deadbeef
deadbeef
deadbeef
deadbeef
deadbeef
deadbeef
deadbeef
deadbeef
deadbeef
deadbeef
deadbeef
deadbeef
deadbeef
deadbeef
deadbeef
deadbeef
deadbeef
deadbeef
deadbeef
deadbeef
deadbeef
deadbeef
deadbeef
deadbeef
deadbeef
deadbeef
deadbeef
deadbeef
deadbeef
deadbeef
deadbeef
deadbeef
deadbeef
deadbeef
deadbeef
deadbeef
deadbeef
deadbeef
deadbeef
deadbeef
deadbeef
deadbeef
deadbeef
deadbeef
deadbeef
deadbeef
deadbeef
deadbeef
deadbeef
deadbeef
deadbeef
deadbeef
deadbeef
deadbeef
deadbeef
deadbeef
deadbeef
deadbeef
deadbeef
deadbeef
deadbeef
deadbeef
deadbeef
deadbeef
deadbeef
deadbeef
deadbeef
deadbeef
deadbeef
deadbeef
deadbeef
deadbeef
deadbeef
deadbeef
deadbeef
deadbeef
deadbeef
deadbeef
deadbeef
deadbeef
deadbeef
deadbeef
deadbeef
deadbeef
deadbeef
deadbeef
deadbeef
deadbeef
deadbeef
deadbeef
deadbeef
deadbeef
deadbeef
deadbeef
deadbeef
deadbeef
deadbeef
deadbeef
deadbeef
deadbeef
deadbeef
deadbeef
deadbeef
deadbeef
deadbeef
deadbeef
deadbeef
deadbeef
deadbeef
deadbeef
deadbeef
deadbeef
deadbeef
deadbeef
deadbeef
deadbeef
deadbeef
deadbeef
deadbeef
deadbeef
deadbeef
deadbeef
deadbeef
deadbeef
deadbeef
deadbeef
deadbeef
deadbeef
deadbeef
deadbeef
deadbeef
deadbeef
deadbeef
deadbeef
deadbeef
deadbeef
deadbeef
deadbeef
deadbeef
deadbeef
deadbeef
deadbeef
deadbeef
deadbeef
deadbeef
deadbeef
deadbeef
deadbeef
deadbeef
deadbeef
deadbeef
deadbeef
deadbeef
deadbeef
deadbeef
deadbeef
deadbeef
deadbeef
deadbeef
deadbeef
deadbeef
deadbeef
deadbeef
deadbeef
deadbeef
deadbeef
deadbeef
deadbeef
deadbeef
deadbeef
deadbeef
deadbeef
deadbeef
deadbeef
deadbeef
deadbeef
deadbeef
deadbeef
deadbeef
deadbeef
deadbeef
deadbeef
deadbeef
deadbeef
deadbeef
deadbeef
deadbeef
deadbeef
deadbeef
deadbeef
deadbeef
deadbeef
deadbeef
deadbeef
deadbeef
deadbeef
deadbeef
deadbeef
deadbeef
deadbeef
deadbeef
deadbeef
deadbeef
deadbeef
deadbeef
deadbeef
deadbeef
deadbeef
deadbeef
deadbeef
deadbeef
deadbeef
deadbeef
deadbeef
deadbeef
deadbeef
deadbeef
deadbeef
deadbeef
deadbeef
deadbeef
deadbeef
deadbeef
deadbeef
deadbeef
deadbeef
deadbeef
deadbeef
deadbeef
deadbeef
deadbeef
deadbeef
deadbeef
deadbeef
deadbeef
deadbeef
deadbeef
deadbeef
deadbeef
deadbeef
deadbeef
deadbeef
deadbeef
deadbeef
deadbeef
deadbeef
deadbeef
deadbeef
deadbeef
deadbeef
deadbeef
deadbeef
deadbeef
deadbeef
deadbeef
deadbeef
deadbeef
deadbeef
deadbeef
deadbeef
deadbeef
deadbeef
deadbeef
deadbeef
deadbeef
deadbeef
deadbeef
deadbeef
deadbeef
deadbeef
deadbeef
deadbeef
deadbeef
deadbeef
deadbeef
deadbeef
deadbeef
deadbeef
deadbeef
deadbeef
deadbeef
deadbeef
deadbeef
deadbeef
deadbeef
deadbeef
deadbeef
deadbeef
deadbeef
deadbeef
deadbeef
deadbeef
deadbeef
deadbeef
deadbeef
deadbeef
deadbeef
deadbeef
deadbeef
deadbeef
deadbeef
deadbeef
deadbeef
deadbeef
deadbeef
deadbeef
deadbeef
deadbeef
deadbeef
deadbeef
deadbeef
deadbeef
deadbeef
deadbeef
deadbeef
deadbeef
deadbeef
deadbeef
deadbeef
deadbeef
deadbeef
deadbeef
deadbeef
deadbeef
deadbeef
deadbeef
deadbeef
deadbeef
deadbeef
deadbeef
deadbeef
deadbeef
deadbeef
deadbeef
deadbeef
deadbeef
deadbeef
deadbeef
deadbeef
deadbeef
deadbeef
deadbeef
deadbeef
deadbeef
deadbeef
deadbeef
deadbeef
deadbeef
deadbeef
deadbeef
deadbeef
deadbeef
deadbeef
deadbeef
deadbeef
deadbeef
deadbeef
deadbeef
deadbeef
deadbeef
deadbeef
deadbeef
deadbeef
deadbeef
deadbeef
deadbeef
deadbeef
deadbeef
deadbeef
deadbeef
deadbeef
deadbeef
deadbeef
deadbeef
deadbeef
deadbeef
deadbeef
deadbeef
deadbeef
deadbeef
deadbeef
deadbeef
deadbeef
deadbeef
deadbeef
deadbeef
deadbeef
deadbeef
deadbeef
deadbeef
deadbeef
deadbeef
deadbeef
deadbeef
deadbeef
deadbeef
deadbeef
deadbeef
deadbeef
deadbeef
deadbeef
deadbeef
deadbeef
deadbeef
deadbeef
deadbeef
deadbeef
deadbeef
deadbeef
deadbeef
deadbeef
deadbeef
deadbeef
deadbeef
deadbeef
deadbeef
deadbeef
deadbeef
deadbeef
deadbeef
deadbeef
deadbeef
deadbeef
deadbeef
deadbeef
deadbeef
deadbeef
deadbeef
deadbeef
deadbeef
deadbeef
deadbeef
deadbeef
deadbeef
deadbeef
deadbeef
deadbeef
deadbeef
deadbeef
deadbeef
deadbeef
deadbeef
deadbeef
deadbeef
deadbeef
deadbeef
deadbeef
deadbeef
deadbeef
deadbeef
deadbeef
deadbeef
deadbeef
deadbeef
deadbeef
deadbeef
deadbeef
deadbeef
deadbeef
deadbeef
deadbeef
deadbeef
deadbeef
deadbeef
deadbeef
deadbeef
deadbeef
deadbeef
deadbeef
deadbeef
deadbeef
deadbeef
deadbeef
deadbeef
deadbeef
deadbeef
deadbeef
deadbeef
deadbeef
deadbeef
deadbeef
deadbeef
deadbeef
deadbeef
deadbeef
deadbeef
deadbeef
deadbeef
deadbeef
deadbeef
deadbeef
deadbeef
deadbeef
deadbeef
deadbeef
deadbeef
deadbeef
deadbeef
deadbeef
deadbeef
deadbeef
deadbeef
deadbeef
deadbeef
deadbeef
deadbeef
deadbeef
deadbeef
deadbeef
deadbeef
deadbeef
deadbeef
deadbeef
deadbeef
deadbeef
deadbeef
deadbeef
deadbeef
deadbeef
deadbeef
deadbeef
deadbeef
deadbeef
deadbeef
deadbeef
deadbeef
deadbeef
deadbeef
deadbeef
deadbeef
deadbeef
deadbeef
deadbeef
deadbeef
deadbeef
deadbeef
deadbeef
deadbeef
deadbeef
deadbeef
deadbeef
deadbeef
deadbeef
deadbeef
deadbeef
deadbeef
deadbeef
deadbeef
deadbeef
deadbeef
deadbeef
deadbeef
deadbeef
deadbeef
deadbeef
deadbeef
deadbeef
deadbeef
deadbeef
deadbeef
deadbeef
deadbeef
deadbeef
deadbeef
deadbeef
deadbeef
deadbeef
deadbeef
deadbeef
deadbeef
deadbeef
deadbeef
deadbeef
deadbeef
deadbeef
deadbeef
deadbeef
deadbeef
deadbeef
deadbeef
deadbeef
deadbeef
deadbeef
deadbeef
deadbeef
deadbeef
deadbeef
deadbeef
deadbeef
deadbeef
deadbeef
deadbeef
deadbeef
deadbeef
deadbeef
deadbeef
deadbeef
deadbeef
deadbeef
deadbeef
deadbeef
deadbeef
deadbeef
deadbeef
deadbeef
deadbeef
deadbeef
deadbeef
deadbeef
deadbeef
deadbeef
deadbeef
deadbeef
deadbeef
deadbeef
deadbeef
deadbeef
deadbeef
deadbeef
deadbeef
deadbeef
deadbeef
deadbeef
deadbeef
deadbeef
deadbeef
deadbeef
deadbeef
deadbeef
deadbeef
deadbeef
deadbeef
deadbeef
deadbeef
deadbeef
deadbeef
deadbeef
deadbeef
deadbeef
deadbeef
deadbeef
deadbeef
deadbeef
deadbeef
deadbeef
deadbeef
deadbeef
deadbeef
deadbeef
deadbeef
deadbeef
deadbeef
deadbeef
deadbeef
deadbeef
deadbeef
deadbeef
deadbeef
deadbeef
deadbeef
deadbeef
deadbeef
deadbeef
deadbeef
deadbeef
deadbeef
deadbeef
deadbeef
deadbeef
deadbeef
deadbeef
deadbeef
deadbeef
deadbeef
deadbeef
deadbeef
deadbeef
deadbeef
deadbeef
deadbeef
deadbeef
deadbeef
deadbeef
deadbeef
deadbeef
deadbeef
deadbeef
deadbeef
deadbeef
deadbeef
deadbeef
deadbeef
deadbeef
deadbeef
deadbeef
deadbeef
deadbeef
deadbeef
deadbeef
deadbeef
deadbeef
deadbeef
deadbeef
deadbeef
deadbeef
deadbeef
deadbeef
deadbeef
deadbeef
deadbeef
deadbeef
deadbeef
deadbeef
deadbeef
deadbeef
deadbeef
deadbeef
deadbeef
deadbeef
deadbeef
deadbeef
deadbeef
deadbeef
deadbeef
deadbeef
deadbeef
deadbeef
deadbeef
deadbeef
deadbeef
deadbeef
deadbeef
deadbeef
deadbeef
deadbeef
deadbeef
deadbeef
deadbeef
deadbeef
deadbeef
deadbeef
deadbeef
deadbeef
deadbeef
deadbeef
deadbeef
deadbeef
deadbeef
deadbeef
deadbeef
deadbeef
deadbeef
deadbeef
deadbeef
deadbeef
deadbeef
deadbeef
deadbeef
deadbeef
deadbeef
deadbeef
deadbeef
deadbeef
deadbeef
deadbeef
deadbeef
deadbeef
deadbeef
deadbeef
deadbeef
deadbeef
deadbeef
deadbeef
deadbeef
deadbeef
deadbeef
deadbeef
deadbeef
deadbeef
deadbeef
deadbeef
deadbeef
deadbeef
deadbeef
deadbeef
deadbeef
deadbeef
deadbeef
deadbeef
deadbeef
deadbeef
deadbeef
deadbeef
deadbeef
deadbeef
deadbeef
deadbeef
deadbeef
deadbeef
deadbeef
deadbeef
deadbeef
deadbeef
deadbeef
deadbeef
deadbeef
deadbeef
deadbeef
deadbeef
deadbeef
deadbeef
deadbeef
deadbeef
deadbeef
deadbeef
deadbeef
deadbeef
deadbeef
deadbeef
deadbeef
deadbeef
deadbeef
deadbeef
deadbeef
deadbeef
deadbeef
deadbeef
deadbeef
deadbeef
deadbeef
deadbeef
deadbeef
deadbeef
deadbeef
deadbeef
deadbeef
deadbeef
deadbeef
deadbeef
deadbeef
deadbeef
deadbeef
deadbeef
deadbeef
deadbeef
deadbeef
deadbeef
deadbeef
deadbeef
deadbeef
deadbeef
deadbeef
deadbeef
deadbeef
deadbeef
deadbeef
deadbeef
deadbeef
deadbeef
deadbeef
deadbeef
deadbeef
deadbeef
deadbeef
deadbeef
deadbeef
deadbeef
deadbeef
deadbeef
deadbeef
deadbeef
deadbeef
deadbeef
deadbeef
deadbeef
deadbeef
deadbeef
deadbeef
deadbeef
deadbeef
deadbeef
deadbeef
deadbeef
deadbeef
deadbeef
deadbeef
deadbeef
deadbeef
deadbeef
deadbeef
deadbeef
deadbeef
deadbeef
deadbeef
deadbeef
deadbeef
deadbeef
deadbeef
deadbeef
deadbeef
deadbeef
deadbeef
deadbeef
deadbeef
deadbeef
deadbeef
deadbeef
deadbeef
deadbeef
deadbeef
deadbeef
deadbeef
deadbeef
deadbeef
deadbeef
deadbeef
deadbeef
deadbeef
deadbeef
deadbeef
deadbeef
deadbeef
deadbeef
deadbeef
deadbeef
deadbeef
deadbeef
deadbeef
deadbeef
deadbeef
deadbeef
deadbeef
deadbeef
deadbeef
deadbeef
deadbeef
deadbeef
deadbeef
deadbeef
deadbeef
deadbeef
deadbeef
deadbeef
deadbeef
deadbeef
deadbeef
deadbeef
deadbeef
deadbeef
deadbeef
deadbeef
deadbeef
deadbeef
deadbeef
deadbeef
deadbeef
deadbeef
deadbeef
deadbeef
deadbeef
deadbeef
deadbeef
deadbeef
deadbeef
deadbeef
deadbeef
deadbeef
deadbeef
deadbeef
deadbeef
deadbeef
deadbeef
deadbeef
deadbeef
deadbeef
deadbeef
deadbeef
deadbeef
deadbeef
deadbeef
deadbeef
deadbeef
deadbeef
deadbeef
deadbeef
deadbeef
deadbeef
deadbeef
deadbeef
deadbeef
deadbeef
deadbeef
deadbeef
deadbeef
deadbeef
deadbeef
deadbeef
deadbeef
deadbeef
deadbeef
deadbeef
deadbeef
deadbeef
deadbeef
deadbeef
deadbeef
deadbeef
deadbeef
deadbeef
deadbeef
deadbeef
deadbeef
deadbeef
deadbeef
deadbeef
deadbeef
deadbeef
deadbeef
deadbeef
deadbeef
deadbeef
deadbeef
deadbeef
deadbeef
deadbeef
deadbeef
deadbeef
deadbeef
deadbeef
deadbeef
deadbeef
deadbeef
deadbeef
deadbeef
deadbeef
deadbeef
deadbeef
deadbeef
deadbeef
deadbeef
deadbeef
deadbeef
deadbeef
deadbeef
deadbeef
deadbeef
deadbeef
deadbeef
deadbeef
deadbeef
deadbeef
deadbeef
deadbeef
deadbeef
deadbeef
deadbeef
deadbeef
deadbeef
deadbeef
deadbeef
deadbeef
deadbeef
deadbeef
deadbeef
deadbeef
deadbeef
deadbeef
deadbeef
deadbeef
deadbeef
deadbeef
deadbeef
deadbeef
deadbeef
deadbeef
deadbeef
deadbeef
deadbeef
deadbeef
deadbeef
deadbeef
deadbeef
deadbeef
deadbeef
deadbeef
deadbeef
deadbeef
deadbeef
deadbeef
deadbeef
deadbeef
deadbeef
deadbeef
deadbeef
deadbeef
deadbeef
deadbeef
deadbeef
deadbeef
deadbeef
deadbeef
deadbeef
deadbeef
deadbeef
deadbeef
deadbeef
deadbeef
deadbeef
deadbeef
deadbeef
deadbeef
deadbeef
deadbeef
deadbeef
deadbeef
deadbeef
deadbeef
deadbeef
deadbeef
deadbeef
deadbeef
deadbeef
deadbeef
deadbeef
deadbeef
deadbeef
deadbeef
deadbeef
deadbeef
deadbeef
deadbeef
deadbeef
deadbeef
deadbeef
deadbeef
deadbeef
deadbeef
deadbeef
deadbeef
deadbeef
deadbeef
deadbeef
deadbeef
deadbeef
deadbeef
deadbeef
deadbeef
deadbeef
deadbeef
deadbeef
deadbeef
deadbeef
deadbeef
deadbeef
deadbeef
deadbeef
deadbeef
deadbeef
deadbeef
deadbeef
deadbeef
deadbeef
deadbeef
deadbeef
deadbeef
deadbeef
deadbeef
deadbeef
deadbeef
deadbeef
deadbeef
deadbeef
deadbeef
deadbeef
deadbeef
deadbeef
deadbeef
deadbeef
deadbeef
deadbeef
deadbeef
deadbeef
deadbeef
deadbeef
deadbeef
deadbeef
deadbeef
deadbeef
deadbeef
deadbeef
deadbeef
deadbeef
deadbeef
deadbeef
deadbeef
deadbeef
deadbeef
deadbeef
deadbeef
deadbeef
deadbeef
deadbeef
deadbeef
deadbeef
deadbeef
deadbeef
deadbeef
deadbeef
deadbeef
deadbeef
deadbeef
deadbeef
deadbeef
deadbeef
deadbeef
deadbeef
deadbeef
deadbeef
deadbeef
deadbeef
deadbeef
deadbeef
deadbeef
deadbeef
deadbeef
deadbeef
deadbeef
deadbeef
deadbeef
deadbeef
deadbeef
deadbeef
deadbeef
deadbeef
deadbeef
deadbeef
deadbeef
deadbeef
deadbeef
deadbeef
deadbeef
deadbeef
deadbeef
deadbeef
deadbeef
deadbeef
deadbeef
deadbeef
deadbeef
deadbeef
deadbeef
deadbeef
deadbeef
deadbeef
deadbeef
deadbeef
deadbeef
deadbeef
deadbeef
deadbeef
deadbeef
deadbeef
deadbeef
deadbeef
deadbeef
deadbeef
deadbeef
deadbeef
deadbeef
deadbeef
deadbeef
deadbeef
deadbeef
deadbeef
deadbeef
deadbeef
deadbeef
deadbeef
deadbeef
deadbeef
deadbeef
deadbeef
deadbeef
deadbeef
deadbeef
deadbeef
deadbeef
deadbeef
deadbeef
deadbeef
deadbeef
deadbeef
deadbeef
deadbeef
deadbeef
deadbeef
deadbeef
deadbeef
deadbeef
deadbeef
deadbeef
deadbeef
deadbeef
deadbeef
deadbeef
deadbeef
deadbeef
deadbeef
deadbeef
deadbeef
deadbeef
deadbeef
deadbeef
deadbeef
deadbeef
deadbeef
deadbeef
deadbeef
deadbeef
deadbeef
deadbeef
deadbeef
deadbeef
deadbeef
deadbeef
deadbeef
deadbeef
deadbeef
deadbeef
deadbeef
deadbeef
deadbeef
deadbeef
deadbeef
deadbeef
deadbeef
deadbeef
deadbeef
deadbeef
deadbeef
deadbeef
deadbeef
deadbeef
deadbeef
deadbeef
deadbeef
deadbeef
deadbeef
deadbeef
deadbeef
deadbeef
deadbeef
deadbeef
deadbeef
deadbeef
deadbeef
deadbeef
deadbeef
deadbeef
deadbeef
deadbeef
deadbeef
deadbeef
deadbeef
deadbeef
deadbeef
deadbeef
deadbeef
deadbeef
deadbeef
deadbeef
deadbeef
deadbeef
deadbeef
deadbeef
deadbeef
deadbeef
deadbeef
deadbeef
deadbeef
deadbeef
deadbeef
deadbeef
deadbeef
deadbeef
deadbeef
deadbeef
deadbeef
deadbeef
deadbeef
deadbeef
deadbeef
deadbeef
deadbeef
deadbeef
deadbeef
deadbeef
deadbeef
deadbeef
deadbeef
deadbeef
deadbeef
deadbeef
deadbeef
deadbeef
deadbeef
deadbeef
deadbeef
deadbeef
deadbeef
deadbeef
deadbeef
deadbeef
deadbeef
deadbeef
deadbeef
deadbeef
deadbeef
deadbeef
deadbeef
deadbeef
deadbeef
deadbeef
deadbeef
deadbeef
deadbeef
deadbeef
deadbeef
deadbeef
deadbeef
deadbeef
deadbeef
deadbeef
deadbeef
deadbeef
deadbeef
deadbeef
deadbeef
deadbeef
deadbeef
deadbeef
deadbeef
deadbeef
deadbeef
deadbeef
deadbeef
deadbeef
deadbeef
deadbeef
deadbeef
deadbeef
deadbeef
deadbeef
deadbeef
deadbeef
deadbeef
deadbeef
deadbeef
deadbeef
deadbeef
deadbeef
deadbeef
deadbeef
deadbeef
deadbeef
deadbeef
deadbeef
deadbeef
deadbeef
deadbeef
deadbeef
deadbeef
deadbeef
deadbeef
deadbeef
deadbeef
deadbeef
deadbeef
deadbeef
deadbeef
deadbeef
deadbeef
deadbeef
deadbeef
deadbeef
deadbeef
deadbeef
deadbeef
deadbeef
deadbeef
deadbeef
deadbeef
deadbeef
deadbeef
deadbeef
deadbeef
deadbeef
deadbeef
deadbeef
deadbeef
deadbeef
deadbeef
deadbeef
deadbeef
deadbeef
deadbeef
deadbeef
deadbeef
deadbeef
deadbeef
deadbeef
deadbeef
deadbeef
deadbeef
deadbeef
deadbeef
deadbeef
deadbeef
deadbeef
deadbeef
deadbeef
deadbeef
deadbeef
deadbeef
deadbeef
deadbeef
deadbeef
deadbeef
deadbeef
deadbeef
deadbeef
deadbeef
deadbeef
deadbeef
deadbeef
deadbeef
deadbeef
deadbeef
deadbeef
deadbeef
deadbeef
deadbeef
deadbeef
deadbeef
deadbeef
deadbeef
deadbeef
deadbeef
deadbeef
deadbeef
deadbeef
deadbeef
deadbeef
deadbeef
deadbeef
deadbeef
deadbeef
deadbeef
deadbeef
deadbeef
deadbeef
deadbeef
deadbeef
deadbeef
deadbeef
deadbeef
deadbeef
deadbeef
deadbeef
deadbeef
deadbeef
deadbeef
deadbeef
deadbeef
deadbeef
deadbeef
deadbeef
deadbeef
deadbeef
deadbeef
deadbeef
deadbeef
deadbeef
deadbeef
deadbeef
deadbeef
deadbeef
deadbeef
deadbeef
deadbeef
deadbeef
deadbeef
deadbeef
deadbeef
deadbeef
deadbeef
deadbeef
deadbeef
deadbeef
deadbeef
deadbeef
deadbeef
deadbeef
deadbeef
deadbeef
deadbeef
deadbeef
deadbeef
deadbeef
deadbeef
deadbeef
deadbeef
deadbeef
deadbeef
deadbeef
deadbeef
deadbeef
deadbeef
deadbeef
deadbeef
deadbeef
deadbeef
deadbeef
deadbeef
deadbeef
deadbeef
deadbeef
deadbeef
deadbeef
deadbeef
deadbeef
deadbeef
deadbeef
deadbeef
deadbeef
deadbeef
deadbeef
deadbeef
deadbeef
deadbeef
deadbeef
deadbeef
deadbeef
deadbeef
deadbeef
deadbeef
deadbeef
deadbeef
deadbeef
deadbeef
deadbeef
deadbeef
deadbeef
deadbeef
deadbeef
deadbeef
deadbeef
deadbeef
deadbeef
deadbeef
deadbeef
deadbeef
deadbeef
deadbeef
deadbeef
deadbeef
deadbeef
deadbeef
deadbeef
deadbeef
deadbeef
deadbeef
deadbeef
deadbeef
deadbeef
deadbeef
deadbeef
deadbeef
deadbeef
deadbeef
deadbeef
deadbeef
deadbeef
deadbeef
deadbeef
deadbeef
deadbeef
deadbeef
deadbeef
deadbeef
deadbeef
deadbeef
deadbeef
deadbeef
deadbeef
deadbeef
deadbeef
deadbeef
deadbeef
deadbeef
deadbeef
deadbeef
deadbeef
deadbeef
deadbeef
deadbeef
deadbeef
deadbeef
deadbeef
deadbeef
deadbeef
deadbeef
deadbeef
deadbeef
deadbeef
deadbeef
deadbeef
deadbeef
deadbeef
deadbeef
deadbeef
deadbeef
deadbeef
deadbeef
deadbeef
deadbeef
deadbeef
deadbeef
deadbeef
deadbeef
deadbeef
deadbeef
deadbeef
deadbeef
deadbeef
deadbeef
deadbeef
deadbeef
deadbeef
deadbeef
deadbeef
deadbeef
deadbeef
deadbeef
deadbeef
deadbeef
deadbeef
deadbeef
deadbeef
deadbeef
deadbeef
deadbeef
deadbeef
deadbeef
deadbeef
deadbeef
deadbeef
deadbeef
deadbeef
deadbeef
deadbeef
deadbeef
deadbeef
deadbeef
deadbeef
deadbeef
deadbeef
deadbeef
deadbeef
deadbeef
deadbeef
deadbeef
deadbeef
deadbeef
deadbeef
deadbeef
deadbeef
deadbeef
deadbeef
deadbeef
deadbeef
deadbeef
deadbeef
deadbeef
deadbeef
deadbeef
deadbeef
deadbeef
deadbeef
deadbeef
deadbeef
deadbeef
deadbeef
deadbeef
deadbeef
deadbeef
deadbeef
deadbeef
deadbeef
deadbeef
deadbeef
deadbeef
deadbeef
deadbeef
deadbeef
deadbeef
deadbeef
deadbeef
deadbeef
deadbeef
deadbeef
deadbeef
deadbeef
deadbeef
deadbeef
deadbeef
deadbeef
deadbeef
deadbeef
deadbeef
deadbeef
deadbeef
deadbeef
deadbeef
deadbeef
deadbeef
deadbeef
deadbeef
deadbeef
deadbeef
deadbeef
deadbeef
deadbeef
deadbeef
deadbeef
deadbeef
deadbeef
deadbeef
deadbeef
deadbeef
deadbeef
deadbeef
deadbeef
deadbeef
deadbeef
deadbeef
deadbeef
deadbeef
deadbeef
deadbeef
deadbeef
deadbeef
deadbeef
deadbeef
deadbeef
deadbeef
deadbeef
deadbeef
deadbeef
deadbeef
deadbeef
deadbeef
deadbeef
deadbeef
deadbeef
deadbeef
deadbeef
deadbeef
deadbeef
deadbeef
deadbeef
deadbeef
deadbeef
deadbeef
deadbeef
deadbeef
deadbeef
deadbeef
deadbeef
deadbeef
deadbeef
deadbeef
deadbeef
deadbeef
deadbeef
deadbeef
deadbeef
deadbeef
deadbeef
deadbeef
deadbeef
deadbeef
deadbeef
deadbeef
deadbeef
deadbeef
deadbeef
deadbeef
deadbeef
deadbeef
deadbeef
deadbeef
deadbeef
deadbeef
deadbeef
deadbeef
deadbeef
deadbeef
deadbeef
deadbeef
deadbeef
deadbeef
deadbeef
deadbeef
deadbeef
deadbeef
deadbeef
deadbeef
deadbeef
deadbeef
deadbeef
deadbeef
deadbeef
deadbeef
deadbeef
deadbeef
deadbeef
deadbeef
deadbeef
deadbeef
deadbeef
deadbeef
deadbeef
deadbeef
deadbeef
deadbeef
deadbeef
deadbeef
deadbeef
deadbeef
deadbeef
deadbeef
deadbeef
deadbeef
deadbeef
deadbeef
deadbeef
deadbeef
deadbeef
deadbeef
deadbeef
deadbeef
deadbeef
deadbeef
deadbeef
deadbeef
deadbeef
deadbeef
deadbeef
deadbeef
deadbeef
deadbeef
deadbeef
deadbeef
deadbeef
deadbeef
deadbeef
deadbeef
deadbeef
deadbeef
deadbeef
deadbeef
deadbeef
deadbeef
deadbeef
deadbeef
deadbeef
deadbeef
deadbeef
deadbeef
deadbeef
deadbeef
deadbeef
deadbeef
deadbeef
deadbeef
deadbeef
deadbeef
deadbeef
deadbeef
deadbeef
deadbeef
deadbeef
deadbeef
deadbeef
deadbeef
deadbeef
deadbeef
deadbeef
deadbeef
deadbeef
deadbeef
deadbeef
deadbeef
deadbeef
deadbeef
deadbeef
deadbeef
deadbeef
deadbeef
deadbeef
deadbeef
deadbeef
deadbeef
deadbeef
deadbeef
deadbeef
deadbeef
deadbeef
deadbeef
deadbeef
deadbeef
deadbeef
deadbeef
deadbeef
deadbeef
deadbeef
deadbeef
deadbeef
deadbeef
deadbeef
deadbeef
deadbeef
deadbeef
deadbeef
deadbeef
deadbeef
deadbeef
deadbeef
deadbeef
deadbeef
deadbeef
deadbeef
deadbeef
deadbeef
deadbeef
deadbeef
deadbeef
deadbeef
deadbeef
deadbeef
deadbeef
deadbeef
deadbeef
deadbeef
deadbeef
deadbeef
deadbeef
deadbeef
deadbeef
deadbeef
deadbeef
deadbeef
deadbeef
deadbeef
deadbeef
deadbeef
deadbeef
deadbeef
deadbeef
deadbeef
deadbeef
deadbeef
deadbeef
deadbeef
deadbeef
deadbeef
deadbeef
deadbeef
deadbeef
deadbeef
deadbeef
deadbeef
deadbeef
deadbeef
deadbeef
deadbeef
deadbeef
deadbeef
deadbeef
deadbeef
deadbeef
deadbeef
deadbeef
deadbeef
deadbeef
deadbeef
deadbeef
deadbeef
deadbeef
deadbeef
deadbeef
deadbeef
deadbeef
deadbeef
deadbeef
deadbeef
deadbeef
deadbeef
deadbeef
deadbeef
deadbeef
deadbeef
deadbeef
deadbeef
deadbeef
deadbeef
deadbeef
deadbeef
deadbeef
deadbeef
deadbeef
deadbeef
deadbeef
deadbeef
deadbeef
deadbeef
deadbeef
deadbeef
deadbeef
deadbeef
deadbeef
deadbeef
deadbeef
deadbeef
deadbeef
deadbeef
deadbeef
deadbeef
deadbeef
deadbeef
deadbeef
deadbeef
deadbeef
deadbeef
deadbeef
deadbeef
deadbeef
deadbeef
deadbeef
deadbeef
deadbeef
deadbeef
deadbeef
deadbeef
deadbeef
deadbeef
deadbeef
deadbeef
deadbeef
deadbeef
deadbeef
deadbeef
deadbeef
deadbeef
deadbeef
deadbeef
deadbeef
deadbeef
deadbeef
deadbeef
deadbeef
deadbeef
deadbeef
deadbeef
deadbeef
deadbeef
deadbeef
deadbeef
deadbeef
deadbeef
deadbeef
deadbeef
deadbeef
deadbeef
deadbeef
deadbeef
deadbeef
deadbeef
deadbeef
deadbeef
deadbeef
deadbeef
deadbeef
deadbeef
deadbeef
deadbeef
deadbeef
deadbeef
deadbeef
deadbeef
deadbeef
deadbeef
deadbeef
deadbeef
deadbeef
deadbeef
deadbeef
deadbeef
deadbeef
deadbeef
deadbeef
deadbeef
deadbeef
deadbeef
deadbeef
deadbeef
deadbeef
deadbeef
deadbeef
deadbeef
deadbeef
deadbeef
deadbeef
deadbeef
deadbeef
deadbeef
deadbeef
deadbeef
deadbeef
deadbeef
deadbeef
deadbeef
deadbeef
deadbeef
deadbeef
deadbeef
deadbeef
deadbeef
deadbeef
deadbeef
deadbeef
deadbeef
deadbeef
deadbeef
deadbeef
deadbeef
deadbeef
deadbeef
deadbeef
deadbeef
deadbeef
deadbeef
deadbeef
deadbeef
deadbeef
deadbeef
deadbeef
deadbeef
deadbeef
deadbeef
deadbeef
deadbeef
deadbeef
deadbeef
deadbeef
deadbeef
deadbeef
deadbeef
deadbeef
deadbeef
deadbeef
deadbeef
deadbeef
deadbeef
deadbeef
deadbeef
deadbeef
deadbeef
deadbeef
deadbeef
deadbeef
deadbeef
deadbeef
deadbeef
deadbeef
deadbeef
deadbeef
deadbeef
deadbeef
deadbeef
deadbeef
deadbeef
deadbeef
deadbeef
deadbeef
deadbeef
deadbeef
deadbeef
deadbeef
deadbeef
deadbeef
deadbeef
deadbeef
deadbeef
deadbeef
deadbeef
deadbeef
deadbeef
deadbeef
deadbeef
deadbeef
deadbeef
deadbeef
deadbeef
deadbeef
deadbeef
deadbeef
deadbeef
deadbeef
deadbeef
deadbeef
deadbeef
deadbeef
deadbeef
deadbeef
deadbeef
deadbeef
deadbeef
deadbeef
deadbeef
deadbeef
deadbeef
deadbeef
deadbeef
deadbeef
deadbeef
deadbeef
deadbeef
deadbeef
deadbeef
deadbeef
deadbeef
deadbeef
deadbeef
deadbeef
deadbeef
deadbeef
deadbeef
deadbeef
deadbeef
deadbeef
deadbeef
deadbeef
deadbeef
deadbeef
deadbeef
deadbeef
deadbeef
deadbeef
deadbeef
deadbeef
deadbeef
deadbeef
deadbeef
deadbeef
deadbeef
deadbeef
deadbeef
deadbeef
deadbeef
deadbeef
deadbeef
deadbeef
deadbeef
deadbeef
deadbeef
deadbeef
deadbeef
deadbeef
deadbeef
deadbeef
deadbeef
deadbeef
deadbeef
deadbeef
deadbeef
deadbeef
deadbeef
deadbeef
deadbeef
deadbeef
deadbeef
deadbeef
deadbeef
deadbeef
deadbeef
deadbeef
deadbeef
deadbeef
deadbeef
deadbeef
deadbeef
deadbeef
deadbeef
deadbeef
deadbeef
deadbeef
deadbeef
deadbeef
deadbeef
deadbeef
deadbeef
deadbeef
deadbeef
deadbeef
deadbeef
deadbeef
deadbeef
deadbeef
deadbeef
deadbeef
deadbeef
deadbeef
deadbeef
deadbeef
deadbeef
deadbeef
deadbeef
deadbeef
deadbeef
deadbeef
deadbeef
deadbeef
deadbeef
deadbeef
deadbeef
deadbeef
deadbeef
deadbeef
deadbeef
deadbeef
deadbeef
deadbeef
deadbeef
deadbeef
deadbeef
deadbeef
deadbeef
deadbeef
deadbeef
deadbeef
deadbeef
deadbeef
deadbeef
deadbeef
deadbeef
deadbeef
deadbeef
deadbeef
deadbeef
deadbeef
deadbeef
deadbeef
deadbeef
deadbeef
deadbeef
deadbeef
deadbeef
deadbeef
deadbeef
deadbeef
deadbeef
deadbeef
deadbeef
deadbeef
deadbeef
deadbeef
deadbeef
deadbeef
deadbeef
deadbeef
deadbeef
deadbeef
deadbeef
deadbeef
deadbeef
deadbeef
deadbeef
deadbeef
deadbeef
deadbeef
deadbeef
deadbeef
deadbeef
deadbeef
deadbeef
deadbeef
deadbeef
deadbeef
deadbeef
deadbeef
deadbeef
deadbeef
deadbeef
deadbeef
deadbeef
deadbeef
deadbeef
deadbeef
deadbeef
deadbeef
deadbeef
deadbeef
deadbeef
deadbeef
deadbeef
deadbeef
deadbeef
deadbeef
deadbeef
deadbeef
deadbeef
deadbeef
deadbeef
deadbeef
deadbeef
deadbeef
deadbeef
deadbeef
deadbeef
deadbeef
deadbeef
deadbeef
deadbeef
deadbeef
deadbeef
deadbeef
deadbeef
deadbeef
deadbeef
deadbeef
deadbeef
deadbeef
deadbeef
deadbeef
deadbeef
deadbeef
deadbeef
deadbeef
deadbeef
deadbeef
deadbeef
deadbeef
deadbeef
deadbeef
deadbeef
deadbeef
deadbeef
deadbeef
deadbeef
deadbeef
deadbeef
deadbeef
deadbeef
deadbeef
deadbeef
deadbeef
deadbeef
deadbeef
deadbeef
deadbeef
deadbeef
deadbeef
deadbeef
deadbeef
deadbeef
deadbeef
deadbeef
deadbeef
deadbeef
deadbeef
deadbeef
deadbeef
deadbeef
deadbeef
deadbeef
deadbeef
deadbeef
deadbeef
deadbeef
deadbeef
deadbeef
deadbeef
deadbeef
deadbeef
deadbeef
deadbeef
deadbeef
deadbeef
deadbeef
deadbeef
deadbeef
deadbeef
deadbeef
deadbeef
deadbeef
deadbeef
deadbeef
deadbeef
deadbeef
deadbeef
deadbeef
deadbeef
deadbeef
deadbeef
deadbeef
deadbeef
deadbeef
deadbeef
deadbeef
deadbeef
deadbeef
deadbeef
deadbeef
deadbeef
deadbeef
deadbeef
deadbeef
deadbeef
deadbeef
deadbeef
deadbeef
deadbeef
deadbeef
deadbeef
deadbeef
deadbeef
deadbeef
deadbeef
deadbeef
deadbeef
deadbeef
deadbeef
deadbeef
deadbeef
deadbeef
deadbeef
deadbeef
deadbeef
deadbeef
deadbeef
deadbeef
deadbeef
deadbeef
deadbeef
deadbeef
deadbeef
deadbeef
deadbeef
deadbeef
deadbeef
deadbeef
deadbeef
deadbeef
deadbeef
deadbeef
deadbeef
deadbeef
deadbeef
deadbeef
deadbeef
deadbeef
deadbeef
deadbeef
deadbeef
deadbeef
deadbeef
deadbeef
deadbeef
deadbeef
deadbeef
deadbeef
deadbeef
deadbeef
deadbeef
deadbeef
deadbeef
deadbeef
deadbeef
deadbeef
deadbeef
deadbeef
deadbeef
deadbeef
deadbeef
deadbeef
deadbeef
deadbeef
deadbeef
deadbeef
deadbeef
deadbeef
deadbeef
deadbeef
deadbeef
deadbeef
deadbeef
deadbeef
deadbeef
deadbeef
deadbeef
deadbeef
deadbeef
deadbeef
deadbeef
deadbeef
deadbeef
deadbeef
deadbeef
deadbeef
deadbeef
deadbeef
deadbeef
deadbeef
deadbeef
deadbeef
deadbeef
deadbeef
deadbeef
deadbeef
deadbeef
deadbeef
deadbeef
deadbeef
deadbeef
deadbeef
deadbeef
deadbeef
deadbeef
deadbeef
deadbeef
deadbeef
deadbeef
deadbeef
deadbeef
deadbeef
deadbeef
deadbeef
deadbeef
deadbeef
deadbeef
deadbeef
deadbeef
deadbeef
deadbeef
deadbeef
deadbeef
deadbeef
deadbeef
deadbeef
deadbeef
deadbeef
deadbeef
deadbeef
deadbeef
deadbeef
deadbeef
deadbeef
deadbeef
deadbeef
deadbeef
deadbeef
deadbeef
deadbeef
deadbeef
deadbeef
deadbeef
deadbeef
deadbeef
deadbeef
deadbeef
deadbeef
deadbeef
deadbeef
deadbeef
deadbeef
deadbeef
deadbeef
deadbeef
deadbeef
deadbeef
deadbeef
deadbeef
deadbeef
deadbeef
deadbeef
deadbeef
deadbeef
deadbeef
deadbeef
deadbeef
deadbeef
deadbeef
deadbeef
deadbeef
deadbeef
deadbeef
deadbeef
deadbeef
deadbeef
deadbeef
deadbeef
deadbeef
deadbeef
deadbeef
deadbeef
deadbeef
deadbeef
deadbeef
deadbeef
deadbeef
deadbeef
deadbeef
deadbeef
deadbeef
deadbeef
deadbeef
deadbeef
deadbeef
deadbeef
deadbeef
deadbeef
deadbeef
deadbeef
deadbeef
deadbeef
deadbeef
deadbeef
deadbeef
deadbeef
deadbeef
deadbeef
deadbeef
deadbeef
deadbeef
deadbeef
deadbeef
deadbeef
deadbeef
deadbeef
deadbeef
deadbeef
deadbeef
deadbeef
deadbeef
deadbeef
deadbeef
deadbeef
deadbeef
deadbeef
deadbeef
deadbeef
deadbeef
deadbeef
deadbeef
deadbeef
deadbeef
deadbeef
deadbeef
deadbeef
deadbeef
deadbeef
deadbeef
deadbeef
deadbeef
deadbeef
deadbeef
deadbeef
deadbeef
deadbeef
deadbeef
deadbeef
deadbeef
deadbeef
deadbeef
deadbeef
deadbeef
deadbeef
deadbeef
deadbeef
deadbeef
deadbeef
deadbeef
deadbeef
deadbeef
deadbeef
deadbeef
deadbeef
deadbeef
deadbeef
deadbeef
deadbeef
deadbeef
deadbeef
deadbeef
deadbeef
deadbeef
deadbeef
deadbeef
deadbeef
deadbeef
deadbeef
deadbeef
deadbeef
deadbeef
deadbeef
deadbeef
deadbeef
deadbeef
deadbeef
deadbeef
deadbeef
deadbeef
deadbeef
deadbeef
deadbeef
deadbeef
deadbeef
deadbeef
deadbeef
deadbeef
deadbeef
deadbeef
deadbeef
deadbeef
deadbeef
deadbeef
deadbeef
deadbeef
deadbeef
deadbeef
deadbeef
deadbeef
deadbeef
deadbeef
deadbeef
deadbeef
deadbeef
deadbeef
deadbeef
deadbeef
deadbeef
deadbeef
deadbeef
deadbeef
deadbeef
deadbeef
deadbeef
deadbeef
deadbeef
deadbeef
deadbeef
deadbeef
deadbeef
deadbeef
deadbeef
deadbeef
deadbeef
deadbeef
deadbeef
deadbeef
deadbeef
deadbeef
deadbeef
deadbeef
deadbeef
deadbeef
deadbeef
deadbeef
deadbeef
deadbeef
deadbeef
deadbeef
deadbeef
deadbeef
deadbeef
deadbeef
deadbeef
deadbeef
deadbeef
deadbeef
deadbeef
deadbeef
deadbeef
deadbeef
deadbeef
deadbeef
deadbeef
deadbeef
deadbeef
deadbeef
deadbeef
deadbeef
deadbeef
deadbeef
deadbeef
deadbeef
deadbeef
deadbeef
deadbeef
deadbeef
deadbeef
deadbeef
deadbeef
deadbeef
deadbeef
deadbeef
deadbeef
deadbeef
deadbeef
deadbeef
deadbeef
deadbeef
deadbeef
deadbeef
deadbeef
deadbeef
deadbeef
deadbeef
deadbeef
deadbeef
deadbeef
deadbeef
deadbeef
deadbeef
deadbeef
deadbeef
deadbeef
deadbeef
deadbeef
deadbeef
deadbeef
deadbeef
deadbeef
deadbeef
deadbeef
deadbeef
deadbeef
deadbeef
deadbeef
deadbeef
deadbeef
deadbeef
deadbeef
deadbeef
deadbeef
deadbeef
deadbeef
deadbeef
deadbeef
deadbeef
deadbeef
deadbeef
deadbeef
deadbeef
deadbeef
deadbeef
deadbeef
deadbeef
deadbeef
deadbeef
deadbeef
deadbeef
deadbeef
deadbeef
deadbeef
deadbeef
deadbeef
deadbeef
deadbeef
deadbeef
deadbeef
deadbeef
deadbeef
deadbeef
deadbeef
deadbeef
deadbeef
deadbeef
deadbeef
deadbeef
deadbeef
deadbeef
deadbeef
deadbeef
deadbeef
deadbeef
deadbeef
deadbeef
deadbeef
deadbeef
deadbeef
deadbeef
deadbeef
deadbeef
deadbeef
deadbeef
deadbeef
deadbeef
deadbeef
deadbeef
deadbeef
deadbeef
deadbeef
deadbeef
deadbeef
deadbeef
deadbeef
deadbeef
deadbeef
deadbeef
deadbeef
deadbeef
deadbeef
deadbeef
deadbeef
deadbeef
deadbeef
deadbeef
deadbeef
deadbeef
deadbeef
deadbeef
deadbeef
deadbeef
deadbeef
deadbeef
deadbeef
deadbeef
deadbeef
deadbeef
deadbeef
deadbeef
deadbeef
deadbeef
deadbeef
deadbeef
deadbeef
deadbeef
deadbeef
deadbeef
deadbeef
deadbeef
deadbeef
deadbeef
deadbeef
deadbeef
deadbeef
deadbeef
deadbeef
deadbeef
deadbeef
deadbeef
deadbeef
deadbeef
deadbeef
deadbeef
deadbeef
deadbeef
deadbeef
deadbeef
deadbeef
deadbeef
deadbeef
deadbeef
deadbeef
deadbeef
deadbeef
deadbeef
deadbeef
deadbeef
deadbeef
deadbeef
deadbeef
deadbeef
deadbeef
deadbeef
deadbeef
deadbeef
deadbeef
deadbeef
deadbeef
deadbeef
deadbeef
deadbeef
deadbeef
deadbeef
deadbeef
deadbeef
deadbeef
deadbeef
deadbeef
deadbeef
deadbeef
deadbeef
deadbeef
deadbeef
deadbeef
deadbeef
deadbeef
deadbeef
deadbeef
deadbeef
deadbeef
deadbeef
deadbeef
deadbeef
deadbeef
deadbeef
deadbeef
deadbeef
deadbeef
deadbeef
deadbeef
deadbeef
deadbeef
deadbeef
deadbeef
deadbeef
deadbeef
deadbeef
deadbeef
deadbeef
deadbeef
deadbeef
deadbeef
deadbeef
deadbeef
deadbeef
deadbeef
deadbeef
deadbeef
deadbeef
deadbeef
deadbeef
deadbeef
deadbeef
deadbeef
deadbeef
deadbeef
deadbeef
deadbeef
deadbeef
deadbeef
deadbeef
deadbeef
deadbeef
deadbeef
deadbeef
deadbeef
deadbeef
deadbeef
deadbeef
deadbeef
deadbeef
deadbeef
deadbeef
deadbeef
deadbeef
deadbeef
deadbeef
deadbeef
deadbeef
deadbeef
deadbeef
deadbeef
deadbeef
deadbeef
deadbeef
deadbeef
deadbeef
deadbeef
deadbeef
deadbeef
deadbeef
deadbeef
deadbeef
deadbeef
deadbeef
deadbeef
deadbeef
deadbeef
deadbeef
deadbeef
deadbeef
deadbeef
deadbeef
deadbeef
deadbeef
deadbeef
deadbeef
deadbeef
deadbeef
deadbeef
deadbeef
deadbeef
deadbeef
deadbeef
deadbeef
deadbeef
deadbeef
deadbeef
deadbeef
deadbeef
deadbeef
deadbeef
deadbeef
deadbeef
deadbeef
deadbeef
deadbeef
deadbeef
deadbeef
deadbeef
deadbeef
deadbeef
deadbeef
deadbeef
deadbeef
deadbeef
deadbeef
deadbeef
deadbeef
deadbeef
deadbeef
deadbeef
deadbeef
deadbeef
deadbeef
deadbeef
deadbeef
deadbeef
deadbeef
deadbeef
deadbeef
deadbeef
deadbeef
deadbeef
deadbeef
deadbeef
deadbeef
deadbeef
deadbeef
deadbeef
deadbeef
deadbeef
deadbeef
deadbeef
deadbeef
deadbeef
deadbeef
deadbeef
deadbeef
deadbeef
deadbeef
deadbeef
deadbeef
deadbeef
deadbeef
deadbeef
deadbeef
deadbeef
deadbeef
deadbeef
deadbeef
deadbeef
deadbeef
deadbeef
deadbeef
deadbeef
deadbeef
deadbeef
deadbeef
deadbeef
deadbeef
deadbeef
deadbeef
deadbeef
deadbeef
deadbeef
deadbeef
deadbeef
deadbeef
deadbeef
deadbeef
deadbeef
deadbeef
deadbeef
deadbeef
deadbeef
deadbeef
deadbeef
deadbeef
deadbeef
deadbeef
deadbeef
deadbeef
deadbeef
deadbeef
deadbeef
deadbeef
deadbeef
deadbeef
deadbeef
deadbeef
deadbeef
deadbeef
deadbeef
deadbeef
deadbeef
deadbeef
deadbeef
deadbeef
deadbeef
deadbeef
deadbeef
deadbeef
deadbeef
deadbeef
deadbeef
deadbeef
deadbeef
deadbeef
deadbeef
deadbeef
deadbeef
deadbeef
deadbeef
deadbeef
deadbeef
deadbeef
deadbeef
deadbeef
deadbeef
deadbeef
deadbeef
deadbeef
deadbeef
deadbeef
deadbeef
deadbeef
deadbeef
deadbeef
deadbeef
deadbeef
deadbeef
deadbeef
deadbeef
deadbeef
deadbeef
deadbeef
deadbeef
deadbeef
deadbeef
deadbeef
deadbeef
deadbeef
deadbeef
deadbeef
deadbeef
deadbeef
deadbeef
deadbeef
deadbeef
deadbeef
deadbeef
deadbeef
deadbeef
deadbeef
deadbeef
deadbeef
deadbeef
deadbeef
deadbeef
deadbeef
deadbeef
deadbeef
deadbeef
deadbeef
deadbeef
deadbeef
deadbeef
deadbeef
deadbeef
deadbeef
deadbeef
deadbeef
deadbeef
deadbeef
deadbeef
deadbeef
deadbeef
deadbeef
deadbeef
deadbeef
deadbeef
deadbeef
deadbeef
deadbeef
deadbeef
deadbeef
deadbeef
deadbeef
deadbeef
deadbeef
deadbeef
deadbeef
deadbeef
deadbeef
deadbeef
deadbeef
deadbeef
deadbeef
deadbeef
deadbeef
deadbeef
deadbeef
deadbeef
deadbeef
deadbeef
deadbeef
deadbeef
deadbeef
deadbeef
deadbeef
deadbeef
deadbeef
deadbeef
deadbeef
deadbeef
deadbeef
deadbeef
deadbeef
deadbeef
deadbeef
deadbeef
deadbeef
deadbeef
deadbeef
deadbeef
deadbeef
deadbeef
deadbeef
deadbeef
deadbeef
deadbeef
deadbeef
deadbeef
deadbeef
deadbeef
deadbeef
deadbeef
deadbeef
deadbeef
deadbeef
deadbeef
deadbeef
deadbeef
deadbeef
deadbeef
deadbeef
deadbeef
deadbeef
deadbeef
deadbeef
deadbeef
deadbeef
deadbeef
deadbeef
deadbeef
deadbeef
deadbeef
deadbeef
deadbeef
deadbeef
deadbeef
deadbeef
deadbeef
deadbeef
deadbeef
deadbeef
deadbeef
deadbeef
deadbeef
deadbeef
deadbeef
deadbeef
deadbeef
deadbeef
deadbeef
deadbeef
deadbeef
deadbeef
deadbeef
deadbeef
deadbeef
deadbeef
deadbeef
deadbeef
deadbeef
deadbeef
deadbeef
deadbeef
deadbeef
deadbeef
deadbeef
deadbeef
deadbeef
deadbeef
deadbeef
deadbeef
deadbeef
deadbeef
deadbeef
deadbeef
deadbeef
deadbeef
deadbeef
deadbeef
deadbeef
deadbeef
deadbeef
deadbeef
deadbeef
deadbeef
deadbeef
deadbeef
deadbeef
deadbeef
deadbeef
deadbeef
deadbeef
deadbeef
deadbeef
deadbeef
deadbeef
deadbeef
deadbeef
deadbeef
deadbeef
deadbeef
deadbeef
deadbeef
deadbeef
deadbeef
deadbeef
deadbeef
deadbeef
deadbeef
deadbeef
deadbeef
deadbeef
deadbeef
deadbeef
deadbeef
deadbeef
deadbeef
deadbeef
deadbeef
deadbeef
deadbeef
deadbeef
deadbeef
deadbeef
deadbeef
deadbeef
deadbeef
deadbeef
deadbeef
deadbeef
deadbeef
deadbeef
deadbeef
deadbeef
deadbeef
deadbeef
deadbeef
deadbeef
deadbeef
deadbeef
deadbeef
deadbeef
deadbeef
deadbeef
deadbeef
deadbeef
deadbeef
deadbeef
deadbeef
deadbeef
deadbeef
deadbeef
deadbeef
deadbeef
deadbeef
deadbeef
deadbeef
deadbeef
deadbeef
deadbeef
deadbeef
deadbeef
deadbeef
deadbeef
deadbeef
deadbeef
deadbeef
deadbeef
deadbeef
deadbeef
deadbeef
deadbeef
deadbeef
deadbeef
deadbeef
deadbeef
deadbeef
deadbeef
deadbeef
deadbeef
deadbeef
deadbeef
deadbeef
deadbeef
deadbeef
deadbeef
deadbeef
deadbeef
deadbeef
deadbeef
deadbeef
deadbeef
deadbeef
deadbeef
deadbeef
deadbeef
deadbeef
deadbeef
deadbeef
deadbeef
deadbeef
deadbeef
deadbeef
deadbeef
deadbeef
deadbeef
deadbeef
deadbeef
deadbeef
deadbeef
deadbeef
deadbeef
deadbeef
deadbeef
deadbeef
deadbeef
deadbeef
deadbeef
deadbeef
deadbeef
deadbeef
deadbeef
deadbeef
deadbeef
deadbeef
deadbeef
deadbeef
deadbeef
deadbeef
deadbeef
deadbeef
deadbeef
deadbeef
deadbeef
deadbeef
deadbeef
deadbeef
deadbeef
deadbeef
deadbeef
deadbeef
deadbeef
deadbeef
deadbeef
deadbeef
deadbeef
deadbeef
deadbeef
deadbeef
deadbeef
deadbeef
deadbeef
deadbeef
deadbeef
deadbeef
deadbeef
deadbeef
deadbeef
deadbeef
deadbeef
deadbeef
deadbeef
deadbeef
deadbeef
deadbeef
deadbeef
deadbeef
deadbeef
deadbeef
deadbeef
deadbeef
deadbeef
deadbeef
deadbeef
deadbeef
deadbeef
deadbeef
deadbeef
deadbeef
deadbeef
deadbeef
deadbeef
deadbeef
deadbeef
deadbeef
deadbeef
deadbeef
deadbeef
deadbeef
deadbeef
deadbeef
deadbeef
deadbeef
deadbeef
deadbeef
deadbeef
deadbeef
deadbeef
deadbeef
deadbeef
deadbeef
deadbeef
deadbeef
deadbeef
deadbeef
deadbeef
deadbeef
deadbeef
deadbeef
deadbeef
deadbeef
deadbeef
deadbeef
deadbeef
deadbeef
deadbeef
deadbeef
deadbeef
deadbeef
deadbeef
deadbeef
deadbeef
deadbeef
deadbeef
deadbeef
deadbeef
deadbeef
deadbeef
deadbeef
deadbeef
deadbeef
deadbeef
deadbeef
deadbeef
deadbeef
deadbeef
deadbeef
deadbeef
deadbeef
deadbeef
deadbeef
deadbeef
deadbeef
deadbeef
deadbeef
deadbeef
deadbeef
deadbeef
deadbeef
deadbeef
deadbeef
deadbeef
deadbeef
deadbeef
deadbeef
deadbeef
deadbeef
deadbeef
deadbeef
deadbeef
deadbeef
deadbeef
deadbeef
deadbeef
deadbeef
deadbeef
deadbeef
deadbeef
deadbeef
deadbeef
deadbeef
deadbeef
deadbeef
deadbeef
deadbeef
deadbeef
deadbeef
deadbeef
deadbeef
deadbeef
deadbeef
deadbeef
deadbeef
deadbeef
deadbeef
deadbeef
deadbeef
deadbeef
deadbeef
deadbeef
deadbeef
deadbeef
deadbeef
deadbeef
deadbeef
deadbeef
deadbeef
deadbeef
deadbeef
deadbeef
deadbeef
deadbeef
deadbeef
deadbeef
deadbeef
deadbeef
deadbeef
deadbeef
deadbeef
deadbeef
deadbeef
deadbeef
deadbeef
deadbeef
deadbeef
deadbeef
deadbeef
deadbeef
deadbeef
deadbeef
deadbeef
deadbeef
deadbeef
deadbeef
deadbeef
deadbeef
deadbeef
deadbeef
deadbeef
deadbeef
deadbeef
deadbeef
deadbeef
deadbeef
deadbeef
deadbeef
deadbeef
deadbeef
deadbeef
deadbeef
deadbeef
deadbeef
deadbeef
deadbeef
deadbeef
deadbeef
deadbeef
deadbeef
deadbeef
deadbeef
deadbeef
deadbeef
deadbeef
deadbeef
deadbeef
deadbeef
deadbeef
deadbeef
deadbeef
deadbeef
deadbeef
deadbeef
deadbeef
deadbeef
deadbeef
deadbeef
deadbeef
deadbeef
deadbeef
deadbeef
deadbeef
deadbeef
deadbeef
deadbeef
deadbeef
deadbeef
deadbeef
deadbeef
deadbeef
deadbeef
deadbeef
deadbeef
deadbeef
deadbeef
deadbeef
deadbeef
deadbeef
deadbeef
deadbeef
deadbeef
deadbeef
deadbeef
deadbeef
deadbeef
deadbeef
deadbeef
deadbeef
deadbeef
deadbeef
deadbeef
deadbeef
deadbeef
deadbeef
deadbeef
deadbeef
deadbeef
deadbeef
deadbeef
deadbeef
deadbeef
deadbeef
deadbeef
deadbeef
deadbeef
deadbeef
deadbeef
deadbeef
deadbeef
deadbeef
deadbeef
deadbeef
deadbeef
deadbeef
deadbeef
deadbeef
deadbeef
deadbeef
deadbeef
deadbeef
deadbeef
deadbeef
deadbeef
deadbeef
deadbeef
deadbeef
deadbeef
deadbeef
deadbeef
deadbeef
deadbeef
deadbeef
deadbeef
deadbeef
deadbeef
deadbeef
deadbeef
deadbeef
deadbeef
deadbeef
deadbeef
deadbeef
deadbeef
deadbeef
deadbeef
deadbeef
deadbeef
deadbeef
deadbeef
deadbeef
deadbeef
deadbeef
deadbeef
deadbeef
deadbeef
deadbeef
deadbeef
deadbeef
deadbeef
deadbeef
deadbeef
deadbeef
deadbeef
deadbeef
deadbeef
deadbeef
deadbeef
deadbeef
deadbeef
deadbeef
deadbeef
deadbeef
deadbeef
deadbeef
deadbeef
deadbeef
deadbeef
deadbeef
deadbeef
deadbeef
deadbeef
deadbeef
deadbeef
deadbeef
deadbeef
deadbeef
deadbeef
deadbeef
deadbeef
deadbeef
deadbeef
deadbeef
deadbeef
deadbeef
deadbeef
deadbeef
deadbeef
deadbeef
deadbeef
deadbeef
deadbeef
deadbeef
deadbeef
deadbeef
deadbeef
deadbeef
deadbeef
deadbeef
deadbeef
deadbeef
deadbeef
deadbeef
deadbeef
deadbeef
deadbeef
deadbeef
deadbeef
deadbeef
deadbeef
deadbeef
deadbeef
deadbeef
deadbeef
deadbeef
deadbeef
deadbeef
deadbeef
deadbeef
deadbeef
deadbeef
deadbeef
deadbeef
deadbeef
deadbeef
deadbeef
deadbeef
deadbeef
deadbeef
deadbeef
deadbeef
deadbeef
deadbeef
deadbeef
deadbeef
deadbeef
deadbeef
deadbeef
deadbeef
deadbeef
deadbeef
deadbeef
deadbeef
deadbeef
deadbeef
deadbeef
deadbeef
deadbeef
deadbeef
deadbeef
deadbeef
deadbeef
deadbeef
deadbeef
deadbeef
deadbeef
deadbeef
deadbeef
deadbeef
deadbeef
deadbeef
deadbeef
deadbeef
deadbeef
deadbeef
deadbeef
deadbeef
deadbeef
deadbeef
deadbeef
deadbeef
deadbeef
deadbeef
deadbeef
deadbeef
deadbeef
deadbeef
deadbeef
deadbeef
deadbeef
deadbeef
deadbeef
deadbeef
deadbeef
deadbeef
deadbeef
deadbeef
deadbeef
deadbeef
deadbeef
deadbeef
deadbeef
deadbeef
deadbeef
deadbeef
deadbeef
deadbeef
deadbeef
deadbeef
deadbeef
deadbeef
deadbeef
deadbeef
deadbeef
deadbeef
deadbeef
deadbeef
deadbeef
deadbeef
deadbeef
deadbeef
deadbeef
deadbeef
deadbeef
deadbeef
deadbeef
deadbeef
deadbeef
deadbeef
deadbeef
deadbeef
deadbeef
deadbeef
deadbeef
deadbeef
deadbeef
deadbeef
deadbeef
deadbeef
deadbeef
deadbeef
deadbeef
deadbeef
deadbeef
deadbeef
deadbeef
deadbeef
deadbeef
deadbeef
deadbeef
deadbeef
deadbeef
deadbeef
deadbeef
deadbeef
deadbeef
deadbeef
deadbeef
deadbeef
deadbeef
deadbeef
deadbeef
deadbeef
deadbeef
deadbeef
deadbeef
deadbeef
deadbeef
deadbeef
deadbeef
deadbeef
deadbeef
deadbeef
deadbeef
deadbeef
deadbeef
deadbeef
deadbeef
deadbeef
deadbeef
deadbeef
deadbeef
deadbeef
deadbeef
deadbeef
deadbeef
deadbeef
deadbeef
deadbeef
deadbeef
deadbeef
deadbeef
deadbeef
deadbeef
deadbeef
deadbeef
deadbeef
deadbeef
deadbeef
deadbeef
deadbeef
deadbeef
deadbeef
deadbeef
deadbeef
deadbeef
deadbeef
deadbeef
deadbeef
deadbeef
deadbeef
deadbeef
deadbeef
deadbeef
deadbeef
deadbeef
deadbeef
deadbeef
deadbeef
deadbeef
deadbeef
deadbeef
deadbeef
deadbeef
deadbeef
deadbeef
deadbeef
deadbeef
deadbeef
deadbeef
deadbeef
deadbeef
deadbeef
deadbeef
deadbeef
deadbeef
deadbeef
deadbeef
deadbeef
deadbeef
deadbeef
deadbeef
deadbeef
deadbeef
deadbeef
deadbeef
deadbeef
deadbeef
deadbeef
deadbeef
deadbeef
deadbeef
deadbeef
deadbeef
deadbeef
deadbeef
deadbeef
deadbeef
deadbeef
deadbeef
deadbeef
deadbeef
deadbeef
deadbeef
deadbeef
deadbeef
deadbeef
deadbeef
deadbeef
deadbeef
deadbeef
deadbeef
deadbeef
deadbeef
deadbeef
deadbeef
deadbeef
deadbeef
deadbeef
deadbeef
deadbeef
deadbeef
deadbeef
deadbeef
deadbeef
deadbeef
deadbeef
deadbeef
deadbeef
deadbeef
deadbeef
deadbeef
deadbeef
deadbeef
deadbeef
deadbeef
deadbeef
deadbeef
deadbeef
deadbeef
deadbeef
deadbeef
deadbeef
deadbeef
deadbeef
deadbeef
deadbeef
deadbeef
deadbeef
deadbeef
deadbeef
deadbeef
deadbeef
deadbeef
deadbeef
deadbeef
deadbeef
deadbeef
deadbeef
deadbeef
deadbeef
deadbeef
deadbeef
deadbeef
deadbeef
deadbeef
deadbeef
deadbeef
deadbeef
deadbeef
deadbeef
deadbeef
deadbeef
deadbeef
deadbeef
deadbeef
deadbeef
deadbeef
deadbeef
deadbeef
deadbeef
deadbeef
deadbeef
deadbeef
deadbeef
deadbeef
deadbeef
deadbeef
deadbeef
deadbeef
deadbeef
deadbeef
deadbeef
deadbeef
deadbeef
deadbeef
deadbeef
deadbeef
deadbeef
deadbeef
deadbeef
deadbeef
deadbeef
deadbeef
deadbeef
deadbeef
deadbeef
deadbeef
deadbeef
deadbeef
deadbeef
deadbeef
deadbeef
deadbeef
deadbeef
deadbeef
deadbeef
deadbeef
deadbeef
deadbeef
deadbeef
deadbeef
deadbeef
deadbeef
deadbeef
deadbeef
deadbeef
deadbeef
deadbeef
deadbeef
deadbeef
deadbeef
deadbeef
deadbeef
deadbeef
deadbeef
deadbeef
deadbeef
deadbeef
deadbeef
deadbeef
deadbeef
deadbeef
deadbeef
deadbeef
deadbeef
deadbeef
deadbeef
deadbeef
deadbeef
deadbeef
deadbeef
deadbeef
deadbeef
deadbeef
deadbeef
deadbeef
deadbeef
deadbeef
deadbeef
deadbeef
deadbeef
deadbeef
deadbeef
deadbeef
deadbeef
deadbeef
deadbeef
deadbeef
deadbeef
deadbeef
deadbeef
deadbeef
deadbeef
deadbeef
deadbeef
deadbeef
deadbeef
deadbeef
deadbeef
deadbeef
deadbeef
deadbeef
deadbeef
deadbeef
deadbeef
deadbeef
deadbeef
deadbeef
deadbeef
deadbeef
deadbeef
deadbeef
deadbeef
deadbeef
deadbeef
deadbeef
deadbeef
deadbeef
deadbeef
deadbeef
deadbeef
deadbeef
deadbeef
deadbeef
deadbeef
deadbeef
deadbeef
deadbeef
deadbeef
deadbeef
deadbeef
deadbeef
deadbeef
deadbeef
deadbeef
deadbeef
deadbeef
deadbeef
deadbeef
deadbeef
deadbeef
deadbeef
deadbeef
deadbeef
deadbeef
deadbeef
deadbeef
deadbeef
deadbeef
deadbeef
deadbeef
deadbeef
deadbeef
deadbeef
deadbeef
deadbeef
deadbeef
deadbeef
deadbeef
deadbeef
deadbeef
deadbeef
deadbeef
deadbeef
deadbeef
deadbeef
deadbeef
deadbeef
deadbeef
deadbeef
deadbeef
deadbeef
deadbeef
deadbeef
deadbeef
deadbeef
deadbeef
deadbeef
deadbeef
deadbeef
deadbeef
deadbeef
deadbeef
deadbeef
deadbeef
deadbeef
deadbeef
deadbeef
deadbeef
deadbeef
deadbeef
deadbeef
deadbeef
deadbeef
deadbeef
deadbeef
deadbeef
deadbeef
deadbeef
deadbeef
deadbeef
deadbeef
deadbeef
deadbeef
deadbeef
deadbeef
deadbeef
deadbeef
deadbeef
deadbeef
deadbeef
deadbeef
deadbeef
deadbeef
deadbeef
deadbeef
deadbeef
deadbeef
deadbeef
deadbeef
deadbeef
deadbeef
deadbeef
deadbeef
deadbeef
deadbeef
deadbeef
deadbeef
deadbeef
deadbeef
deadbeef
deadbeef
deadbeef
deadbeef
deadbeef
deadbeef
deadbeef
deadbeef
deadbeef
deadbeef
deadbeef
deadbeef
deadbeef
deadbeef
deadbeef
deadbeef
deadbeef
deadbeef
deadbeef
deadbeef
deadbeef
deadbeef
deadbeef
deadbeef
deadbeef
deadbeef
deadbeef
deadbeef
deadbeef
deadbeef
deadbeef
deadbeef
deadbeef
deadbeef
deadbeef
deadbeef
deadbeef
deadbeef
deadbeef
deadbeef
deadbeef
deadbeef
deadbeef
deadbeef
deadbeef
deadbeef
deadbeef
deadbeef
deadbeef
deadbeef
deadbeef
deadbeef
deadbeef
deadbeef
deadbeef
deadbeef
deadbeef
deadbeef
deadbeef
deadbeef
deadbeef
deadbeef
deadbeef
deadbeef
deadbeef
deadbeef
deadbeef
deadbeef
deadbeef
deadbeef
deadbeef
deadbeef
deadbeef
deadbeef
deadbeef
deadbeef
deadbeef
deadbeef
deadbeef
deadbeef
deadbeef
deadbeef
deadbeef
deadbeef
deadbeef
deadbeef
deadbeef
deadbeef
deadbeef
deadbeef
deadbeef
deadbeef
deadbeef
deadbeef
deadbeef
deadbeef
deadbeef
deadbeef
deadbeef
deadbeef
deadbeef
deadbeef
deadbeef
deadbeef
deadbeef
deadbeef
deadbeef
deadbeef
deadbeef
deadbeef
deadbeef
deadbeef
deadbeef
deadbeef
deadbeef
deadbeef
deadbeef
deadbeef
deadbeef
deadbeef
deadbeef
deadbeef
deadbeef
deadbeef
deadbeef
deadbeef
deadbeef
deadbeef
deadbeef
deadbeef
deadbeef
deadbeef
deadbeef
deadbeef
deadbeef
deadbeef
deadbeef
deadbeef
deadbeef
deadbeef
deadbeef
deadbeef
deadbeef
deadbeef
deadbeef
deadbeef
deadbeef
deadbeef
deadbeef
deadbeef
deadbeef
deadbeef
deadbeef
deadbeef
deadbeef
deadbeef
deadbeef
deadbeef
deadbeef
deadbeef
deadbeef
deadbeef
deadbeef
deadbeef
deadbeef
deadbeef
deadbeef
deadbeef
deadbeef
deadbeef
deadbeef
deadbeef
deadbeef
deadbeef
deadbeef
deadbeef
deadbeef
deadbeef
deadbeef
deadbeef
deadbeef
deadbeef
deadbeef
deadbeef
deadbeef
deadbeef
deadbeef
deadbeef
deadbeef
deadbeef
deadbeef
deadbeef
deadbeef
deadbeef
deadbeef
deadbeef
deadbeef
deadbeef
deadbeef
deadbeef
deadbeef
deadbeef
deadbeef
deadbeef
deadbeef
deadbeef
deadbeef
deadbeef
deadbeef
deadbeef
deadbeef
deadbeef
deadbeef
deadbeef
deadbeef
deadbeef
deadbeef
deadbeef
deadbeef
deadbeef
deadbeef
deadbeef
deadbeef
deadbeef
deadbeef
deadbeef
deadbeef
deadbeef
deadbeef
deadbeef
deadbeef
deadbeef
deadbeef
deadbeef
deadbeef
deadbeef
deadbeef
deadbeef
deadbeef
deadbeef
deadbeef
deadbeef
deadbeef
deadbeef
deadbeef
deadbeef
deadbeef
deadbeef
deadbeef
deadbeef
deadbeef
deadbeef
deadbeef
deadbeef
deadbeef
deadbeef
deadbeef
deadbeef
deadbeef
deadbeef
deadbeef
deadbeef
deadbeef
deadbeef
deadbeef
deadbeef
deadbeef
deadbeef
deadbeef
deadbeef
deadbeef
deadbeef
deadbeef
deadbeef
deadbeef
deadbeef
deadbeef
deadbeef
deadbeef
deadbeef
deadbeef
deadbeef
deadbeef
deadbeef
deadbeef
deadbeef
deadbeef
deadbeef
deadbeef
deadbeef
deadbeef
deadbeef
deadbeef
deadbeef
deadbeef
deadbeef
deadbeef
deadbeef
deadbeef
deadbeef
deadbeef
deadbeef
deadbeef
deadbeef
deadbeef
deadbeef
deadbeef
deadbeef
deadbeef
deadbeef
deadbeef
deadbeef
deadbeef
deadbeef
deadbeef
deadbeef
deadbeef
deadbeef
deadbeef
deadbeef
deadbeef
deadbeef
deadbeef
deadbeef
deadbeef
deadbeef
deadbeef
deadbeef
deadbeef
deadbeef
deadbeef
deadbeef
deadbeef
deadbeef
deadbeef
deadbeef
deadbeef
deadbeef
deadbeef
deadbeef
deadbeef
deadbeef
deadbeef
deadbeef
deadbeef
deadbeef
deadbeef
deadbeef
deadbeef
deadbeef
deadbeef
deadbeef
deadbeef
deadbeef
deadbeef
deadbeef
deadbeef
deadbeef
deadbeef
deadbeef
deadbeef
deadbeef
deadbeef
deadbeef
deadbeef
deadbeef
deadbeef
deadbeef
deadbeef
deadbeef
deadbeef
deadbeef
deadbeef
deadbeef
deadbeef
deadbeef
deadbeef
deadbeef
deadbeef
deadbeef
deadbeef
deadbeef
deadbeef
deadbeef
deadbeef
deadbeef
deadbeef
deadbeef
deadbeef
deadbeef
deadbeef
deadbeef
deadbeef
deadbeef
deadbeef
deadbeef
deadbeef
deadbeef
deadbeef
deadbeef
deadbeef
deadbeef
deadbeef
deadbeef
deadbeef
deadbeef
deadbeef
deadbeef
deadbeef
deadbeef
deadbeef
deadbeef
deadbeef
deadbeef
deadbeef
deadbeef
deadbeef
deadbeef
deadbeef
deadbeef
deadbeef
deadbeef
deadbeef
deadbeef
deadbeef
deadbeef
deadbeef
deadbeef
deadbeef
deadbeef
deadbeef
deadbeef
deadbeef
deadbeef
deadbeef
deadbeef
deadbeef
deadbeef
deadbeef
deadbeef
deadbeef
deadbeef
deadbeef
deadbeef
deadbeef
deadbeef
deadbeef
deadbeef
deadbeef
deadbeef
deadbeef
deadbeef
deadbeef
deadbeef
deadbeef
deadbeef
deadbeef
deadbeef
deadbeef
deadbeef
deadbeef
deadbeef
deadbeef
deadbeef
deadbeef
deadbeef
deadbeef
deadbeef
deadbeef
deadbeef
deadbeef
deadbeef
deadbeef
deadbeef
deadbeef
deadbeef
deadbeef
deadbeef
deadbeef
deadbeef
deadbeef
deadbeef
deadbeef
deadbeef
deadbeef
deadbeef
deadbeef
deadbeef
deadbeef
deadbeef
deadbeef
deadbeef
deadbeef
deadbeef
deadbeef
deadbeef
deadbeef
deadbeef
deadbeef
deadbeef
deadbeef
deadbeef
deadbeef
deadbeef
deadbeef
deadbeef
deadbeef
deadbeef
deadbeef
deadbeef
deadbeef
deadbeef
deadbeef
deadbeef
deadbeef
deadbeef
deadbeef
deadbeef
deadbeef
deadbeef
deadbeef
deadbeef
deadbeef
deadbeef
deadbeef
deadbeef
deadbeef
deadbeef
deadbeef
deadbeef
deadbeef
deadbeef
deadbeef
deadbeef
deadbeef
deadbeef
deadbeef
deadbeef
deadbeef
deadbeef
deadbeef
deadbeef
deadbeef
deadbeef
deadbeef
deadbeef
deadbeef
deadbeef
deadbeef
deadbeef
deadbeef
deadbeef
deadbeef
deadbeef
deadbeef
deadbeef
deadbeef
deadbeef
deadbeef
deadbeef
deadbeef
deadbeef
deadbeef
deadbeef
deadbeef
deadbeef
deadbeef
deadbeef
deadbeef
deadbeef
deadbeef
deadbeef
deadbeef
deadbeef
deadbeef
deadbeef
deadbeef
deadbeef
deadbeef
deadbeef
deadbeef
deadbeef
deadbeef
deadbeef
deadbeef
deadbeef
deadbeef
deadbeef
deadbeef
deadbeef
deadbeef
deadbeef
deadbeef
deadbeef
deadbeef
deadbeef
deadbeef
deadbeef
deadbeef
deadbeef
deadbeef
deadbeef
deadbeef
deadbeef
deadbeef
deadbeef
deadbeef
deadbeef
deadbeef
deadbeef
deadbeef
deadbeef
deadbeef
deadbeef
deadbeef
deadbeef
deadbeef
deadbeef
deadbeef
deadbeef
deadbeef
deadbeef
deadbeef
deadbeef
deadbeef
deadbeef
deadbeef
deadbeef
deadbeef
deadbeef
deadbeef
deadbeef
deadbeef
deadbeef
deadbeef
deadbeef
deadbeef
deadbeef
deadbeef
deadbeef
deadbeef
deadbeef
deadbeef
deadbeef
deadbeef
deadbeef
deadbeef
deadbeef
deadbeef
deadbeef
deadbeef
deadbeef
deadbeef
deadbeef
deadbeef
deadbeef
deadbeef
deadbeef
deadbeef
deadbeef
deadbeef
deadbeef
deadbeef
deadbeef
deadbeef
deadbeef
deadbeef
deadbeef
deadbeef
deadbeef
deadbeef
deadbeef
deadbeef
deadbeef
deadbeef
deadbeef
deadbeef
deadbeef
deadbeef
deadbeef
deadbeef
deadbeef
deadbeef
deadbeef
deadbeef
deadbeef
deadbeef
deadbeef
deadbeef
deadbeef
deadbeef
deadbeef
deadbeef
deadbeef
deadbeef
deadbeef
deadbeef
deadbeef
deadbeef
deadbeef
deadbeef
deadbeef
deadbeef
deadbeef
deadbeef
deadbeef
deadbeef
deadbeef
deadbeef
deadbeef
deadbeef
deadbeef
deadbeef
deadbeef
deadbeef
deadbeef
deadbeef
deadbeef
deadbeef
deadbeef
deadbeef
deadbeef
deadbeef
deadbeef
deadbeef
deadbeef
deadbeef
deadbeef
deadbeef
deadbeef
deadbeef
deadbeef
deadbeef
deadbeef
deadbeef
deadbeef
deadbeef
deadbeef
deadbeef
deadbeef
deadbeef
deadbeef
deadbeef
deadbeef
deadbeef
deadbeef
deadbeef
deadbeef
deadbeef
deadbeef
deadbeef
deadbeef
deadbeef
deadbeef
deadbeef
deadbeef
deadbeef
deadbeef
deadbeef
deadbeef
deadbeef
deadbeef
deadbeef
deadbeef
deadbeef
deadbeef
deadbeef
deadbeef
deadbeef
deadbeef
deadbeef
deadbeef
deadbeef
deadbeef
deadbeef
deadbeef
deadbeef
deadbeef
deadbeef
deadbeef
deadbeef
deadbeef
deadbeef
deadbeef
deadbeef
deadbeef
deadbeef
deadbeef
deadbeef
deadbeef
deadbeef
deadbeef
deadbeef
deadbeef
deadbeef
deadbeef
deadbeef
deadbeef
deadbeef
deadbeef
deadbeef
deadbeef
deadbeef
deadbeef
deadbeef
deadbeef
deadbeef
deadbeef
deadbeef
deadbeef
deadbeef
deadbeef
deadbeef
deadbeef
deadbeef
deadbeef
deadbeef
deadbeef
deadbeef
deadbeef
deadbeef
deadbeef
deadbeef
deadbeef
deadbeef
deadbeef
deadbeef
deadbeef
deadbeef
deadbeef
deadbeef
deadbeef
deadbeef
deadbeef
deadbeef
deadbeef
deadbeef
deadbeef
deadbeef
deadbeef
deadbeef
deadbeef
deadbeef
deadbeef
deadbeef
deadbeef
deadbeef
deadbeef
deadbeef
deadbeef
deadbeef
deadbeef
deadbeef
deadbeef
deadbeef
deadbeef
deadbeef
deadbeef
deadbeef
deadbeef
deadbeef
deadbeef
deadbeef
deadbeef
deadbeef
deadbeef
deadbeef
deadbeef
deadbeef
deadbeef
deadbeef
deadbeef
deadbeef
deadbeef
deadbeef
deadbeef
deadbeef
deadbeef
deadbeef
deadbeef
deadbeef
deadbeef
deadbeef
deadbeef
deadbeef
deadbeef
deadbeef
deadbeef
deadbeef
deadbeef
deadbeef
deadbeef
deadbeef
deadbeef
deadbeef
deadbeef
deadbeef
deadbeef
deadbeef
deadbeef
deadbeef
deadbeef
deadbeef
deadbeef
deadbeef
deadbeef
deadbeef
deadbeef
deadbeef
deadbeef
deadbeef
deadbeef
deadbeef
deadbeef
deadbeef
deadbeef
deadbeef
deadbeef
deadbeef
deadbeef
deadbeef
deadbeef
deadbeef
deadbeef
deadbeef
deadbeef
deadbeef
deadbeef
deadbeef
deadbeef
deadbeef
deadbeef
deadbeef
deadbeef
deadbeef
deadbeef
deadbeef
deadbeef
deadbeef
deadbeef
deadbeef
deadbeef
deadbeef
deadbeef
deadbeef
deadbeef
deadbeef
deadbeef
deadbeef
deadbeef
deadbeef
deadbeef
deadbeef
deadbeef
deadbeef
deadbeef
deadbeef
deadbeef
deadbeef
deadbeef
deadbeef
deadbeef
deadbeef
deadbeef
deadbeef
deadbeef
deadbeef
deadbeef
deadbeef
deadbeef
deadbeef
deadbeef
deadbeef
deadbeef
deadbeef
deadbeef
deadbeef
deadbeef
deadbeef
deadbeef
deadbeef
deadbeef
deadbeef
deadbeef
deadbeef
deadbeef
deadbeef
deadbeef
deadbeef
deadbeef
deadbeef
deadbeef
deadbeef
deadbeef
deadbeef
deadbeef
deadbeef
deadbeef
deadbeef
deadbeef
deadbeef
deadbeef
deadbeef
deadbeef
deadbeef
deadbeef
deadbeef
deadbeef
deadbeef
deadbeef
deadbeef
deadbeef
deadbeef
deadbeef
deadbeef
deadbeef
deadbeef
deadbeef
deadbeef
deadbeef
deadbeef
deadbeef
deadbeef
deadbeef
deadbeef
deadbeef
deadbeef
deadbeef
deadbeef
deadbeef
deadbeef
deadbeef
deadbeef
deadbeef
deadbeef
deadbeef
deadbeef
deadbeef
deadbeef
deadbeef
deadbeef
deadbeef
deadbeef
deadbeef
deadbeef
deadbeef
deadbeef
deadbeef
deadbeef
deadbeef
deadbeef
deadbeef
deadbeef
deadbeef
deadbeef
deadbeef
deadbeef
deadbeef
deadbeef
deadbeef
deadbeef
deadbeef
deadbeef
deadbeef
deadbeef
deadbeef
deadbeef
deadbeef
deadbeef
deadbeef
deadbeef
deadbeef
deadbeef
deadbeef
deadbeef
deadbeef
deadbeef
deadbeef
deadbeef
deadbeef
deadbeef
deadbeef
deadbeef
deadbeef
deadbeef
deadbeef
deadbeef
deadbeef
deadbeef
deadbeef
deadbeef
deadbeef
deadbeef
deadbeef
deadbeef
deadbeef
deadbeef
deadbeef
deadbeef
deadbeef
deadbeef
deadbeef
deadbeef
deadbeef
deadbeef
deadbeef
deadbeef
deadbeef
deadbeef
deadbeef
deadbeef
deadbeef
deadbeef
deadbeef
deadbeef
deadbeef
deadbeef
deadbeef
deadbeef
deadbeef
deadbeef
deadbeef
deadbeef
deadbeef
deadbeef
deadbeef
deadbeef
deadbeef
deadbeef
deadbeef
deadbeef
deadbeef
deadbeef
deadbeef
deadbeef
deadbeef
deadbeef
deadbeef
deadbeef
deadbeef
deadbeef
deadbeef
deadbeef
deadbeef
deadbeef
deadbeef
deadbeef
deadbeef
deadbeef
deadbeef
deadbeef
deadbeef
deadbeef
deadbeef
deadbeef
deadbeef
deadbeef
deadbeef
deadbeef
deadbeef
deadbeef
deadbeef
deadbeef
deadbeef
deadbeef
deadbeef
deadbeef
deadbeef
deadbeef
deadbeef
deadbeef
deadbeef
deadbeef
deadbeef
deadbeef
deadbeef
deadbeef
deadbeef
deadbeef
deadbeef
deadbeef
deadbeef
deadbeef
deadbeef
deadbeef
deadbeef
deadbeef
deadbeef
deadbeef
deadbeef
deadbeef
deadbeef
deadbeef
deadbeef
deadbeef
deadbeef
deadbeef
deadbeef
deadbeef
deadbeef
deadbeef
deadbeef
deadbeef
deadbeef
deadbeef
deadbeef
deadbeef
deadbeef
deadbeef
deadbeef
deadbeef
deadbeef
deadbeef
deadbeef
deadbeef
deadbeef
deadbeef
deadbeef
deadbeef
deadbeef
deadbeef
deadbeef
deadbeef
deadbeef
deadbeef
deadbeef
deadbeef
deadbeef
deadbeef
deadbeef
deadbeef
deadbeef
deadbeef
deadbeef
deadbeef
deadbeef
deadbeef
deadbeef
deadbeef
deadbeef
deadbeef
deadbeef
deadbeef
deadbeef
deadbeef
deadbeef
deadbeef
deadbeef
deadbeef
deadbeef
deadbeef
deadbeef
deadbeef
deadbeef
deadbeef
deadbeef
deadbeef
deadbeef
deadbeef
deadbeef
deadbeef
deadbeef
deadbeef
deadbeef
deadbeef
deadbeef
deadbeef
deadbeef
deadbeef
deadbeef
deadbeef
deadbeef
deadbeef
deadbeef
deadbeef
deadbeef
deadbeef
deadbeef
deadbeef
deadbeef
deadbeef
deadbeef
deadbeef
deadbeef
deadbeef
deadbeef
deadbeef
deadbeef
deadbeef
deadbeef
deadbeef
deadbeef
deadbeef
deadbeef
deadbeef
deadbeef
deadbeef
deadbeef
deadbeef
deadbeef
deadbeef
deadbeef
deadbeef
deadbeef
deadbeef
deadbeef
deadbeef
deadbeef
deadbeef
deadbeef
deadbeef
deadbeef
deadbeef
deadbeef
deadbeef
deadbeef
deadbeef
deadbeef
deadbeef
deadbeef
deadbeef
deadbeef
deadbeef
deadbeef
deadbeef
deadbeef
deadbeef
deadbeef
deadbeef
deadbeef
deadbeef
deadbeef
deadbeef
deadbeef
deadbeef
deadbeef
deadbeef
deadbeef
deadbeef
deadbeef
deadbeef
deadbeef
deadbeef
deadbeef
deadbeef
deadbeef
deadbeef
deadbeef
deadbeef
deadbeef
deadbeef
deadbeef
deadbeef
deadbeef
deadbeef
deadbeef
deadbeef
deadbeef
deadbeef
deadbeef
deadbeef
deadbeef
deadbeef
deadbeef
deadbeef
deadbeef
deadbeef
deadbeef
deadbeef
deadbeef
deadbeef
deadbeef
deadbeef
deadbeef
deadbeef
deadbeef
deadbeef
deadbeef
deadbeef
deadbeef
deadbeef
deadbeef
deadbeef
deadbeef
deadbeef
deadbeef
deadbeef
deadbeef
deadbeef
deadbeef
deadbeef
deadbeef
deadbeef
deadbeef
deadbeef
deadbeef
deadbeef
deadbeef
deadbeef
deadbeef
deadbeef
deadbeef
deadbeef
deadbeef
deadbeef
deadbeef
deadbeef
deadbeef
deadbeef
deadbeef
deadbeef
deadbeef
deadbeef
deadbeef
deadbeef
deadbeef
deadbeef
deadbeef
deadbeef
deadbeef
deadbeef
deadbeef
deadbeef
deadbeef
deadbeef
deadbeef
deadbeef
deadbeef
deadbeef
deadbeef
deadbeef
deadbeef
deadbeef
deadbeef
deadbeef
deadbeef
deadbeef
deadbeef
deadbeef
deadbeef
deadbeef
deadbeef
deadbeef
deadbeef
deadbeef
deadbeef
deadbeef
deadbeef
deadbeef
deadbeef
deadbeef
deadbeef
deadbeef
deadbeef
deadbeef
deadbeef
deadbeef
deadbeef
deadbeef
deadbeef
deadbeef
deadbeef
deadbeef
deadbeef
deadbeef
deadbeef
deadbeef
deadbeef
deadbeef
deadbeef
deadbeef
deadbeef
deadbeef
deadbeef
deadbeef
deadbeef
deadbeef
deadbeef
deadbeef
deadbeef
deadbeef
deadbeef
deadbeef
deadbeef
deadbeef
deadbeef
deadbeef
deadbeef
deadbeef
deadbeef
deadbeef
deadbeef
deadbeef
deadbeef
deadbeef
deadbeef
deadbeef
deadbeef
deadbeef
deadbeef
deadbeef
deadbeef
deadbeef
deadbeef
deadbeef
deadbeef
deadbeef
deadbeef
deadbeef
deadbeef
deadbeef
deadbeef
deadbeef
deadbeef
deadbeef
deadbeef
deadbeef
deadbeef
deadbeef
deadbeef
deadbeef
deadbeef
deadbeef
deadbeef
deadbeef
deadbeef
deadbeef
deadbeef
deadbeef
deadbeef
deadbeef
deadbeef
deadbeef
deadbeef
deadbeef
deadbeef
deadbeef
deadbeef
deadbeef
deadbeef
deadbeef
deadbeef
deadbeef
deadbeef
deadbeef
deadbeef
deadbeef
deadbeef
deadbeef
deadbeef
deadbeef
deadbeef
deadbeef
deadbeef
deadbeef
deadbeef
deadbeef
deadbeef
deadbeef
deadbeef
deadbeef
deadbeef
deadbeef
deadbeef
deadbeef
deadbeef
deadbeef
deadbeef
deadbeef
deadbeef
deadbeef
deadbeef
deadbeef
deadbeef
deadbeef
deadbeef
deadbeef
deadbeef
deadbeef
deadbeef
deadbeef
deadbeef
deadbeef
deadbeef
deadbeef
deadbeef
deadbeef
deadbeef
deadbeef
deadbeef
deadbeef
deadbeef
deadbeef
deadbeef
deadbeef
deadbeef
deadbeef
deadbeef
deadbeef
deadbeef
deadbeef
deadbeef
deadbeef
deadbeef
deadbeef
deadbeef
deadbeef
deadbeef
deadbeef
deadbeef
deadbeef
deadbeef
deadbeef
deadbeef
deadbeef
deadbeef
deadbeef
deadbeef
deadbeef
deadbeef
deadbeef
deadbeef
deadbeef
deadbeef
deadbeef
deadbeef
deadbeef
deadbeef
deadbeef
deadbeef
deadbeef
deadbeef
deadbeef
deadbeef
deadbeef
deadbeef
deadbeef
deadbeef
deadbeef
deadbeef
deadbeef
deadbeef
deadbeef
deadbeef
deadbeef
deadbeef
deadbeef
deadbeef
deadbeef
deadbeef
deadbeef
deadbeef
deadbeef
deadbeef
deadbeef
deadbeef
deadbeef
deadbeef
deadbeef
deadbeef
deadbeef
deadbeef
deadbeef
deadbeef
deadbeef
deadbeef
deadbeef
deadbeef
deadbeef
deadbeef
deadbeef
deadbeef
deadbeef
deadbeef
deadbeef
deadbeef
deadbeef
deadbeef
deadbeef
deadbeef
deadbeef
deadbeef
deadbeef
deadbeef
deadbeef
deadbeef
deadbeef
deadbeef
deadbeef
deadbeef
deadbeef
deadbeef
deadbeef
deadbeef
deadbeef
deadbeef
deadbeef
deadbeef
deadbeef
deadbeef
deadbeef
deadbeef
deadbeef
deadbeef
deadbeef
deadbeef
deadbeef
deadbeef
deadbeef
deadbeef
deadbeef
deadbeef
deadbeef
deadbeef
deadbeef
deadbeef
deadbeef
deadbeef
deadbeef
deadbeef
deadbeef
deadbeef
deadbeef
deadbeef
deadbeef
deadbeef
deadbeef
deadbeef
deadbeef
deadbeef
deadbeef
deadbeef
deadbeef
deadbeef
deadbeef
deadbeef
deadbeef
deadbeef
deadbeef
deadbeef
deadbeef
deadbeef
deadbeef
deadbeef
deadbeef
deadbeef
deadbeef
deadbeef
deadbeef
deadbeef
deadbeef
deadbeef
deadbeef
deadbeef
deadbeef
deadbeef
deadbeef
deadbeef
deadbeef
deadbeef
deadbeef
deadbeef
deadbeef
deadbeef
deadbeef
deadbeef
deadbeef
deadbeef
deadbeef
deadbeef
deadbeef
deadbeef
deadbeef
deadbeef
deadbeef
deadbeef
deadbeef
deadbeef
deadbeef
deadbeef
deadbeef
deadbeef
deadbeef
deadbeef
deadbeef
deadbeef
deadbeef
deadbeef
deadbeef
deadbeef
deadbeef
deadbeef
deadbeef
deadbeef
deadbeef
deadbeef
deadbeef
deadbeef
deadbeef
deadbeef
deadbeef
deadbeef
deadbeef
deadbeef
deadbeef
deadbeef
deadbeef
deadbeef
deadbeef
deadbeef
deadbeef
deadbeef
deadbeef
deadbeef
deadbeef
deadbeef
deadbeef
deadbeef
deadbeef
deadbeef
deadbeef
deadbeef
deadbeef
deadbeef
deadbeef
deadbeef
deadbeef
deadbeef
deadbeef
deadbeef
deadbeef
deadbeef
deadbeef
deadbeef
deadbeef
deadbeef
deadbeef
deadbeef
deadbeef
deadbeef
deadbeef
deadbeef
deadbeef
deadbeef
deadbeef
deadbeef
deadbeef
deadbeef
deadbeef
deadbeef
deadbeef
deadbeef
deadbeef
deadbeef
deadbeef
deadbeef
deadbeef
deadbeef
deadbeef
deadbeef
deadbeef
deadbeef
deadbeef
deadbeef
deadbeef
deadbeef
deadbeef
deadbeef
deadbeef
deadbeef
deadbeef
deadbeef
deadbeef
deadbeef
deadbeef
deadbeef
deadbeef
deadbeef
deadbeef
deadbeef
deadbeef
deadbeef
deadbeef
deadbeef
deadbeef
deadbeef
deadbeef
deadbeef
deadbeef
deadbeef
deadbeef
deadbeef
deadbeef
deadbeef
deadbeef
deadbeef
deadbeef
deadbeef
deadbeef
deadbeef
deadbeef
deadbeef
deadbeef
deadbeef
deadbeef
deadbeef
deadbeef
deadbeef
deadbeef
deadbeef
deadbeef
deadbeef
deadbeef
deadbeef
deadbeef
deadbeef
deadbeef
deadbeef
deadbeef
deadbeef
deadbeef
deadbeef
deadbeef
deadbeef
deadbeef
deadbeef
deadbeef
deadbeef
deadbeef
deadbeef
deadbeef
deadbeef
deadbeef
deadbeef
deadbeef
deadbeef
deadbeef
deadbeef
deadbeef
deadbeef
deadbeef
deadbeef
deadbeef
deadbeef
deadbeef
deadbeef
deadbeef
deadbeef
deadbeef
deadbeef
deadbeef
deadbeef
deadbeef
deadbeef
deadbeef
deadbeef
deadbeef
deadbeef
deadbeef
deadbeef
deadbeef
deadbeef
deadbeef
deadbeef
deadbeef
deadbeef
deadbeef
deadbeef
deadbeef
deadbeef
deadbeef
deadbeef
deadbeef
deadbeef
deadbeef
deadbeef
deadbeef
deadbeef
deadbeef
deadbeef
deadbeef
deadbeef
deadbeef
deadbeef
deadbeef
deadbeef
deadbeef
deadbeef
deadbeef
deadbeef
deadbeef
deadbeef
deadbeef
deadbeef
deadbeef
deadbeef
deadbeef
deadbeef
deadbeef
deadbeef
deadbeef
deadbeef
deadbeef
deadbeef
deadbeef
deadbeef
deadbeef
deadbeef
deadbeef
deadbeef
deadbeef
deadbeef
deadbeef
deadbeef
deadbeef
deadbeef
deadbeef
deadbeef
deadbeef
deadbeef
deadbeef
deadbeef
deadbeef
deadbeef
deadbeef
deadbeef
deadbeef
deadbeef
deadbeef
deadbeef
deadbeef
deadbeef
deadbeef
deadbeef
deadbeef
deadbeef
deadbeef
deadbeef
deadbeef
deadbeef
deadbeef
deadbeef
deadbeef
deadbeef
deadbeef
deadbeef
deadbeef
deadbeef
deadbeef
deadbeef
deadbeef
deadbeef
deadbeef
deadbeef
deadbeef
deadbeef
deadbeef
deadbeef
deadbeef
deadbeef
deadbeef
deadbeef
deadbeef
deadbeef
deadbeef
deadbeef
deadbeef
deadbeef
deadbeef
deadbeef
deadbeef
deadbeef
deadbeef
deadbeef
deadbeef
deadbeef
deadbeef
deadbeef
deadbeef
deadbeef
deadbeef
deadbeef
deadbeef
deadbeef
deadbeef
deadbeef
deadbeef
deadbeef
deadbeef
deadbeef
deadbeef
deadbeef
deadbeef
deadbeef
deadbeef
deadbeef
deadbeef
deadbeef
deadbeef
deadbeef
deadbeef
deadbeef
deadbeef
deadbeef
deadbeef
deadbeef
deadbeef
deadbeef
deadbeef
deadbeef
deadbeef
deadbeef
deadbeef
deadbeef
deadbeef
deadbeef
deadbeef
deadbeef
deadbeef
deadbeef
deadbeef
deadbeef
deadbeef
deadbeef
deadbeef
deadbeef
deadbeef
deadbeef
deadbeef
deadbeef
deadbeef
deadbeef
deadbeef
deadbeef
deadbeef
deadbeef
deadbeef
deadbeef
deadbeef
deadbeef
deadbeef
deadbeef
deadbeef
deadbeef
deadbeef
deadbeef
deadbeef
deadbeef
deadbeef
deadbeef
deadbeef
deadbeef
deadbeef
deadbeef
deadbeef
deadbeef
deadbeef
deadbeef
deadbeef
deadbeef
deadbeef
deadbeef
deadbeef
deadbeef
deadbeef
deadbeef
deadbeef
deadbeef
deadbeef
deadbeef
deadbeef
deadbeef
deadbeef
deadbeef
deadbeef
deadbeef
deadbeef
deadbeef
deadbeef
deadbeef
deadbeef
deadbeef
deadbeef
deadbeef
deadbeef
deadbeef
deadbeef
deadbeef
deadbeef
deadbeef
deadbeef
deadbeef
deadbeef
deadbeef
deadbeef
deadbeef
deadbeef
deadbeef
deadbeef
deadbeef
deadbeef
deadbeef
deadbeef
deadbeef
deadbeef
deadbeef
deadbeef
deadbeef
deadbeef
deadbeef
deadbeef
deadbeef
deadbeef
deadbeef
deadbeef
deadbeef
deadbeef
deadbeef
deadbeef
deadbeef
deadbeef
deadbeef
deadbeef
deadbeef
deadbeef
deadbeef
deadbeef
deadbeef
deadbeef
deadbeef
deadbeef
deadbeef
deadbeef
deadbeef
deadbeef
deadbeef
deadbeef
deadbeef
deadbeef
deadbeef
deadbeef
deadbeef
deadbeef
deadbeef
deadbeef
deadbeef
deadbeef
deadbeef
deadbeef
deadbeef
deadbeef
deadbeef
deadbeef
deadbeef
deadbeef
deadbeef
deadbeef
deadbeef
deadbeef
deadbeef
deadbeef
deadbeef
deadbeef
deadbeef
deadbeef
deadbeef
deadbeef
deadbeef
deadbeef
deadbeef
deadbeef
deadbeef
deadbeef
deadbeef
deadbeef
deadbeef
deadbeef
deadbeef
deadbeef
deadbeef
deadbeef
deadbeef
deadbeef
deadbeef
deadbeef
deadbeef
deadbeef
deadbeef
deadbeef
deadbeef
deadbeef
deadbeef
deadbeef
deadbeef
deadbeef
deadbeef
deadbeef
deadbeef
deadbeef
deadbeef
deadbeef
deadbeef
deadbeef
deadbeef
deadbeef
deadbeef
deadbeef
deadbeef
deadbeef
deadbeef
deadbeef
deadbeef
deadbeef
deadbeef
deadbeef
deadbeef
deadbeef
deadbeef
deadbeef
deadbeef
deadbeef
deadbeef
deadbeef
deadbeef
deadbeef
deadbeef
deadbeef
deadbeef
deadbeef
deadbeef
deadbeef
deadbeef
deadbeef
deadbeef
deadbeef
deadbeef
deadbeef
deadbeef
deadbeef
deadbeef
deadbeef
deadbeef
deadbeef
deadbeef
deadbeef
deadbeef
deadbeef
deadbeef
deadbeef
deadbeef
deadbeef
deadbeef
deadbeef
deadbeef
deadbeef
deadbeef
deadbeef
deadbeef
deadbeef
deadbeef
deadbeef
deadbeef
deadbeef
deadbeef
deadbeef
deadbeef
deadbeef
deadbeef
deadbeef
deadbeef
deadbeef
deadbeef
deadbeef
deadbeef
deadbeef
deadbeef
deadbeef
deadbeef
deadbeef
deadbeef
deadbeef
deadbeef
deadbeef
deadbeef
deadbeef
deadbeef
deadbeef
deadbeef
deadbeef
deadbeef
deadbeef
deadbeef
deadbeef
deadbeef
deadbeef
deadbeef
deadbeef
deadbeef
deadbeef
deadbeef
deadbeef
deadbeef
deadbeef
deadbeef
deadbeef
deadbeef
deadbeef
deadbeef
deadbeef
deadbeef
deadbeef
deadbeef
deadbeef
deadbeef
deadbeef
deadbeef
deadbeef
deadbeef
deadbeef
deadbeef
deadbeef
deadbeef
deadbeef
deadbeef
deadbeef
deadbeef
deadbeef
deadbeef
deadbeef
deadbeef
deadbeef
deadbeef
deadbeef
deadbeef
deadbeef
deadbeef
deadbeef
deadbeef
deadbeef
deadbeef
deadbeef
deadbeef
deadbeef
deadbeef
deadbeef
deadbeef
deadbeef
deadbeef
deadbeef
deadbeef
deadbeef
deadbeef
deadbeef
deadbeef
deadbeef
deadbeef
deadbeef
deadbeef
deadbeef
deadbeef
deadbeef
deadbeef
deadbeef
deadbeef
deadbeef
deadbeef
deadbeef
deadbeef
deadbeef
deadbeef
deadbeef
deadbeef
deadbeef
deadbeef
deadbeef
deadbeef
deadbeef
deadbeef
deadbeef
deadbeef
deadbeef
deadbeef
deadbeef
deadbeef
deadbeef
deadbeef
deadbeef
deadbeef
deadbeef
deadbeef
deadbeef
deadbeef
deadbeef
deadbeef
deadbeef
deadbeef
deadbeef
deadbeef
deadbeef
deadbeef
deadbeef
deadbeef
deadbeef
deadbeef
deadbeef
deadbeef
deadbeef
deadbeef
deadbeef
deadbeef
deadbeef
deadbeef
deadbeef
deadbeef
deadbeef
deadbeef
deadbeef
deadbeef
deadbeef
deadbeef
deadbeef
deadbeef
deadbeef
deadbeef
deadbeef
deadbeef
deadbeef
deadbeef
deadbeef
deadbeef
deadbeef
deadbeef
deadbeef
deadbeef
deadbeef
deadbeef
deadbeef
deadbeef
deadbeef
deadbeef
deadbeef
deadbeef
deadbeef
deadbeef
deadbeef
deadbeef
deadbeef
deadbeef
deadbeef
deadbeef
deadbeef
deadbeef
deadbeef
deadbeef
deadbeef
deadbeef
deadbeef
deadbeef
deadbeef
deadbeef
deadbeef
deadbeef
deadbeef
deadbeef
deadbeef
deadbeef
deadbeef
deadbeef
deadbeef
deadbeef
deadbeef
deadbeef
deadbeef
deadbeef
deadbeef
deadbeef
deadbeef
deadbeef
deadbeef
deadbeef
deadbeef
deadbeef
deadbeef
deadbeef
deadbeef
deadbeef
deadbeef
deadbeef
deadbeef
deadbeef
deadbeef
deadbeef
deadbeef
deadbeef
deadbeef
deadbeef
deadbeef
deadbeef
deadbeef
deadbeef
deadbeef
deadbeef
deadbeef
deadbeef
deadbeef
deadbeef
deadbeef
deadbeef
deadbeef
deadbeef
deadbeef
deadbeef
deadbeef
deadbeef
deadbeef
deadbeef
deadbeef
deadbeef
deadbeef
deadbeef
deadbeef
deadbeef
deadbeef
deadbeef
deadbeef
deadbeef
deadbeef
deadbeef
deadbeef
deadbeef
deadbeef
deadbeef
deadbeef
deadbeef
deadbeef
deadbeef
deadbeef
deadbeef
deadbeef
deadbeef
deadbeef
deadbeef
deadbeef
deadbeef
deadbeef
deadbeef
deadbeef
deadbeef
deadbeef
deadbeef
deadbeef
deadbeef
deadbeef
deadbeef
deadbeef
deadbeef
deadbeef
deadbeef
deadbeef
deadbeef
deadbeef
deadbeef
deadbeef
deadbeef
deadbeef
deadbeef
deadbeef
deadbeef
deadbeef
deadbeef
deadbeef
deadbeef
deadbeef
deadbeef
deadbeef
deadbeef
deadbeef
deadbeef
deadbeef
deadbeef
deadbeef
deadbeef
deadbeef
deadbeef
deadbeef
deadbeef
deadbeef
deadbeef
deadbeef
deadbeef
deadbeef
deadbeef
deadbeef
deadbeef
deadbeef
deadbeef
deadbeef
deadbeef
deadbeef
deadbeef
deadbeef
deadbeef
deadbeef
deadbeef
deadbeef
deadbeef
deadbeef
deadbeef
deadbeef
deadbeef
deadbeef
deadbeef
deadbeef
deadbeef
deadbeef
deadbeef
deadbeef
deadbeef
deadbeef
deadbeef
deadbeef
deadbeef
deadbeef
deadbeef
deadbeef
deadbeef
deadbeef
deadbeef
deadbeef
deadbeef
deadbeef
deadbeef
deadbeef
deadbeef
deadbeef
deadbeef
deadbeef
deadbeef
deadbeef
deadbeef
deadbeef
deadbeef
deadbeef
deadbeef
deadbeef
deadbeef
deadbeef
deadbeef
deadbeef
deadbeef
deadbeef
deadbeef
deadbeef
deadbeef
deadbeef
deadbeef
deadbeef
deadbeef
deadbeef
deadbeef
deadbeef
deadbeef
deadbeef
deadbeef
deadbeef
deadbeef
deadbeef
deadbeef
deadbeef
deadbeef
deadbeef
deadbeef
deadbeef
deadbeef
deadbeef
deadbeef
deadbeef
deadbeef
deadbeef
deadbeef
deadbeef
deadbeef
deadbeef
deadbeef
deadbeef
deadbeef
deadbeef
deadbeef
deadbeef
deadbeef
deadbeef
deadbeef
deadbeef
deadbeef
deadbeef
deadbeef
deadbeef
deadbeef
deadbeef
deadbeef
deadbeef
deadbeef
deadbeef
deadbeef
deadbeef
deadbeef
deadbeef
deadbeef
deadbeef
deadbeef
deadbeef
deadbeef
deadbeef
deadbeef
deadbeef
deadbeef
deadbeef
deadbeef
deadbeef
deadbeef
deadbeef
deadbeef
deadbeef
deadbeef
deadbeef
deadbeef
deadbeef
deadbeef
deadbeef
deadbeef
deadbeef
deadbeef
deadbeef
deadbeef
deadbeef
deadbeef
deadbeef
deadbeef
deadbeef
deadbeef
deadbeef
deadbeef
deadbeef
deadbeef
deadbeef
deadbeef
deadbeef
deadbeef
deadbeef
deadbeef
deadbeef
deadbeef
deadbeef
deadbeef
deadbeef
deadbeef
deadbeef
deadbeef
deadbeef
deadbeef
deadbeef
deadbeef
deadbeef
deadbeef
deadbeef
deadbeef
deadbeef
deadbeef
deadbeef
deadbeef
deadbeef
deadbeef
deadbeef
deadbeef
deadbeef
deadbeef
deadbeef
deadbeef
deadbeef
deadbeef
deadbeef
deadbeef
deadbeef
deadbeef
deadbeef
deadbeef
deadbeef
deadbeef
deadbeef
deadbeef
deadbeef
deadbeef
deadbeef
deadbeef
deadbeef
deadbeef
deadbeef
deadbeef
deadbeef
deadbeef
deadbeef
deadbeef
deadbeef
deadbeef
deadbeef
deadbeef
deadbeef
deadbeef
deadbeef
deadbeef
deadbeef
deadbeef
deadbeef
deadbeef
deadbeef
deadbeef
deadbeef
deadbeef
deadbeef
deadbeef
deadbeef
deadbeef
deadbeef
deadbeef
deadbeef
deadbeef
deadbeef
deadbeef
deadbeef
deadbeef
deadbeef
deadbeef
deadbeef
deadbeef
deadbeef
deadbeef
deadbeef
deadbeef
deadbeef
deadbeef
deadbeef
deadbeef
deadbeef
deadbeef
deadbeef
deadbeef
deadbeef
deadbeef
deadbeef
deadbeef
deadbeef
deadbeef
deadbeef
deadbeef
deadbeef
deadbeef
deadbeef
deadbeef
deadbeef
deadbeef
deadbeef
deadbeef
deadbeef
deadbeef
deadbeef
deadbeef
deadbeef
deadbeef
deadbeef
deadbeef
deadbeef
deadbeef
deadbeef
deadbeef
deadbeef
deadbeef
deadbeef
deadbeef
deadbeef
deadbeef
deadbeef
deadbeef
deadbeef
deadbeef
deadbeef
deadbeef
deadbeef
deadbeef
deadbeef
deadbeef
deadbeef
deadbeef
deadbeef
deadbeef
deadbeef
deadbeef
deadbeef
deadbeef
deadbeef
deadbeef
deadbeef
deadbeef
deadbeef
deadbeef
deadbeef
deadbeef
deadbeef
deadbeef
deadbeef
deadbeef
deadbeef
deadbeef
deadbeef
deadbeef
deadbeef
deadbeef
deadbeef
deadbeef
deadbeef
deadbeef
deadbeef
deadbeef
deadbeef
deadbeef
deadbeef
deadbeef
deadbeef
deadbeef
deadbeef
deadbeef
deadbeef
deadbeef
deadbeef
deadbeef
deadbeef
deadbeef
deadbeef
deadbeef
deadbeef
deadbeef
deadbeef
deadbeef
deadbeef
deadbeef
deadbeef
deadbeef
deadbeef
deadbeef
deadbeef
deadbeef
deadbeef
deadbeef
deadbeef
deadbeef
deadbeef
deadbeef
deadbeef
deadbeef
deadbeef
deadbeef
deadbeef
deadbeef
deadbeef
deadbeef
deadbeef
deadbeef
deadbeef
deadbeef
deadbeef
deadbeef
deadbeef
deadbeef
deadbeef
deadbeef
deadbeef
deadbeef
deadbeef
deadbeef
deadbeef
deadbeef
deadbeef
deadbeef
deadbeef
deadbeef
deadbeef
deadbeef
deadbeef
deadbeef
deadbeef
deadbeef
deadbeef
deadbeef
deadbeef
deadbeef
deadbeef
deadbeef
deadbeef
deadbeef
deadbeef
deadbeef
deadbeef
deadbeef
deadbeef
deadbeef
deadbeef
deadbeef
deadbeef
deadbeef
deadbeef
deadbeef
deadbeef
deadbeef
deadbeef
deadbeef
deadbeef
deadbeef
deadbeef
deadbeef
deadbeef
deadbeef
deadbeef
deadbeef
deadbeef
deadbeef
deadbeef
deadbeef
deadbeef
deadbeef
deadbeef
deadbeef
deadbeef
deadbeef
deadbeef
deadbeef
deadbeef
deadbeef
deadbeef
deadbeef
deadbeef
deadbeef
deadbeef
deadbeef
deadbeef
deadbeef
deadbeef
deadbeef
deadbeef
deadbeef
deadbeef
deadbeef
deadbeef
deadbeef
deadbeef
deadbeef
deadbeef
deadbeef
deadbeef
deadbeef
deadbeef
deadbeef
deadbeef
deadbeef
deadbeef
deadbeef
deadbeef
deadbeef
deadbeef
deadbeef
deadbeef
deadbeef
deadbeef
deadbeef
deadbeef
deadbeef
deadbeef
deadbeef
deadbeef
deadbeef
deadbeef
deadbeef
deadbeef
deadbeef
deadbeef
deadbeef
deadbeef
deadbeef
deadbeef
deadbeef
deadbeef
deadbeef
deadbeef
deadbeef
deadbeef
deadbeef
deadbeef
deadbeef
deadbeef
deadbeef
deadbeef
deadbeef
deadbeef
deadbeef
deadbeef
deadbeef
deadbeef
deadbeef
deadbeef
deadbeef
deadbeef
deadbeef
deadbeef
deadbeef
deadbeef
deadbeef
deadbeef
deadbeef
deadbeef
deadbeef
deadbeef
deadbeef
deadbeef
deadbeef
deadbeef
deadbeef
deadbeef
deadbeef
deadbeef
deadbeef
deadbeef
deadbeef
deadbeef
deadbeef
deadbeef
deadbeef
deadbeef
deadbeef
deadbeef
deadbeef
deadbeef
deadbeef
deadbeef
deadbeef
deadbeef
deadbeef
deadbeef
deadbeef
deadbeef
deadbeef
deadbeef
deadbeef
deadbeef
deadbeef
deadbeef
deadbeef
deadbeef
deadbeef
deadbeef
deadbeef
deadbeef
deadbeef
deadbeef
deadbeef
deadbeef
deadbeef
deadbeef
deadbeef
deadbeef
deadbeef
deadbeef
deadbeef
deadbeef
deadbeef
deadbeef
deadbeef
deadbeef
deadbeef
deadbeef
deadbeef
deadbeef
deadbeef
deadbeef
deadbeef
deadbeef
deadbeef
deadbeef
deadbeef
deadbeef
deadbeef
deadbeef
deadbeef
deadbeef
deadbeef
deadbeef
deadbeef
deadbeef
deadbeef
deadbeef
deadbeef
deadbeef
deadbeef
deadbeef
deadbeef
deadbeef
deadbeef
deadbeef
deadbeef
deadbeef
deadbeef
deadbeef
deadbeef
deadbeef
deadbeef
deadbeef
deadbeef
deadbeef
deadbeef
deadbeef
deadbeef
deadbeef
deadbeef
deadbeef
deadbeef
deadbeef
deadbeef
deadbeef
deadbeef
deadbeef
deadbeef
deadbeef
deadbeef
deadbeef
deadbeef
deadbeef
deadbeef
deadbeef
deadbeef
deadbeef
deadbeef
deadbeef
deadbeef
deadbeef
deadbeef
deadbeef
deadbeef
deadbeef
deadbeef
deadbeef
deadbeef
deadbeef
deadbeef
deadbeef
deadbeef
deadbeef
deadbeef
deadbeef
deadbeef
deadbeef
deadbeef
deadbeef
deadbeef
deadbeef
deadbeef
deadbeef
deadbeef
deadbeef
deadbeef
deadbeef
deadbeef
deadbeef
deadbeef
deadbeef
deadbeef
deadbeef
deadbeef
deadbeef
deadbeef
deadbeef
deadbeef
deadbeef
deadbeef
deadbeef
deadbeef
deadbeef
deadbeef
deadbeef
deadbeef
deadbeef
deadbeef
deadbeef
deadbeef
deadbeef
deadbeef
deadbeef
deadbeef
deadbeef
deadbeef
deadbeef
deadbeef
deadbeef
deadbeef
deadbeef
deadbeef
deadbeef
deadbeef
deadbeef
deadbeef
deadbeef
deadbeef
deadbeef
deadbeef
deadbeef
deadbeef
deadbeef
deadbeef
deadbeef
deadbeef
deadbeef
deadbeef
deadbeef
deadbeef
deadbeef
deadbeef
deadbeef
deadbeef
deadbeef
deadbeef
deadbeef
deadbeef
deadbeef
deadbeef
deadbeef
deadbeef
deadbeef
deadbeef
deadbeef
deadbeef
deadbeef
deadbeef
deadbeef
deadbeef
deadbeef
deadbeef
deadbeef
deadbeef
deadbeef
deadbeef
deadbeef
deadbeef
deadbeef
deadbeef
deadbeef
deadbeef
deadbeef
deadbeef
deadbeef
deadbeef
deadbeef
deadbeef
deadbeef
deadbeef
deadbeef
deadbeef
deadbeef
deadbeef
deadbeef
deadbeef
deadbeef
deadbeef
deadbeef
deadbeef
deadbeef
deadbeef
deadbeef
deadbeef
deadbeef
deadbeef
deadbeef
deadbeef
deadbeef
deadbeef
deadbeef
deadbeef
deadbeef
deadbeef
deadbeef
deadbeef
deadbeef
deadbeef
deadbeef
deadbeef
deadbeef
deadbeef
deadbeef
deadbeef
deadbeef
deadbeef
deadbeef
deadbeef
deadbeef
deadbeef
deadbeef
deadbeef
deadbeef
deadbeef
deadbeef
deadbeef
deadbeef
deadbeef
deadbeef
deadbeef
deadbeef
deadbeef
deadbeef
deadbeef
deadbeef
deadbeef
deadbeef
deadbeef
deadbeef
deadbeef
deadbeef
deadbeef
deadbeef
deadbeef
deadbeef
deadbeef
deadbeef
deadbeef
deadbeef
deadbeef
deadbeef
deadbeef
deadbeef
deadbeef
deadbeef
deadbeef
deadbeef
deadbeef
deadbeef
deadbeef
deadbeef
deadbeef
deadbeef
deadbeef
deadbeef
deadbeef
deadbeef
deadbeef
deadbeef
deadbeef
deadbeef
deadbeef
deadbeef
deadbeef
deadbeef
deadbeef
deadbeef
deadbeef
deadbeef
deadbeef
deadbeef
deadbeef
deadbeef
deadbeef
deadbeef
deadbeef
deadbeef
deadbeef
deadbeef
deadbeef
deadbeef
deadbeef
deadbeef
deadbeef
deadbeef
deadbeef
deadbeef
deadbeef
deadbeef
deadbeef
deadbeef
deadbeef
deadbeef
deadbeef
deadbeef
deadbeef
deadbeef
deadbeef
deadbeef
deadbeef
deadbeef
deadbeef
deadbeef
deadbeef
deadbeef
deadbeef
deadbeef
deadbeef
deadbeef
deadbeef
deadbeef
deadbeef
deadbeef
deadbeef
deadbeef
deadbeef
deadbeef
deadbeef
deadbeef
deadbeef
deadbeef
deadbeef
deadbeef
deadbeef
deadbeef
deadbeef
deadbeef
deadbeef
deadbeef
deadbeef
deadbeef
deadbeef
deadbeef
deadbeef
deadbeef
deadbeef
deadbeef
deadbeef
deadbeef
deadbeef
deadbeef
deadbeef
deadbeef
deadbeef
deadbeef
deadbeef
deadbeef
deadbeef
deadbeef
deadbeef
deadbeef
deadbeef
deadbeef
deadbeef
deadbeef
deadbeef
deadbeef
deadbeef
deadbeef
deadbeef
deadbeef
deadbeef
deadbeef
deadbeef
deadbeef
deadbeef
deadbeef
deadbeef
deadbeef
deadbeef
deadbeef
deadbeef
deadbeef
deadbeef
deadbeef
deadbeef
deadbeef
deadbeef
deadbeef
deadbeef
deadbeef
deadbeef
deadbeef
deadbeef
deadbeef
deadbeef
deadbeef
deadbeef
deadbeef
deadbeef
deadbeef
deadbeef
deadbeef
deadbeef
deadbeef
deadbeef
deadbeef
deadbeef
deadbeef
deadbeef
deadbeef
deadbeef
deadbeef
deadbeef
deadbeef
deadbeef
deadbeef
deadbeef
deadbeef
deadbeef
deadbeef
deadbeef
deadbeef
deadbeef
deadbeef
deadbeef
deadbeef
deadbeef
deadbeef
deadbeef
deadbeef
deadbeef
deadbeef
deadbeef
deadbeef
deadbeef
deadbeef
deadbeef
deadbeef
deadbeef
deadbeef
deadbeef
deadbeef
deadbeef
deadbeef
deadbeef
deadbeef
deadbeef
deadbeef
deadbeef
deadbeef
deadbeef
deadbeef
deadbeef
deadbeef
deadbeef
deadbeef
deadbeef
deadbeef
deadbeef
deadbeef
deadbeef
deadbeef
deadbeef
deadbeef
deadbeef
deadbeef
deadbeef
deadbeef
deadbeef
deadbeef
deadbeef
deadbeef
deadbeef
deadbeef
deadbeef
deadbeef
deadbeef
deadbeef
deadbeef
deadbeef
deadbeef
deadbeef
deadbeef
deadbeef
deadbeef
deadbeef
deadbeef
deadbeef
deadbeef
deadbeef
deadbeef
deadbeef
deadbeef
deadbeef
deadbeef
deadbeef
deadbeef
deadbeef
deadbeef
deadbeef
deadbeef
deadbeef
deadbeef
deadbeef
deadbeef
deadbeef
deadbeef
deadbeef
deadbeef
deadbeef
deadbeef
deadbeef
deadbeef
deadbeef
deadbeef
deadbeef
deadbeef
deadbeef
deadbeef
deadbeef
deadbeef
deadbeef
deadbeef
deadbeef
deadbeef
deadbeef
deadbeef
deadbeef
deadbeef
deadbeef
deadbeef
deadbeef
deadbeef
deadbeef
deadbeef
deadbeef
deadbeef
deadbeef
deadbeef
deadbeef
deadbeef
deadbeef
deadbeef
deadbeef
deadbeef
deadbeef
deadbeef
deadbeef
deadbeef
deadbeef
deadbeef
deadbeef
deadbeef
deadbeef
deadbeef
deadbeef
deadbeef
deadbeef
deadbeef
deadbeef
deadbeef
deadbeef
deadbeef
deadbeef
deadbeef
deadbeef
deadbeef
deadbeef
deadbeef
deadbeef
deadbeef
deadbeef
deadbeef
deadbeef
deadbeef
deadbeef
deadbeef
deadbeef
deadbeef
deadbeef
deadbeef
deadbeef
deadbeef
deadbeef
deadbeef
deadbeef
deadbeef
deadbeef
deadbeef
deadbeef
deadbeef
deadbeef
deadbeef
deadbeef
deadbeef
deadbeef
deadbeef
deadbeef
deadbeef
deadbeef
deadbeef
deadbeef
deadbeef
deadbeef
deadbeef
deadbeef
deadbeef
deadbeef
deadbeef
deadbeef
deadbeef
deadbeef
deadbeef
deadbeef
deadbeef
deadbeef
deadbeef
deadbeef
deadbeef
deadbeef
deadbeef
deadbeef
deadbeef
deadbeef
deadbeef
deadbeef
deadbeef
deadbeef
deadbeef
deadbeef
deadbeef
deadbeef
deadbeef
deadbeef
deadbeef
deadbeef
deadbeef
deadbeef
deadbeef
deadbeef
deadbeef
deadbeef
deadbeef
deadbeef
deadbeef
deadbeef
deadbeef
deadbeef
deadbeef
deadbeef
deadbeef
deadbeef
deadbeef
deadbeef
deadbeef
deadbeef
deadbeef
deadbeef
deadbeef
deadbeef
deadbeef
deadbeef
deadbeef
deadbeef
deadbeef
deadbeef
deadbeef
deadbeef
deadbeef
deadbeef
deadbeef
deadbeef
deadbeef
deadbeef
deadbeef
deadbeef
deadbeef
deadbeef
deadbeef
deadbeef
deadbeef
deadbeef
deadbeef
deadbeef
deadbeef
deadbeef
deadbeef
deadbeef
deadbeef
deadbeef
deadbeef
deadbeef
deadbeef
deadbeef
deadbeef
deadbeef
deadbeef
deadbeef
deadbeef
deadbeef
deadbeef
deadbeef
deadbeef
deadbeef
deadbeef
deadbeef
deadbeef
deadbeef
deadbeef
deadbeef
deadbeef
deadbeef
deadbeef
deadbeef
deadbeef
deadbeef
deadbeef
deadbeef
deadbeef
deadbeef
deadbeef
deadbeef
deadbeef
deadbeef
deadbeef
deadbeef
deadbeef
deadbeef
deadbeef
deadbeef
deadbeef
deadbeef
deadbeef
deadbeef
deadbeef
deadbeef
deadbeef
deadbeef
deadbeef
deadbeef
deadbeef
deadbeef
deadbeef
deadbeef
deadbeef
deadbeef
deadbeef
deadbeef
deadbeef
deadbeef
deadbeef
deadbeef
deadbeef
deadbeef
deadbeef
deadbeef
deadbeef
deadbeef
deadbeef
deadbeef
deadbeef
deadbeef
deadbeef
deadbeef
deadbeef
deadbeef
deadbeef
deadbeef
deadbeef
deadbeef
deadbeef
deadbeef
deadbeef
deadbeef
deadbeef
deadbeef
deadbeef
deadbeef
deadbeef
deadbeef
deadbeef
deadbeef
deadbeef
deadbeef
deadbeef
deadbeef
deadbeef
deadbeef
deadbeef
deadbeef
deadbeef
deadbeef
deadbeef
deadbeef
deadbeef
deadbeef
deadbeef
deadbeef
deadbeef
deadbeef
deadbeef
deadbeef
deadbeef
deadbeef
deadbeef
deadbeef
deadbeef
deadbeef
deadbeef
deadbeef
deadbeef
deadbeef
deadbeef
deadbeef
deadbeef
deadbeef
deadbeef
deadbeef
deadbeef
deadbeef
deadbeef
deadbeef
deadbeef
deadbeef
deadbeef
deadbeef
deadbeef
deadbeef
deadbeef
deadbeef
deadbeef
deadbeef
deadbeef
deadbeef
deadbeef
deadbeef
deadbeef
deadbeef
deadbeef
deadbeef
deadbeef
deadbeef
deadbeef
deadbeef
deadbeef
deadbeef
deadbeef
deadbeef
deadbeef
deadbeef
deadbeef
deadbeef
deadbeef
deadbeef
deadbeef
deadbeef
deadbeef
deadbeef
deadbeef
deadbeef
deadbeef
deadbeef
deadbeef
deadbeef
deadbeef
deadbeef
deadbeef
deadbeef
deadbeef
deadbeef
deadbeef
deadbeef
deadbeef
deadbeef
deadbeef
deadbeef
deadbeef
deadbeef
deadbeef
deadbeef
deadbeef
deadbeef
deadbeef
deadbeef
deadbeef
deadbeef
deadbeef
deadbeef
deadbeef
deadbeef
deadbeef
deadbeef
deadbeef
deadbeef
deadbeef
deadbeef
deadbeef
deadbeef
deadbeef
deadbeef
deadbeef
deadbeef
deadbeef
deadbeef
deadbeef
deadbeef
deadbeef
deadbeef
deadbeef
deadbeef
deadbeef
deadbeef
deadbeef
deadbeef
deadbeef
deadbeef
deadbeef
deadbeef
deadbeef
deadbeef
deadbeef
deadbeef
deadbeef
deadbeef
deadbeef
deadbeef
deadbeef
deadbeef
deadbeef
deadbeef
deadbeef
deadbeef
deadbeef
deadbeef
deadbeef
deadbeef
deadbeef
deadbeef
deadbeef
deadbeef
deadbeef
deadbeef
deadbeef
deadbeef
deadbeef
deadbeef
deadbeef
deadbeef
deadbeef
deadbeef
deadbeef
deadbeef
deadbeef
deadbeef
deadbeef
deadbeef
deadbeef
deadbeef
deadbeef
deadbeef
deadbeef
deadbeef
deadbeef
deadbeef
deadbeef
deadbeef
deadbeef
deadbeef
deadbeef
deadbeef
deadbeef
deadbeef
deadbeef
deadbeef
deadbeef
deadbeef
deadbeef
deadbeef
deadbeef
deadbeef
deadbeef
deadbeef
deadbeef
deadbeef
deadbeef
deadbeef
deadbeef
deadbeef
deadbeef
deadbeef
deadbeef
deadbeef
deadbeef
deadbeef
deadbeef
deadbeef
deadbeef
deadbeef
deadbeef
deadbeef
deadbeef
deadbeef
deadbeef
deadbeef
deadbeef
deadbeef
deadbeef
deadbeef
deadbeef
deadbeef
deadbeef
deadbeef
deadbeef
deadbeef
deadbeef
deadbeef
deadbeef
deadbeef
deadbeef
deadbeef
deadbeef
deadbeef
deadbeef
deadbeef
deadbeef
deadbeef
deadbeef
deadbeef
deadbeef
deadbeef
deadbeef
deadbeef
deadbeef
deadbeef
deadbeef
deadbeef
deadbeef
deadbeef
deadbeef
deadbeef
deadbeef
deadbeef
deadbeef
deadbeef
deadbeef
deadbeef
deadbeef
deadbeef
deadbeef
deadbeef
deadbeef
deadbeef
deadbeef
deadbeef
deadbeef
deadbeef
deadbeef
deadbeef
deadbeef
deadbeef
deadbeef
deadbeef
deadbeef
deadbeef
deadbeef
deadbeef
deadbeef
deadbeef
deadbeef
deadbeef
deadbeef
deadbeef
deadbeef
deadbeef
deadbeef
deadbeef
deadbeef
deadbeef
deadbeef
deadbeef
deadbeef
deadbeef
deadbeef
deadbeef
deadbeef
deadbeef
deadbeef
deadbeef
deadbeef
deadbeef
deadbeef
deadbeef
deadbeef
deadbeef
deadbeef
deadbeef
deadbeef
deadbeef
deadbeef
deadbeef
deadbeef
deadbeef
deadbeef
deadbeef
deadbeef
deadbeef
deadbeef
deadbeef
deadbeef
deadbeef
deadbeef
deadbeef
deadbeef
deadbeef
deadbeef
deadbeef
deadbeef
deadbeef
deadbeef
deadbeef
deadbeef
deadbeef
deadbeef
deadbeef
deadbeef
deadbeef
deadbeef
deadbeef
deadbeef
deadbeef
deadbeef
deadbeef
deadbeef
deadbeef
deadbeef
deadbeef
deadbeef
deadbeef
deadbeef
deadbeef
deadbeef
deadbeef
deadbeef
deadbeef
deadbeef
deadbeef
deadbeef
deadbeef
deadbeef
deadbeef
deadbeef
deadbeef
deadbeef
deadbeef
deadbeef
deadbeef
deadbeef
deadbeef
deadbeef
deadbeef
deadbeef
deadbeef
deadbeef
deadbeef
deadbeef
deadbeef
deadbeef
deadbeef
deadbeef
deadbeef
deadbeef
deadbeef
deadbeef
deadbeef
deadbeef
deadbeef
deadbeef
deadbeef
deadbeef
deadbeef
deadbeef
deadbeef
deadbeef
deadbeef
deadbeef
deadbeef
deadbeef
deadbeef
deadbeef
deadbeef
deadbeef
deadbeef
deadbeef
deadbeef
deadbeef
deadbeef
deadbeef
deadbeef
deadbeef
deadbeef
deadbeef
deadbeef
deadbeef
deadbeef
deadbeef
deadbeef
deadbeef
deadbeef
deadbeef
deadbeef
deadbeef
deadbeef
deadbeef
deadbeef
deadbeef
deadbeef
deadbeef
deadbeef
deadbeef
deadbeef
deadbeef
deadbeef
deadbeef
deadbeef
deadbeef
deadbeef
deadbeef
deadbeef
deadbeef
deadbeef
deadbeef
deadbeef
deadbeef
deadbeef
deadbeef
deadbeef
deadbeef
deadbeef
deadbeef
deadbeef
deadbeef
deadbeef
deadbeef
deadbeef
deadbeef
deadbeef
deadbeef
deadbeef
deadbeef
deadbeef
deadbeef
deadbeef
deadbeef
deadbeef
deadbeef
deadbeef
deadbeef
deadbeef
deadbeef
deadbeef
deadbeef
deadbeef
deadbeef
deadbeef
deadbeef
deadbeef
deadbeef
deadbeef
deadbeef
deadbeef
deadbeef
deadbeef
deadbeef
deadbeef
deadbeef
deadbeef
deadbeef
deadbeef
deadbeef
deadbeef
deadbeef
deadbeef
deadbeef
deadbeef
deadbeef
deadbeef
deadbeef
deadbeef
deadbeef
deadbeef
deadbeef
deadbeef
deadbeef
deadbeef
deadbeef
deadbeef
deadbeef
deadbeef
deadbeef
deadbeef
deadbeef
deadbeef
deadbeef
deadbeef
deadbeef
deadbeef
deadbeef
deadbeef
deadbeef
deadbeef
deadbeef
deadbeef
deadbeef
deadbeef
deadbeef
deadbeef
deadbeef
deadbeef
deadbeef
deadbeef
deadbeef
deadbeef
deadbeef
deadbeef
deadbeef
deadbeef
deadbeef
deadbeef
deadbeef
deadbeef
deadbeef
deadbeef
deadbeef
deadbeef
deadbeef
deadbeef
deadbeef
deadbeef
deadbeef
deadbeef
deadbeef
deadbeef
deadbeef
deadbeef
deadbeef
deadbeef
deadbeef
deadbeef
deadbeef
deadbeef
deadbeef
deadbeef
deadbeef
deadbeef
deadbeef
deadbeef
deadbeef
deadbeef
deadbeef
deadbeef
deadbeef
deadbeef
deadbeef
deadbeef
deadbeef
deadbeef
deadbeef
deadbeef
deadbeef
deadbeef
deadbeef
deadbeef
deadbeef
deadbeef
deadbeef
deadbeef
deadbeef
deadbeef
deadbeef
deadbeef
deadbeef
deadbeef
deadbeef
deadbeef
deadbeef
deadbeef
deadbeef
deadbeef
deadbeef
deadbeef
deadbeef
deadbeef
deadbeef
deadbeef
deadbeef
deadbeef
deadbeef
deadbeef
deadbeef
deadbeef
deadbeef
deadbeef
deadbeef
deadbeef
deadbeef
deadbeef
deadbeef
deadbeef
deadbeef
deadbeef
deadbeef
deadbeef
deadbeef
deadbeef
deadbeef
deadbeef
deadbeef
deadbeef
deadbeef
deadbeef
deadbeef
deadbeef
deadbeef
deadbeef
deadbeef
deadbeef
deadbeef
deadbeef
deadbeef
deadbeef
deadbeef
deadbeef
deadbeef
deadbeef
deadbeef
deadbeef
deadbeef
deadbeef
deadbeef
deadbeef
deadbeef
deadbeef
deadbeef
deadbeef
deadbeef
deadbeef
deadbeef
deadbeef
deadbeef
deadbeef
deadbeef
deadbeef
deadbeef
deadbeef
deadbeef
deadbeef
deadbeef
deadbeef
deadbeef
deadbeef
deadbeef
deadbeef
deadbeef
deadbeef
deadbeef
deadbeef
deadbeef
deadbeef
deadbeef
deadbeef
deadbeef
deadbeef
deadbeef
deadbeef
deadbeef
deadbeef
deadbeef
deadbeef
deadbeef
deadbeef
deadbeef
deadbeef
deadbeef
deadbeef
deadbeef
deadbeef
deadbeef
deadbeef
deadbeef
deadbeef
deadbeef
deadbeef
deadbeef
deadbeef
deadbeef
deadbeef
deadbeef
deadbeef
deadbeef
deadbeef
deadbeef
deadbeef
deadbeef
deadbeef
deadbeef
deadbeef
deadbeef
deadbeef
deadbeef
deadbeef
deadbeef
deadbeef
deadbeef
deadbeef
deadbeef
deadbeef
deadbeef
deadbeef
deadbeef
deadbeef
deadbeef
deadbeef
deadbeef
deadbeef
deadbeef
deadbeef
deadbeef
deadbeef
deadbeef
deadbeef
deadbeef
deadbeef
deadbeef
deadbeef
deadbeef
deadbeef
deadbeef
deadbeef
deadbeef
deadbeef
deadbeef
deadbeef
deadbeef
deadbeef
deadbeef
deadbeef
deadbeef
deadbeef
deadbeef
deadbeef
deadbeef
deadbeef
deadbeef
deadbeef
deadbeef
deadbeef
deadbeef
deadbeef
deadbeef
deadbeef
deadbeef
deadbeef
deadbeef
deadbeef
deadbeef
deadbeef
deadbeef
deadbeef
deadbeef
deadbeef
deadbeef
deadbeef
deadbeef
deadbeef
deadbeef
deadbeef
deadbeef
deadbeef
deadbeef
deadbeef
deadbeef
deadbeef
deadbeef
deadbeef
deadbeef
deadbeef
deadbeef
deadbeef
deadbeef
deadbeef
deadbeef
deadbeef
deadbeef
deadbeef
deadbeef
deadbeef
deadbeef
deadbeef
deadbeef
deadbeef
deadbeef
deadbeef
deadbeef
deadbeef
deadbeef
deadbeef
deadbeef
deadbeef
deadbeef
deadbeef
deadbeef
deadbeef
deadbeef
deadbeef
deadbeef
deadbeef
deadbeef
deadbeef
deadbeef
deadbeef
deadbeef
deadbeef
deadbeef
deadbeef
deadbeef
deadbeef
deadbeef
deadbeef
deadbeef
deadbeef
deadbeef
deadbeef
deadbeef
deadbeef
deadbeef
deadbeef
deadbeef
deadbeef
deadbeef
deadbeef
deadbeef
deadbeef
deadbeef
deadbeef
deadbeef
deadbeef
deadbeef
deadbeef
deadbeef
deadbeef
deadbeef
deadbeef
deadbeef
deadbeef
deadbeef
deadbeef
deadbeef
deadbeef
deadbeef
deadbeef
deadbeef
deadbeef
deadbeef
deadbeef
deadbeef
deadbeef
deadbeef
deadbeef
deadbeef
deadbeef
deadbeef
deadbeef
deadbeef
deadbeef
deadbeef
deadbeef
deadbeef
deadbeef
deadbeef
deadbeef
deadbeef
deadbeef
deadbeef
deadbeef
deadbeef
deadbeef
deadbeef
deadbeef
deadbeef
deadbeef
deadbeef
deadbeef
deadbeef
deadbeef
deadbeef
deadbeef
deadbeef
deadbeef
deadbeef
deadbeef
deadbeef
deadbeef
deadbeef
deadbeef
deadbeef
deadbeef
deadbeef
deadbeef
deadbeef
deadbeef
deadbeef
deadbeef
deadbeef
deadbeef
deadbeef
deadbeef
deadbeef
deadbeef
deadbeef
deadbeef
deadbeef
deadbeef
deadbeef
deadbeef
deadbeef
deadbeef
deadbeef
deadbeef
deadbeef
deadbeef
deadbeef
deadbeef
deadbeef
deadbeef
deadbeef
deadbeef
deadbeef
deadbeef
deadbeef
deadbeef
deadbeef
deadbeef
deadbeef
deadbeef
deadbeef
deadbeef
deadbeef
deadbeef
deadbeef
deadbeef
deadbeef
deadbeef
deadbeef
deadbeef
deadbeef
deadbeef
deadbeef
deadbeef
deadbeef
deadbeef
deadbeef
deadbeef
deadbeef
deadbeef
deadbeef
deadbeef
deadbeef
deadbeef
deadbeef
deadbeef
deadbeef
deadbeef
deadbeef
deadbeef
deadbeef
deadbeef
deadbeef
deadbeef
deadbeef
deadbeef
deadbeef
deadbeef
deadbeef
deadbeef
deadbeef
deadbeef
deadbeef
deadbeef
deadbeef
deadbeef
deadbeef
deadbeef
deadbeef
deadbeef
deadbeef
deadbeef
deadbeef
deadbeef
deadbeef
deadbeef
deadbeef
deadbeef
deadbeef
deadbeef
deadbeef
deadbeef
deadbeef
deadbeef
deadbeef
deadbeef
deadbeef
deadbeef
deadbeef
deadbeef
deadbeef
deadbeef
deadbeef
deadbeef
deadbeef
deadbeef
deadbeef
deadbeef
deadbeef
deadbeef
deadbeef
deadbeef
deadbeef
deadbeef
deadbeef
deadbeef
deadbeef
deadbeef
deadbeef
deadbeef
deadbeef
deadbeef
deadbeef
deadbeef
deadbeef
deadbeef
deadbeef
deadbeef
deadbeef
deadbeef
deadbeef
deadbeef
deadbeef
deadbeef
deadbeef
deadbeef
deadbeef
deadbeef
deadbeef
deadbeef
deadbeef
deadbeef
deadbeef
deadbeef
deadbeef
deadbeef
deadbeef
deadbeef
deadbeef
deadbeef
deadbeef
deadbeef
deadbeef
deadbeef
deadbeef
deadbeef
deadbeef
deadbeef
deadbeef
deadbeef
deadbeef
deadbeef
deadbeef
deadbeef
deadbeef
deadbeef
deadbeef
deadbeef
deadbeef
deadbeef
deadbeef
deadbeef
deadbeef
deadbeef
deadbeef
deadbeef
deadbeef
deadbeef
deadbeef
deadbeef
deadbeef
deadbeef
deadbeef
deadbeef
deadbeef
deadbeef
deadbeef
deadbeef
deadbeef
deadbeef
deadbeef
deadbeef
deadbeef
deadbeef
deadbeef
deadbeef
deadbeef
deadbeef
deadbeef
deadbeef
deadbeef
deadbeef
deadbeef
deadbeef
deadbeef
deadbeef
deadbeef
deadbeef
deadbeef
deadbeef
deadbeef
deadbeef
deadbeef
deadbeef
deadbeef
deadbeef
deadbeef
deadbeef
deadbeef
deadbeef
deadbeef
deadbeef
deadbeef
deadbeef
deadbeef
deadbeef
deadbeef
deadbeef
deadbeef
deadbeef
deadbeef
deadbeef
deadbeef
deadbeef
deadbeef
deadbeef
deadbeef
deadbeef
deadbeef
deadbeef
deadbeef
deadbeef
deadbeef
deadbeef
deadbeef
deadbeef
deadbeef
deadbeef
deadbeef
deadbeef
deadbeef
deadbeef
deadbeef
deadbeef
deadbeef
deadbeef
deadbeef
deadbeef
deadbeef
deadbeef
deadbeef
deadbeef
deadbeef
deadbeef
deadbeef
deadbeef
deadbeef
deadbeef
deadbeef
deadbeef
deadbeef
deadbeef
deadbeef
deadbeef
deadbeef
deadbeef
deadbeef
deadbeef
deadbeef
deadbeef
deadbeef
deadbeef
deadbeef
deadbeef
deadbeef
deadbeef
deadbeef
deadbeef
deadbeef
deadbeef
deadbeef
deadbeef
deadbeef
deadbeef
deadbeef
deadbeef
deadbeef
deadbeef
deadbeef
deadbeef
deadbeef
deadbeef
deadbeef
deadbeef
deadbeef
deadbeef
deadbeef
deadbeef
deadbeef
deadbeef
deadbeef
deadbeef
deadbeef
deadbeef
deadbeef
deadbeef
deadbeef
deadbeef
deadbeef
deadbeef
deadbeef
deadbeef
deadbeef
deadbeef
deadbeef
deadbeef
deadbeef
deadbeef
deadbeef
deadbeef
deadbeef
deadbeef
deadbeef
deadbeef
deadbeef
deadbeef
deadbeef
deadbeef
deadbeef
deadbeef
deadbeef
deadbeef
deadbeef
deadbeef
deadbeef
deadbeef
deadbeef
deadbeef
deadbeef
deadbeef
deadbeef
deadbeef
deadbeef
deadbeef
deadbeef
deadbeef
deadbeef
deadbeef
deadbeef
deadbeef
deadbeef
deadbeef
deadbeef
deadbeef
deadbeef
deadbeef
deadbeef
deadbeef
deadbeef
deadbeef
deadbeef
deadbeef
deadbeef
deadbeef
deadbeef
deadbeef
deadbeef
deadbeef
deadbeef
deadbeef
deadbeef
deadbeef
deadbeef
deadbeef
deadbeef
deadbeef
deadbeef
deadbeef
deadbeef
deadbeef
deadbeef
deadbeef
deadbeef
deadbeef
deadbeef
deadbeef
deadbeef
deadbeef
deadbeef
deadbeef
deadbeef
deadbeef
deadbeef
deadbeef
deadbeef
deadbeef
deadbeef
deadbeef
deadbeef
deadbeef
deadbeef
deadbeef
deadbeef
deadbeef
deadbeef
deadbeef
deadbeef
deadbeef
deadbeef
deadbeef
deadbeef
deadbeef
deadbeef
deadbeef
deadbeef
deadbeef
deadbeef
deadbeef
deadbeef
deadbeef
deadbeef
deadbeef
deadbeef
deadbeef
deadbeef
deadbeef
deadbeef
deadbeef
deadbeef
deadbeef
deadbeef
deadbeef
deadbeef
deadbeef
deadbeef
deadbeef
deadbeef
deadbeef
deadbeef
deadbeef
deadbeef
deadbeef
deadbeef
deadbeef
deadbeef
deadbeef
deadbeef
deadbeef
deadbeef
deadbeef
deadbeef
deadbeef
deadbeef
deadbeef
deadbeef
deadbeef
deadbeef
deadbeef
deadbeef
deadbeef
deadbeef
deadbeef
deadbeef
deadbeef
deadbeef
deadbeef
deadbeef
deadbeef
deadbeef
deadbeef
deadbeef
deadbeef
deadbeef
deadbeef
deadbeef
deadbeef
deadbeef
deadbeef
deadbeef
deadbeef
deadbeef
deadbeef
deadbeef
deadbeef
deadbeef
deadbeef
deadbeef
deadbeef
deadbeef
deadbeef
deadbeef
deadbeef
deadbeef
deadbeef
deadbeef
deadbeef
deadbeef
deadbeef
deadbeef
deadbeef
deadbeef
deadbeef
deadbeef
deadbeef
deadbeef
deadbeef
deadbeef
deadbeef
deadbeef
deadbeef
deadbeef
deadbeef
deadbeef
deadbeef
deadbeef
deadbeef
deadbeef
deadbeef
deadbeef
deadbeef
deadbeef
deadbeef
deadbeef
deadbeef
deadbeef
deadbeef
deadbeef
deadbeef
deadbeef
deadbeef
deadbeef
deadbeef
deadbeef
deadbeef
deadbeef
deadbeef
deadbeef
deadbeef
deadbeef
deadbeef
deadbeef
deadbeef
deadbeef
deadbeef
deadbeef
deadbeef
deadbeef
deadbeef
deadbeef
deadbeef
deadbeef
deadbeef
deadbeef
deadbeef
deadbeef
deadbeef
deadbeef
deadbeef
deadbeef
deadbeef
deadbeef
deadbeef
deadbeef
deadbeef
deadbeef
deadbeef
deadbeef
deadbeef
deadbeef
deadbeef
deadbeef
deadbeef
deadbeef
deadbeef
deadbeef
deadbeef
deadbeef
deadbeef
deadbeef
deadbeef
deadbeef
deadbeef
deadbeef
deadbeef
deadbeef
deadbeef
deadbeef
deadbeef
deadbeef
deadbeef
deadbeef
deadbeef
deadbeef
deadbeef
deadbeef
deadbeef
deadbeef
deadbeef
deadbeef
deadbeef
deadbeef
deadbeef
deadbeef
deadbeef
deadbeef
deadbeef
deadbeef
deadbeef
deadbeef
deadbeef
deadbeef
deadbeef
deadbeef
deadbeef
deadbeef
deadbeef
deadbeef
deadbeef
deadbeef
deadbeef
deadbeef
deadbeef
deadbeef
deadbeef
deadbeef
deadbeef
deadbeef
deadbeef
deadbeef
deadbeef
deadbeef
deadbeef
deadbeef
deadbeef
deadbeef
deadbeef
deadbeef
deadbeef
deadbeef
deadbeef
deadbeef
deadbeef
deadbeef
deadbeef
deadbeef
deadbeef
deadbeef
deadbeef
deadbeef
deadbeef
deadbeef
deadbeef
deadbeef
deadbeef
deadbeef
deadbeef
deadbeef
deadbeef
deadbeef
deadbeef
deadbeef
deadbeef
deadbeef
deadbeef
deadbeef
deadbeef
deadbeef
deadbeef
deadbeef
deadbeef
deadbeef
deadbeef
deadbeef
deadbeef
deadbeef
deadbeef
deadbeef
deadbeef
deadbeef
deadbeef
deadbeef
deadbeef
deadbeef
deadbeef
deadbeef
deadbeef
deadbeef
deadbeef
deadbeef
deadbeef
deadbeef
deadbeef
deadbeef
deadbeef
deadbeef
deadbeef
deadbeef
deadbeef
deadbeef
deadbeef
deadbeef
deadbeef
deadbeef
deadbeef
deadbeef
deadbeef
deadbeef
deadbeef
deadbeef
deadbeef
deadbeef
deadbeef
deadbeef
deadbeef
deadbeef
deadbeef
deadbeef
deadbeef
deadbeef
deadbeef
deadbeef
deadbeef
deadbeef
deadbeef
deadbeef
deadbeef
deadbeef
deadbeef
deadbeef
deadbeef
deadbeef
deadbeef
deadbeef
deadbeef
deadbeef
deadbeef
deadbeef
deadbeef
deadbeef
deadbeef
deadbeef
deadbeef
deadbeef
deadbeef
deadbeef
deadbeef
deadbeef
deadbeef
deadbeef
deadbeef
deadbeef
deadbeef
deadbeef
deadbeef
deadbeef
deadbeef
deadbeef
deadbeef
deadbeef
deadbeef
deadbeef
deadbeef
deadbeef
deadbeef
deadbeef
deadbeef
deadbeef
deadbeef
deadbeef
deadbeef
deadbeef
deadbeef
deadbeef
deadbeef
deadbeef
deadbeef
deadbeef
deadbeef
deadbeef
deadbeef
deadbeef
deadbeef
deadbeef
deadbeef
deadbeef
deadbeef
deadbeef
deadbeef
deadbeef
deadbeef
deadbeef
deadbeef
deadbeef
deadbeef
deadbeef
deadbeef
deadbeef
deadbeef
deadbeef
deadbeef
deadbeef
deadbeef
deadbeef
deadbeef
deadbeef
deadbeef
deadbeef
deadbeef
deadbeef
deadbeef
deadbeef
deadbeef
deadbeef
deadbeef
deadbeef
deadbeef
deadbeef
deadbeef
deadbeef
deadbeef
deadbeef
deadbeef
deadbeef
deadbeef
deadbeef
deadbeef
deadbeef
deadbeef
deadbeef
deadbeef
deadbeef
deadbeef
deadbeef
deadbeef
deadbeef
deadbeef
deadbeef
deadbeef
deadbeef
deadbeef
deadbeef
deadbeef
deadbeef
deadbeef
deadbeef
deadbeef
deadbeef
deadbeef
deadbeef
deadbeef
deadbeef
deadbeef
deadbeef
deadbeef
deadbeef
deadbeef
deadbeef
deadbeef
deadbeef
deadbeef
deadbeef
deadbeef
deadbeef
deadbeef
deadbeef
deadbeef
deadbeef
deadbeef
deadbeef
deadbeef
deadbeef
deadbeef
deadbeef
deadbeef
deadbeef
deadbeef
deadbeef
deadbeef
deadbeef
deadbeef
deadbeef
deadbeef
deadbeef
deadbeef
deadbeef
deadbeef
deadbeef
deadbeef
deadbeef
deadbeef
deadbeef
deadbeef
deadbeef
deadbeef
deadbeef
deadbeef
deadbeef
deadbeef
deadbeef
deadbeef
deadbeef
deadbeef
deadbeef
deadbeef
deadbeef
deadbeef
deadbeef
deadbeef
deadbeef
deadbeef
deadbeef
deadbeef
deadbeef
deadbeef
deadbeef
deadbeef
deadbeef
deadbeef
deadbeef
deadbeef
deadbeef
deadbeef
deadbeef
deadbeef
deadbeef
deadbeef
deadbeef
deadbeef
deadbeef
deadbeef
deadbeef
deadbeef
deadbeef
deadbeef
deadbeef
deadbeef
deadbeef
deadbeef
deadbeef
deadbeef
deadbeef
deadbeef
deadbeef
deadbeef
deadbeef
deadbeef
deadbeef
deadbeef
deadbeef
deadbeef
deadbeef
deadbeef
deadbeef
deadbeef
deadbeef
deadbeef
deadbeef
deadbeef
deadbeef
deadbeef
deadbeef
deadbeef
deadbeef
deadbeef
deadbeef
deadbeef
deadbeef
deadbeef
deadbeef
deadbeef
deadbeef
deadbeef
deadbeef
deadbeef
deadbeef
deadbeef
deadbeef
deadbeef
deadbeef
deadbeef
deadbeef
deadbeef
deadbeef
deadbeef
deadbeef
deadbeef
deadbeef
deadbeef
deadbeef
deadbeef
deadbeef
deadbeef
deadbeef
deadbeef
deadbeef
deadbeef
deadbeef
deadbeef
deadbeef
deadbeef
deadbeef
deadbeef
deadbeef
deadbeef
deadbeef
deadbeef
deadbeef
deadbeef
deadbeef
deadbeef
deadbeef
deadbeef
deadbeef
deadbeef
deadbeef
deadbeef
deadbeef
deadbeef
deadbeef
deadbeef
deadbeef
deadbeef
deadbeef
deadbeef
deadbeef
deadbeef
deadbeef
deadbeef
deadbeef
deadbeef
deadbeef
deadbeef
deadbeef
deadbeef
deadbeef
deadbeef
deadbeef
deadbeef
deadbeef
deadbeef
deadbeef
deadbeef
deadbeef
deadbeef
deadbeef
deadbeef
deadbeef
deadbeef
deadbeef
deadbeef
deadbeef
deadbeef
deadbeef
deadbeef
deadbeef
deadbeef
deadbeef
deadbeef
deadbeef
deadbeef
deadbeef
deadbeef
deadbeef
deadbeef
deadbeef
deadbeef
deadbeef
deadbeef
deadbeef
deadbeef
deadbeef
deadbeef
deadbeef
deadbeef
deadbeef
deadbeef
deadbeef
deadbeef
deadbeef
deadbeef
deadbeef
deadbeef
deadbeef
deadbeef
deadbeef
deadbeef
deadbeef
deadbeef
deadbeef
deadbeef
deadbeef
deadbeef
deadbeef
deadbeef
deadbeef
deadbeef
deadbeef
deadbeef
deadbeef
deadbeef
deadbeef
deadbeef
deadbeef
deadbeef
deadbeef
deadbeef
deadbeef
deadbeef
deadbeef
deadbeef
deadbeef
deadbeef
deadbeef
deadbeef
deadbeef
deadbeef
deadbeef
deadbeef
deadbeef
deadbeef
deadbeef
deadbeef
deadbeef
deadbeef
deadbeef
deadbeef
deadbeef
deadbeef
deadbeef
deadbeef
deadbeef
deadbeef
deadbeef
deadbeef
deadbeef
deadbeef
deadbeef
deadbeef
deadbeef
deadbeef
deadbeef
deadbeef
deadbeef
deadbeef
deadbeef
deadbeef
deadbeef
deadbeef
deadbeef
deadbeef
deadbeef
deadbeef
deadbeef
deadbeef
deadbeef
deadbeef
deadbeef
deadbeef
deadbeef
deadbeef
deadbeef
deadbeef
deadbeef
deadbeef
deadbeef
deadbeef
deadbeef
deadbeef
deadbeef
deadbeef
deadbeef
deadbeef
deadbeef
deadbeef
deadbeef
deadbeef
deadbeef
deadbeef
deadbeef
deadbeef
deadbeef
deadbeef
deadbeef
deadbeef
deadbeef
deadbeef
deadbeef
deadbeef
deadbeef
deadbeef
deadbeef
deadbeef
deadbeef
deadbeef
deadbeef
deadbeef
deadbeef
deadbeef
deadbeef
deadbeef
deadbeef
deadbeef
deadbeef
deadbeef
deadbeef
deadbeef
deadbeef
deadbeef
deadbeef
deadbeef
deadbeef
deadbeef
deadbeef
deadbeef
deadbeef
deadbeef
deadbeef
deadbeef
deadbeef
deadbeef
deadbeef
deadbeef
deadbeef
deadbeef
deadbeef
deadbeef
deadbeef
deadbeef
deadbeef
deadbeef
deadbeef
deadbeef
deadbeef
deadbeef
deadbeef
deadbeef
deadbeef
deadbeef
deadbeef
deadbeef
deadbeef
deadbeef
deadbeef
deadbeef
deadbeef
deadbeef
deadbeef
deadbeef
deadbeef
deadbeef
deadbeef
deadbeef
deadbeef
deadbeef
deadbeef
deadbeef
deadbeef
deadbeef
deadbeef
deadbeef
deadbeef
deadbeef
deadbeef
deadbeef
deadbeef
deadbeef
deadbeef
deadbeef
deadbeef
deadbeef
deadbeef
deadbeef
deadbeef
deadbeef
deadbeef
deadbeef
deadbeef
deadbeef
deadbeef
deadbeef
deadbeef
deadbeef
deadbeef
deadbeef
deadbeef
deadbeef
deadbeef
deadbeef
deadbeef
deadbeef
deadbeef
deadbeef
deadbeef
deadbeef
deadbeef
deadbeef
deadbeef
deadbeef
deadbeef
deadbeef
deadbeef
deadbeef
deadbeef
deadbeef
deadbeef
deadbeef
deadbeef
deadbeef
deadbeef
deadbeef
deadbeef
deadbeef
deadbeef
deadbeef
deadbeef
deadbeef
deadbeef
deadbeef
deadbeef
deadbeef
deadbeef
deadbeef
deadbeef
deadbeef
deadbeef
deadbeef
deadbeef
deadbeef
deadbeef
deadbeef
deadbeef
deadbeef
deadbeef
deadbeef
deadbeef
deadbeef
deadbeef
deadbeef
deadbeef
deadbeef
deadbeef
deadbeef
deadbeef
deadbeef
deadbeef
deadbeef
deadbeef
deadbeef
deadbeef
deadbeef
deadbeef
deadbeef
deadbeef
deadbeef
deadbeef
deadbeef
deadbeef
deadbeef
deadbeef
deadbeef
deadbeef
deadbeef
deadbeef
deadbeef
deadbeef
deadbeef
deadbeef
deadbeef
deadbeef
deadbeef
deadbeef
deadbeef
deadbeef
deadbeef
deadbeef
deadbeef
deadbeef
deadbeef
deadbeef
deadbeef
deadbeef
deadbeef
deadbeef
deadbeef
deadbeef
deadbeef
deadbeef
deadbeef
deadbeef
deadbeef
deadbeef
deadbeef
deadbeef
deadbeef
deadbeef
deadbeef
deadbeef
deadbeef
deadbeef
deadbeef
deadbeef
deadbeef
deadbeef
deadbeef
deadbeef
deadbeef
deadbeef
deadbeef
deadbeef
deadbeef
deadbeef
deadbeef
deadbeef
deadbeef
deadbeef
deadbeef
deadbeef
deadbeef
deadbeef
deadbeef
deadbeef
deadbeef
deadbeef
deadbeef
deadbeef
deadbeef
deadbeef
deadbeef
deadbeef
deadbeef
deadbeef
deadbeef
deadbeef
deadbeef
deadbeef
deadbeef
deadbeef
deadbeef
deadbeef
deadbeef
deadbeef
deadbeef
deadbeef
deadbeef
deadbeef
deadbeef
deadbeef
deadbeef
deadbeef
deadbeef
deadbeef
deadbeef
deadbeef
deadbeef
deadbeef
deadbeef
deadbeef
deadbeef
deadbeef
deadbeef
deadbeef
deadbeef
deadbeef
deadbeef
deadbeef
deadbeef
deadbeef
deadbeef
deadbeef
deadbeef
deadbeef
deadbeef
deadbeef
deadbeef
deadbeef
deadbeef
deadbeef
deadbeef
deadbeef
deadbeef
deadbeef
deadbeef
deadbeef
deadbeef
deadbeef
deadbeef
deadbeef
deadbeef
deadbeef
deadbeef
deadbeef
deadbeef
deadbeef
deadbeef
deadbeef
deadbeef
deadbeef
deadbeef
deadbeef
deadbeef
deadbeef
deadbeef
deadbeef
deadbeef
deadbeef
deadbeef
deadbeef
deadbeef
deadbeef
deadbeef
deadbeef
deadbeef
deadbeef
deadbeef
deadbeef
deadbeef
deadbeef
deadbeef
deadbeef
deadbeef
deadbeef
deadbeef
deadbeef
deadbeef
deadbeef
deadbeef
deadbeef
deadbeef
deadbeef
deadbeef
deadbeef
deadbeef
deadbeef
deadbeef
deadbeef
deadbeef
deadbeef
deadbeef
deadbeef
deadbeef
deadbeef
deadbeef
deadbeef
deadbeef
deadbeef
deadbeef
deadbeef
deadbeef
deadbeef
deadbeef
deadbeef
deadbeef
deadbeef
deadbeef
deadbeef
deadbeef
deadbeef
deadbeef
deadbeef
deadbeef
deadbeef
deadbeef
deadbeef
deadbeef
deadbeef
deadbeef
deadbeef
deadbeef
deadbeef
deadbeef
deadbeef
deadbeef
deadbeef
deadbeef
deadbeef
deadbeef
deadbeef
deadbeef
deadbeef
deadbeef
deadbeef
deadbeef
deadbeef
deadbeef
deadbeef
deadbeef
deadbeef
deadbeef
deadbeef
deadbeef
deadbeef
deadbeef
deadbeef
deadbeef
deadbeef
deadbeef
deadbeef
deadbeef
deadbeef
deadbeef
deadbeef
deadbeef
deadbeef
deadbeef
deadbeef
deadbeef
deadbeef
deadbeef
deadbeef
deadbeef
deadbeef
deadbeef
deadbeef
deadbeef
deadbeef
deadbeef
deadbeef
deadbeef
deadbeef
deadbeef
deadbeef
deadbeef
deadbeef
deadbeef
deadbeef
deadbeef
deadbeef
deadbeef
deadbeef
deadbeef
deadbeef
deadbeef
deadbeef
deadbeef
deadbeef
deadbeef
deadbeef
deadbeef
deadbeef
deadbeef
deadbeef
deadbeef
deadbeef
deadbeef
deadbeef
deadbeef
deadbeef
deadbeef
deadbeef
deadbeef
deadbeef
deadbeef
deadbeef
deadbeef
deadbeef
deadbeef
deadbeef
deadbeef
deadbeef
deadbeef
deadbeef
deadbeef
deadbeef
deadbeef
deadbeef
deadbeef
deadbeef
deadbeef
deadbeef
deadbeef
deadbeef
deadbeef
deadbeef
deadbeef
deadbeef
deadbeef
deadbeef
deadbeef
deadbeef
deadbeef
deadbeef
deadbeef
deadbeef
deadbeef
deadbeef
deadbeef
deadbeef
deadbeef
deadbeef
deadbeef
deadbeef
deadbeef
deadbeef
deadbeef
deadbeef
deadbeef
deadbeef
deadbeef
deadbeef
deadbeef
deadbeef
deadbeef
deadbeef
deadbeef
deadbeef
deadbeef
deadbeef
deadbeef
deadbeef
deadbeef
deadbeef
deadbeef
deadbeef
deadbeef
deadbeef
deadbeef
deadbeef
deadbeef
deadbeef
deadbeef
deadbeef
deadbeef
deadbeef
deadbeef
deadbeef
deadbeef
deadbeef
deadbeef
deadbeef
deadbeef
deadbeef
deadbeef
deadbeef
deadbeef
deadbeef
deadbeef
deadbeef
deadbeef
deadbeef
deadbeef
deadbeef
deadbeef
deadbeef
deadbeef
deadbeef
deadbeef
deadbeef
deadbeef
deadbeef
deadbeef
deadbeef
deadbeef
deadbeef
deadbeef
deadbeef
deadbeef
deadbeef
deadbeef
deadbeef
deadbeef
deadbeef
deadbeef
deadbeef
deadbeef
deadbeef
deadbeef
deadbeef
deadbeef
deadbeef
deadbeef
deadbeef
deadbeef
deadbeef
deadbeef
deadbeef
deadbeef
deadbeef
deadbeef
deadbeef
deadbeef
deadbeef
deadbeef
deadbeef
deadbeef
deadbeef
deadbeef
deadbeef
deadbeef
deadbeef
deadbeef
deadbeef
deadbeef
deadbeef
deadbeef
deadbeef
deadbeef
deadbeef
deadbeef
deadbeef
deadbeef
deadbeef
deadbeef
deadbeef
deadbeef
deadbeef
deadbeef
deadbeef
deadbeef
deadbeef
deadbeef
deadbeef
deadbeef
deadbeef
deadbeef
deadbeef
deadbeef
deadbeef
deadbeef
deadbeef
deadbeef
deadbeef
deadbeef
deadbeef
deadbeef
deadbeef
deadbeef
deadbeef
deadbeef
deadbeef
deadbeef
deadbeef
deadbeef
deadbeef
deadbeef
deadbeef
deadbeef
deadbeef
deadbeef
deadbeef
deadbeef
deadbeef
deadbeef
deadbeef
deadbeef
deadbeef
deadbeef
deadbeef
deadbeef
deadbeef
deadbeef
deadbeef
deadbeef
deadbeef
deadbeef
deadbeef
deadbeef
deadbeef
deadbeef
deadbeef
deadbeef
deadbeef
deadbeef
deadbeef
deadbeef
deadbeef
deadbeef
deadbeef
deadbeef
deadbeef
deadbeef
deadbeef
deadbeef
deadbeef
deadbeef
deadbeef
deadbeef
deadbeef
deadbeef
deadbeef
deadbeef
deadbeef
deadbeef
deadbeef
deadbeef
deadbeef
deadbeef
deadbeef
deadbeef
deadbeef
deadbeef
deadbeef
deadbeef
deadbeef
deadbeef
deadbeef
deadbeef
deadbeef
deadbeef
deadbeef
deadbeef
deadbeef
deadbeef
deadbeef
deadbeef
deadbeef
deadbeef
deadbeef
deadbeef
deadbeef
deadbeef
deadbeef
deadbeef
deadbeef
deadbeef
deadbeef
deadbeef
deadbeef
deadbeef
deadbeef
deadbeef
deadbeef
deadbeef
deadbeef
deadbeef
deadbeef
deadbeef
deadbeef
deadbeef
deadbeef
deadbeef
deadbeef
deadbeef
deadbeef
deadbeef
deadbeef
deadbeef
deadbeef
deadbeef
deadbeef
deadbeef
deadbeef
deadbeef
deadbeef
deadbeef
deadbeef
deadbeef
deadbeef
deadbeef
deadbeef
deadbeef
deadbeef
deadbeef
deadbeef
deadbeef
deadbeef
deadbeef
deadbeef
deadbeef
deadbeef
deadbeef
deadbeef
deadbeef
deadbeef
deadbeef
deadbeef
deadbeef
deadbeef
deadbeef
deadbeef
deadbeef
deadbeef
deadbeef
deadbeef
deadbeef
deadbeef
deadbeef
deadbeef
deadbeef
deadbeef
deadbeef
deadbeef
deadbeef
deadbeef
deadbeef
deadbeef
deadbeef
deadbeef
deadbeef
deadbeef
deadbeef
deadbeef
deadbeef
deadbeef
deadbeef
deadbeef
deadbeef
deadbeef
deadbeef
deadbeef
deadbeef
deadbeef
deadbeef
deadbeef
deadbeef
deadbeef
deadbeef
deadbeef
deadbeef
deadbeef
deadbeef
deadbeef
deadbeef
deadbeef
deadbeef
deadbeef
deadbeef
deadbeef
deadbeef
deadbeef
deadbeef
deadbeef
deadbeef
deadbeef
deadbeef
deadbeef
deadbeef
deadbeef
deadbeef
deadbeef
deadbeef
deadbeef
deadbeef
deadbeef
deadbeef
deadbeef
deadbeef
deadbeef
deadbeef
deadbeef
deadbeef
deadbeef
deadbeef
deadbeef
deadbeef
deadbeef
deadbeef
deadbeef
deadbeef
deadbeef
deadbeef
deadbeef
deadbeef
deadbeef
deadbeef
deadbeef
deadbeef
deadbeef
deadbeef
deadbeef
deadbeef
deadbeef
deadbeef
deadbeef
deadbeef
deadbeef
deadbeef
deadbeef
deadbeef
deadbeef
deadbeef
deadbeef
deadbeef
deadbeef
deadbeef
deadbeef
deadbeef
deadbeef
deadbeef
deadbeef
deadbeef
deadbeef
deadbeef
deadbeef
deadbeef
deadbeef
deadbeef
deadbeef
deadbeef
deadbeef
deadbeef
deadbeef
deadbeef
deadbeef
deadbeef
deadbeef
deadbeef
deadbeef
deadbeef
deadbeef
deadbeef
deadbeef
deadbeef
deadbeef
deadbeef
deadbeef
deadbeef
deadbeef
deadbeef
deadbeef
deadbeef
deadbeef
deadbeef
deadbeef
deadbeef
deadbeef
deadbeef
deadbeef
deadbeef
deadbeef
deadbeef
deadbeef
deadbeef
deadbeef
deadbeef
deadbeef
deadbeef
deadbeef
deadbeef
deadbeef
deadbeef
deadbeef
deadbeef
deadbeef
deadbeef
deadbeef
deadbeef
deadbeef
deadbeef
deadbeef
deadbeef
deadbeef
deadbeef
deadbeef
deadbeef
deadbeef
deadbeef
deadbeef
deadbeef
deadbeef
deadbeef
deadbeef
deadbeef
deadbeef
deadbeef
deadbeef
deadbeef
deadbeef
deadbeef
deadbeef
deadbeef
deadbeef
deadbeef
deadbeef
deadbeef
deadbeef
deadbeef
deadbeef
deadbeef
deadbeef
deadbeef
deadbeef
deadbeef
deadbeef
deadbeef
deadbeef
deadbeef
deadbeef
deadbeef
deadbeef
deadbeef
deadbeef
deadbeef
deadbeef
deadbeef
deadbeef
deadbeef
deadbeef
deadbeef
deadbeef
deadbeef
deadbeef
deadbeef
deadbeef
deadbeef
deadbeef
deadbeef
deadbeef
deadbeef
deadbeef
deadbeef
deadbeef
deadbeef
deadbeef
deadbeef
deadbeef
deadbeef
deadbeef
deadbeef
deadbeef
deadbeef
deadbeef
deadbeef
deadbeef
deadbeef
deadbeef
deadbeef
deadbeef
deadbeef
deadbeef
deadbeef
deadbeef
deadbeef
deadbeef
deadbeef
deadbeef
deadbeef
deadbeef
deadbeef
deadbeef
deadbeef
deadbeef
deadbeef
deadbeef
deadbeef
deadbeef
deadbeef
deadbeef
deadbeef
deadbeef
deadbeef
deadbeef
deadbeef
deadbeef
deadbeef
deadbeef
deadbeef
deadbeef
deadbeef
deadbeef
deadbeef
deadbeef
deadbeef
deadbeef
deadbeef
deadbeef
deadbeef
deadbeef
deadbeef
deadbeef
deadbeef
deadbeef
deadbeef
deadbeef
deadbeef
deadbeef
deadbeef
deadbeef
deadbeef
deadbeef
deadbeef
deadbeef
deadbeef
deadbeef
deadbeef
deadbeef
deadbeef
deadbeef
deadbeef
deadbeef
deadbeef
deadbeef
deadbeef
deadbeef
deadbeef
deadbeef
deadbeef
deadbeef
deadbeef
deadbeef
deadbeef
deadbeef
deadbeef
deadbeef
deadbeef
deadbeef
deadbeef
deadbeef
deadbeef
deadbeef
deadbeef
deadbeef
deadbeef
deadbeef
deadbeef
deadbeef
deadbeef
deadbeef
deadbeef
deadbeef
deadbeef
deadbeef
deadbeef
deadbeef
deadbeef
deadbeef
deadbeef
deadbeef
deadbeef
deadbeef
deadbeef
deadbeef
deadbeef
deadbeef
deadbeef
deadbeef
deadbeef
deadbeef
deadbeef
deadbeef
deadbeef
deadbeef
deadbeef
deadbeef
deadbeef
deadbeef
deadbeef
deadbeef
deadbeef
deadbeef
deadbeef
deadbeef
deadbeef
deadbeef
deadbeef
deadbeef
deadbeef
deadbeef
deadbeef
deadbeef
deadbeef
deadbeef
deadbeef
deadbeef
deadbeef
deadbeef
deadbeef
deadbeef
deadbeef
deadbeef
deadbeef
deadbeef
deadbeef
deadbeef
deadbeef
deadbeef
deadbeef
deadbeef
deadbeef
deadbeef
deadbeef
deadbeef
deadbeef
deadbeef
deadbeef
deadbeef
deadbeef
deadbeef
deadbeef
deadbeef
deadbeef
deadbeef
deadbeef
deadbeef
deadbeef
deadbeef
deadbeef
deadbeef
deadbeef
deadbeef
deadbeef
deadbeef
deadbeef
deadbeef
deadbeef
deadbeef
deadbeef
deadbeef
deadbeef
deadbeef
deadbeef
deadbeef
deadbeef
deadbeef
deadbeef
deadbeef
deadbeef
deadbeef
deadbeef
deadbeef
deadbeef
deadbeef
deadbeef
deadbeef
deadbeef
deadbeef
deadbeef
deadbeef
deadbeef
deadbeef
deadbeef
deadbeef
deadbeef
deadbeef
deadbeef
deadbeef
deadbeef
deadbeef
deadbeef
deadbeef
deadbeef
deadbeef
deadbeef
deadbeef
deadbeef
deadbeef
deadbeef
deadbeef
deadbeef
deadbeef
deadbeef
deadbeef
deadbeef
deadbeef
deadbeef
deadbeef
deadbeef
deadbeef
deadbeef
deadbeef
deadbeef
deadbeef
deadbeef
deadbeef
deadbeef
deadbeef
deadbeef
deadbeef
deadbeef
deadbeef
deadbeef
deadbeef
deadbeef
deadbeef
deadbeef
deadbeef
deadbeef
deadbeef
deadbeef
deadbeef
deadbeef
deadbeef
deadbeef
deadbeef
deadbeef
deadbeef
deadbeef
deadbeef
deadbeef
deadbeef
deadbeef
deadbeef
deadbeef
deadbeef
deadbeef
deadbeef
deadbeef
deadbeef
deadbeef
deadbeef
deadbeef
deadbeef
deadbeef
deadbeef
deadbeef
deadbeef
deadbeef
deadbeef
deadbeef
deadbeef
deadbeef
deadbeef
deadbeef
deadbeef
deadbeef
deadbeef
deadbeef
deadbeef
deadbeef
deadbeef
deadbeef
deadbeef
deadbeef
deadbeef
deadbeef
deadbeef
deadbeef
deadbeef
deadbeef
deadbeef
deadbeef
deadbeef
deadbeef
deadbeef
deadbeef
deadbeef
deadbeef
deadbeef
deadbeef
deadbeef
deadbeef
deadbeef
deadbeef
deadbeef
deadbeef
deadbeef
deadbeef
deadbeef
deadbeef
deadbeef
deadbeef
deadbeef
deadbeef
deadbeef
deadbeef
deadbeef
deadbeef
deadbeef
deadbeef
deadbeef
deadbeef
deadbeef
deadbeef
deadbeef
deadbeef
deadbeef
deadbeef
deadbeef
deadbeef
deadbeef
deadbeef
deadbeef
deadbeef
deadbeef
deadbeef
deadbeef
deadbeef
deadbeef
deadbeef
deadbeef
deadbeef
deadbeef
deadbeef
deadbeef
deadbeef
deadbeef
deadbeef
deadbeef
deadbeef
deadbeef
deadbeef
deadbeef
deadbeef
deadbeef
deadbeef
deadbeef
deadbeef
deadbeef
deadbeef
deadbeef
deadbeef
deadbeef
deadbeef
deadbeef
deadbeef
deadbeef
deadbeef
deadbeef
deadbeef
deadbeef
deadbeef
deadbeef
deadbeef
deadbeef
deadbeef
deadbeef
deadbeef
deadbeef
deadbeef
deadbeef
deadbeef
deadbeef
deadbeef
deadbeef
deadbeef
deadbeef
deadbeef
deadbeef
deadbeef
deadbeef
deadbeef
deadbeef
deadbeef
deadbeef
deadbeef
deadbeef
deadbeef
deadbeef
deadbeef
deadbeef
deadbeef
deadbeef
deadbeef
deadbeef
deadbeef
deadbeef
deadbeef
deadbeef
deadbeef
deadbeef
deadbeef
deadbeef
deadbeef
deadbeef
deadbeef
deadbeef
deadbeef
deadbeef
deadbeef
deadbeef
deadbeef
deadbeef
deadbeef
deadbeef
deadbeef
deadbeef
deadbeef
deadbeef
deadbeef
deadbeef
deadbeef
deadbeef
deadbeef
deadbeef
deadbeef
deadbeef
deadbeef
deadbeef
deadbeef
deadbeef
deadbeef
deadbeef
deadbeef
deadbeef
deadbeef
deadbeef
deadbeef
deadbeef
deadbeef
deadbeef
deadbeef
deadbeef
deadbeef
deadbeef
deadbeef
deadbeef
deadbeef
deadbeef
deadbeef
deadbeef
deadbeef
deadbeef
deadbeef
deadbeef
deadbeef
deadbeef
deadbeef
deadbeef
deadbeef
deadbeef
deadbeef
deadbeef
deadbeef
deadbeef
deadbeef
deadbeef
deadbeef
deadbeef
deadbeef
deadbeef
deadbeef
deadbeef
deadbeef
deadbeef
deadbeef
deadbeef
deadbeef
deadbeef
deadbeef
deadbeef
deadbeef
deadbeef
deadbeef
deadbeef
deadbeef
deadbeef
deadbeef
deadbeef
deadbeef
deadbeef
deadbeef
deadbeef
deadbeef
deadbeef
deadbeef
deadbeef
deadbeef
deadbeef
deadbeef
deadbeef
deadbeef
deadbeef
deadbeef
deadbeef
deadbeef
deadbeef
deadbeef
deadbeef
deadbeef
deadbeef
deadbeef
deadbeef
deadbeef
deadbeef
deadbeef
deadbeef
deadbeef
deadbeef
deadbeef
deadbeef
deadbeef
deadbeef
deadbeef
deadbeef
deadbeef
deadbeef
deadbeef
deadbeef
deadbeef
deadbeef
deadbeef
deadbeef
deadbeef
deadbeef
deadbeef
deadbeef
deadbeef
deadbeef
deadbeef
deadbeef
deadbeef
deadbeef
deadbeef
deadbeef
deadbeef
deadbeef
deadbeef
deadbeef
deadbeef
deadbeef
deadbeef
deadbeef
deadbeef
deadbeef
deadbeef
deadbeef
deadbeef
deadbeef
deadbeef
deadbeef
deadbeef
deadbeef
deadbeef
deadbeef
deadbeef
deadbeef
deadbeef
deadbeef
deadbeef
deadbeef
deadbeef
deadbeef
deadbeef
deadbeef
deadbeef
deadbeef
deadbeef
deadbeef
deadbeef
deadbeef
deadbeef
deadbeef
deadbeef
deadbeef
deadbeef
deadbeef
deadbeef
deadbeef
deadbeef
deadbeef
deadbeef
deadbeef
deadbeef
deadbeef
deadbeef
deadbeef
deadbeef
deadbeef
deadbeef
deadbeef
deadbeef
deadbeef
deadbeef
deadbeef
deadbeef
deadbeef
deadbeef
deadbeef
deadbeef
deadbeef
deadbeef
deadbeef
deadbeef
deadbeef
deadbeef
deadbeef
deadbeef
deadbeef
deadbeef
deadbeef
deadbeef
deadbeef
deadbeef
deadbeef
deadbeef
deadbeef
deadbeef
deadbeef
deadbeef
deadbeef
deadbeef
deadbeef
deadbeef
deadbeef
deadbeef
deadbeef
deadbeef
deadbeef
deadbeef
deadbeef
deadbeef
deadbeef
deadbeef
deadbeef
deadbeef
deadbeef
deadbeef
deadbeef
deadbeef
deadbeef
deadbeef
deadbeef
deadbeef
deadbeef
deadbeef
deadbeef
deadbeef
deadbeef
deadbeef
deadbeef
deadbeef
deadbeef
deadbeef
deadbeef
deadbeef
deadbeef
deadbeef
deadbeef
deadbeef
deadbeef
deadbeef
deadbeef
deadbeef
deadbeef
deadbeef
deadbeef
deadbeef
deadbeef
deadbeef
deadbeef
deadbeef
deadbeef
deadbeef
deadbeef
deadbeef
deadbeef
deadbeef
deadbeef
deadbeef
deadbeef
deadbeef
deadbeef
deadbeef
deadbeef
deadbeef
deadbeef
deadbeef
deadbeef
deadbeef
deadbeef
deadbeef
deadbeef
deadbeef
deadbeef
deadbeef
deadbeef
deadbeef
deadbeef
deadbeef
deadbeef
deadbeef
deadbeef
deadbeef
deadbeef
deadbeef
deadbeef
deadbeef
deadbeef
deadbeef
deadbeef
deadbeef
deadbeef
deadbeef
deadbeef
deadbeef
deadbeef
deadbeef
deadbeef
deadbeef
deadbeef
deadbeef
deadbeef
deadbeef
deadbeef
deadbeef
deadbeef
deadbeef
deadbeef
deadbeef
deadbeef
deadbeef
deadbeef
deadbeef
deadbeef
deadbeef
deadbeef
deadbeef
deadbeef
deadbeef
deadbeef
deadbeef
deadbeef
deadbeef
deadbeef
deadbeef
deadbeef
deadbeef
deadbeef
deadbeef
deadbeef
deadbeef
deadbeef
deadbeef
deadbeef
deadbeef
deadbeef
deadbeef
deadbeef
deadbeef
deadbeef
deadbeef
deadbeef
deadbeef
deadbeef
deadbeef
deadbeef
deadbeef
deadbeef
deadbeef
deadbeef
deadbeef
deadbeef
deadbeef
deadbeef
deadbeef
deadbeef
deadbeef
deadbeef
deadbeef
deadbeef
deadbeef
deadbeef
deadbeef
deadbeef
deadbeef
deadbeef
deadbeef
deadbeef
deadbeef
deadbeef
deadbeef
deadbeef
deadbeef
deadbeef
deadbeef
deadbeef
deadbeef
deadbeef
deadbeef
deadbeef
deadbeef
deadbeef
deadbeef
deadbeef
deadbeef
deadbeef
deadbeef
deadbeef
deadbeef
deadbeef
deadbeef
deadbeef
deadbeef
deadbeef
deadbeef
deadbeef
deadbeef
deadbeef
deadbeef
deadbeef
deadbeef
deadbeef
deadbeef
deadbeef
deadbeef
deadbeef
deadbeef
deadbeef
deadbeef
deadbeef
deadbeef
deadbeef
deadbeef
deadbeef
deadbeef
deadbeef
deadbeef
deadbeef
deadbeef
deadbeef
deadbeef
deadbeef
deadbeef
deadbeef
deadbeef
deadbeef
deadbeef
deadbeef
deadbeef
deadbeef
deadbeef
deadbeef
deadbeef
deadbeef
deadbeef
deadbeef
deadbeef
deadbeef
deadbeef
deadbeef
deadbeef
deadbeef
deadbeef
deadbeef
deadbeef
deadbeef
deadbeef
deadbeef
deadbeef
deadbeef
deadbeef
deadbeef
deadbeef
deadbeef
deadbeef
deadbeef
deadbeef
deadbeef
deadbeef
deadbeef
deadbeef
deadbeef
deadbeef
deadbeef
deadbeef
deadbeef
deadbeef
deadbeef
deadbeef
deadbeef
deadbeef
deadbeef
deadbeef
deadbeef
deadbeef
deadbeef
deadbeef
deadbeef
deadbeef
deadbeef
deadbeef
deadbeef
deadbeef
deadbeef
deadbeef
deadbeef
deadbeef
deadbeef
deadbeef
deadbeef
deadbeef
deadbeef
deadbeef
deadbeef
deadbeef
deadbeef
deadbeef
deadbeef
deadbeef
deadbeef
deadbeef
deadbeef
deadbeef
deadbeef
deadbeef
deadbeef
deadbeef
deadbeef
deadbeef
deadbeef
deadbeef
deadbeef
deadbeef
deadbeef
deadbeef
deadbeef
deadbeef
deadbeef
deadbeef
deadbeef
deadbeef
deadbeef
deadbeef
deadbeef
deadbeef
deadbeef
deadbeef
deadbeef
deadbeef
deadbeef
deadbeef
deadbeef
deadbeef
deadbeef
deadbeef
deadbeef
deadbeef
deadbeef
deadbeef
deadbeef
deadbeef
deadbeef
deadbeef
deadbeef
deadbeef
deadbeef
deadbeef
deadbeef
deadbeef
deadbeef
deadbeef
deadbeef
deadbeef
deadbeef
deadbeef
deadbeef
deadbeef
deadbeef
deadbeef
deadbeef
deadbeef
deadbeef
deadbeef
deadbeef
deadbeef
deadbeef
deadbeef
deadbeef
deadbeef
deadbeef
deadbeef
deadbeef
deadbeef
deadbeef
deadbeef
deadbeef
deadbeef
deadbeef
deadbeef
deadbeef
deadbeef
deadbeef
deadbeef
deadbeef
deadbeef
deadbeef
deadbeef
deadbeef
deadbeef
deadbeef
deadbeef
deadbeef
deadbeef
deadbeef
deadbeef
deadbeef
deadbeef
deadbeef
deadbeef
deadbeef
deadbeef
deadbeef
deadbeef
deadbeef
deadbeef
deadbeef
deadbeef
deadbeef
deadbeef
deadbeef
6f5ca309
00000000
00000000
00000000
00000000
00000000
00000000
00000000
00000000
00000000
00000000
00000000
00000000
00000000
00000000
00000000
00000000
00000000
00000000
00000000
00000000
00000000
00000000
00000000
00000000
00000000
00000000
00000000
00000000
00000000
00000000
00000000
00000000
00000000
00000000
00000000
00000000
00000000
00000000
00000000
00000000
00000000
00000000
00000000
00000000
00000000
00000000
00000000
00000000
00000000
00000000
00000000
00000000
00000000
00000000
00000000
00000000
00000000
00000000
00000000
00000000
00000000
00000000
00000000
00000000
00000000
00000000
00000000
00000000
00000000
00000000
00000000
00000000
00000000
00000000
00000000
00000000
00000000
00000000
00000000
00000000
00000000
00000000
00000000
00000000
00000000
00000000
00000000
00000000
00000000
00000000
00000000
00000000
00000000
00000000
00000000
00000000
00000000
00000000
00000000
00000000
00000000
00000000
00000000
00000000
00000000
00000000
00000000
00000000
00000000
00000000
00000000
00000000
00000000
00000000
00000000
00000000
00000000
00000000
00000000
00000000
00000000
00000000
00000000
00000000
00000000
00000000
00000000
00000000
00000000
00000000
00000000
00000000
00000000
00000000
00000000
00000000
00000000
00000000
00000000
00000000
00000000
00000000
00000000
00000000
00000000
00000000
00000000
00000000
00000000
00000000
00000000
00000000
00000000
00000000
00000000
00000000
00000000
00000000
00000000
00000000
00000000
00000000
00000000
00000000
00000000
00000000
00000000
00000000
00000000
00000000
00000000
00000000
00000000
00000000
00000000
00000000
00000000
00000000
00000000
00000000
00000000
00000000
00000000
00000000
00000000
00000000
00000000
00000000
00000000
00000000
00000000
00000000
00000000
00000000
00000000
00000000
00000000
00000000
00000000
00000000
00000000
00000000
00000000
00000000
00000000
00000000
00000000
00000000
00000000
00000000
00000000
00000000
00000000
00000000
00000000
00000000
00000000
00000000
00000000
00000000
00000000
00000000
00000000
00000000
00000000
00000000
00000000
00000000
00000000
00000000
00000000
00000000
00000000
00000000
00000000
00000000
00000000
00000000
00000000
00000000
00000000
00000000
00000000
00000000
00000000
00000000
00000000
00000000
00000000
00000000
00000000
00000000
00000000
00000000
00000000
00000000
00000000
00000000
00000000
00000000
00000000
00000000
00000000
00000000
00000000
00000000
00000000
00000000
00000000
00000000
00000000
00000000
00000000
00000000
00000000
00000000
00000000
00000000
00000000
00000000
00000000
00000000
00000000
00000000
00000000
00000000
00000000
00000000
00000000
00000000
00000000
00000000
00000000
00000000
00000000
00000000
00000000
00000000
00000000
00000000
00000000
00000000
00000000
00000000
00000000
00000000
00000000
00000000
00000000
00000000
00000000
00000000
00000000
00000000
00000000
00000000
00000000
00000000
00000000
00000000
00000000
00000000
00000000
00000000
00000000
00000000
00000000
00000000
00000000
00000000
00000000
00000000
00000000
00000000
00000000
00000000
00000000
00000000
00000000
00000000
00000000
00000000
00000000
00000000
00000000
00000000
00000000
00000000
00000000
00000000
00000000
00000000
00000000
00000000
00000000
00000000
00000000
00000000
00000000
00000000
00000000
00000000
00000000
00000000
00000000
00000000
00000000
00000000
00000000
00000000
00000000
00000000
00000000
00000000
00000000
00000000
00000000
00000000
00000000
00000000
00000000
00000000
00000000
00000000
00000000
00000000
00000000
00000000
00000000
00000000
00000000
00000000
00000000
00000000
00000000
00000000
00000000
00000000
00000000
00000000
00000000
00000000
00000000
00000000
00000000
00000000
00000000
00000000
00000000
00000000
00000000
00000000
00000000
00000000
00000000
00000000
00000000
00000000
00000000
00000000
00000000
00000000
00000000
00000000
00000000
00000000
00000000
00000000
00000000
00000000
00000000
00000000
00000000
00000000
00000000
00000000
00000000
00000000
00000000
00000000
00000000
00000000
00000000
00000000
00000000
00000000
00000000
00000000
00000000
00000000
00000000
00000000
00000000
00000000
00000000
00000000
00000000
00000000
00000000
00000000
00000000
00000000
00000000
00000000
00000000
00000000
00000000
00000000
00000000
00000000
00000000
00000000
00000000
00000000
00000000
00000000
00000000
00000000
00000000
00000000
00000000
00000000
00000000
00000000
00000000
00000000
00000000
00000000
00000000
00000000
00000000
00000000
00000000
00000000
00000000
00000000
00000000
00000000
00000000
00000000
00000000
00000000
00000000
00000000
00000000
00000000
00000000
00000000
00000000
00000000
00000000
00000000
00000000
00000000
00000000
00000000
00000000
00000000
00000000
00000000
00000000
00000000
00000000
00000000
00000000
00000000
00000000
00000000
00000000
00000000
00000000
00000000
00000000
00000000
00000000
00000000
00000000
00000000
00000000
00000000
00000000
00000000
00000000
00000000
00000000
00000000
00000000
00000000
00000000
00000000
00000000
00000000
00000000
00000000
00000000
00000000
00000000
00000000
00000000
00000000
00000000
00000000
00000000
00000000
00000000
00000000
00000000
00000000
00000000
00000000
00000000
00000000
00000000
00000000
00000000
00000000
00000000
00000000
00000000
00000000
00000000
00000000
00000000
00000000
00000000
00000000
00000000
00000000
00000000
00000000
00000000
00000000
00000000
00000000
00000000
00000000
00000000
00000000
00000000
00000000
00000000
00000000
00000000
00000000
00000000
00000000
00000000
00000000
00000000
00000000
00000000
00000000
00000000
00000000
00000000
00000000
00000000
00000000
00000000
00000000
00000000
00000000
00000000
00000000
00000000
00000000
00000000
00000000
00000000
00000000
00000000
00000000
00000000
00000000
00000000
00000000
00000000
00000000
00000000
00000000
00000000
00000000
00000000
00000000
00000000
00000000
00000000
00000000
00000000
00000000
00000000
00000000
00000000
00000000
00000000
00000000
00000000
00000000
00000000
00000000
00000000
00000000
00000000
00000000
00000000
00000000
00000000
00000000
00000000
00000000
00000000
00000000
00000000
00000000
00000000
00000000
00000000
00000000
00000000
00000000
00000000
00000000
00000000
00000000
00000000
00000000
00000000
00000000
00000000
00000000
00000000
00000000
00000000
00000000
00000000
00000000
00000000
00000000
00000000
00000000
00000000
00000000
00000000
00000000
00000000
00000000
00000000
00000000
00000000
00000000
00000000
00000000
00000000
00000000
00000000
00000000
00000000
00000000
00000000
00000000
00000000
00000000
00000000
00000000
00000000
00000000
00000000
00000000
00000000
00000000
00000000
00000000
00000000
00000000
00000000
00000000
00000000
00000000
00000000
00000000
00000000
00000000
00000000
00000000
00000000
00000000
00000000
00000000
00000000
00000000
00000000
00000000
00000000
00000000
00000000
00000000
00000000
00000000
00000000
00000000
00000000
00000000
00000000
00000000
00000000
00000000
00000000
00000000
00000000
00000000
00000000
00000000
00000000
00000000
00000000
00000000
00000000
00000000
00000000
00000000
00000000
00000000
00000000
00000000
00000000
00000000
00000000
00000000
00000000
00000000
00000000
00000000
00000000
00000000
00000000
00000000
00000000
00000000
00000000
00000000
00000000
00000000
00000000
00000000
00000000
00000000
00000000
00000000
00000000
00000000
00000000
00000000
00000000
00000000
00000000
00000000
00000000
00000000
00000000
00000000
00000000
00000000
00000000
00000000
00000000
00000000
00000000
00000000
00000000
00000000
00000000
00000000
00000000
00000000
00000000
00000000
00000000
00000000
00000000
00000000
00000000
00000000
00000000
00000000
00000000
00000000
00000000
00000000
00000000
00000000
00000000
00000000
00000000
00000000
00000000
00000000
00000000
00000000
00000000
00000000
00000000
00000000
00000000
00000000
00000000
00000000
00000000
00000000
00000000
00000000
00000000
00000000
00000000
00000000
00000000
00000000
00000000
00000000
00000000
00000000
00000000
00000000
00000000
00000000
00000000
00000000
00000000
00000000
00000000
00000000
00000000
00000000
00000000
00000000
00000000
00000000
00000000
00000000
00000000
00000000
00000000
00000000
00000000
00000000
00000000
00000000
00000000
00000000
00000000
00000000
00000000
00000000
00000000
00000000
00000000
00000000
00000000
00000000
00000000
00000000
00000000
00000000
00000000
00000000
00000000
00000000
00000000
00000000
00000000
00000000
00000000
00000000
00000000
00000000
00000000
00000000
00000000
00000000
00000000
00000000
00000000
00000000
00000000
00000000
00000000
00000000
00000000
00000000
00000000
00000000
00000000
00000000
00000000
00000000
00000000
00000000
00000000
00000000
00000000
00000000
00000000
00000000
00000000
00000000
00000000
00000000
00000000
00000000
00000000
00000000
00000000
00000000
00000000
00000000
00000000
00000000
00000000
00000000
00000000
00000000
00000000
00000000
00000000
00000000
00000000
00000000
00000000
00000000
00000000
00000000
00000000
00000000
00000000
00000000
00000000
00000000
00000000
00000000
00000000
00000000
00000000
00000000
00000000
00000000
00000000
00000000
00000000
00000000
00000000
00000000
00000000
00000000
00000000
00000000
00000000
00000000
00000000
00000000
00000000
00000000
00000000
00000000
00000000
00800393
15000537
02450513
00752023
bcde306f
fff00513
020043b7
00a3a023
00a3a223
bb9e306f
000013b7
80038393
15000537
02450513
00752023
ba1e306f
00200393
3443b073
b95e306f
b91e306f
20000413
34443073
34402473
00001337
80030313
00647433
00830263
b71e306f
cece306f
b69e306f
ce4e306f
b61e306f
cdce306f
b59e306f
30401073
34401073
34101073
34301073
34201073
00000013
fffe7317
07030313
00000013
00000013
00000013
00000013
00000013
00000013
34031473
24832823
fff00393
020044b7
0074a023
0074a223
00000013
00000393
22732c23
30502473
24832423
00347393
00106393
23032483
e2848493
0074e3b3
24732023
30539073
30502573
08750c63
30541073
04040663
24832023
ffc47393
1d838413
00030113
0003a583
00b32023
0004a503
00a3a023
0003a583
00a59a63
00438393
00430313
00448493
fc741ee3
00000013
34002373
22932823
04740463
00038413
00000013
00000013
00000013
00000013
00000013
00000013
00000013
fffe3597
3e058593
00000013
00000013
00000013
00000013
00000013
00000013
00058067
00000013
000022b7
80028293
30029073
31001073
32001073
32301073
32401073
32501073
32601073
32701073
32801073
32901073
32a01073
32b01073
32c01073
32d01073
32e01073
32f01073
33001073
33101073
33201073
33301073
33401073
33501073
33601073
33701073
33801073
33901073
33a01073
33b01073
33c01073
33d01073
33e01073
33f01073
feedc0b7
ead08093
01909793
0070d113
00f16133
01911793
00715193
00f1e1b3
01919793
0071d213
00f26233
01921793
00725293
00f2e2b3
01929793
0072d313
00f36333
01931793
00735393
00f3e3b3
01939793
0073d413
00f46433
01941793
00745493
00f4e4b3
01949793
0074d513
00f56533
01951793
00755593
00f5e5b3
01959793
0075d613
00f66633
01961793
00765693
00f6e6b3
01969793
0076d713
00f76733
fab807b7
bb678793
7d5c0837
ddb80813
01981793
00785893
00f8e8b3
01989793
0078d913
00f96933
01991793
00795993
00f9e9b3
01999793
0079da13
00fa6a33
019a1793
007a5a93
00faeab3
019a9793
007adb13
00fb6b33
019b1793
007b5b93
00fbebb3
019b9793
007bdc13
00fc6c33
019c1793
007c5c93
00fcecb3
019c9793
007cdd13
00fd6d33
019d1793
007d5d93
00fdedb3
019d9793
007dde13
00fe6e33
019e1793
007e5e93
00feeeb3
019e9793
007edf13
00ff6f33
019f1793
007f5f93
00ffefb3
00000013
00000013
ffff0117
bb010113
00000013
00000013
00000013
00000013
00000013
00000013
6f5ca337
30930313
00012203
00620863
b09e32ef
000253c0
000144ca
00410113
fffe7197
fd018193
00000013
00000013
00000013
00000013
00000013
00000013
fffdf317
d0030313
00000013
00000013
00000013
00000013
00000013
00000013
00030067
00054303
00030a63
100003b7
0063a023
00150513
fedff06f
00008067
075bd0b7
d1508093
200002b7
0012a023
0002a223
0000006f
0000006f
00100093
200002b7
0012a023
0002a223
0000006f
0000006f
800003b7
00838393
15000537
02450513
00752023
00008067
00800393
15000537
02450513
00752023
00008067
800013b7
80038393
15000537
02450513
00752023
00008067
000013b7
80038393
15000537
02450513
00752023
00008067
00000013
00000013
00000013
00000013
